{"type": "FeatureCollection", "features": [{"type": "Feature", "properties": {"id": "waikato", "name": "Waikato", "country": "New Zealand"}, "geometry": {"type": "Polygon", "coordinates": [[[176.5292, -38.4542], [176.5422, -38.4637], [176.5355, -38.4703], [176.52, -38.4826], [176.5042, -38.4792], [176.4991, -38.4952], [176.4619, -38.5116], [176.4782, -38.5329], [176.4381, -38.5728], [176.4369, -38.599], [176.405, -38.6134], [176.4078, -38.6314], [176.399, -38.6454], [176.3309, -38.6879], [176.3246, -38.6941], [176.3292, -38.7083], [176.2799, -38.7301], [176.287, -38.7604], [176.2786, -38.7759], [176.287, -38.7854], [176.2542, -38.8417], [176.2708, -38.875], [176.261, -38.8917], [176.2467, -38.8925], [176.2422, -38.902], [176.2465, -38.9449], [176.2544, -38.947], [176.2366, -38.97], [176.2176, -38.9757], [176.2125, -38.9917], [176.1978, -38.9922], [176.18, -39.005], [176.17, -39.0241], [176.1466, -39.0384], [176.1509, -39.0535], [176.1741, -39.059], [176.1797, -39.0716], [176.175, -39.0792], [176.1659, -39.0744], [176.1145, -39.0922], [176.0929, -39.1085], [176.095, -39.1241], [176.0833, -39.1292], [176.0542, -39.125], [176.059, -39.112], [176.0298, -39.0992], [176.0292, -39.0833], [176.0134, -39.0882], [175.9833, -39.125], [175.9741, -39.1533], [175.9625, -39.1583], [175.965, -39.1751], [175.9522, -39.1869], [175.927, -39.1881], [175.8924, -39.205], [175.891, -39.2282], [175.8535, -39.2472], [175.8657, -39.2621], [175.8299, -39.28], [175.8333, -39.3042], [175.7691, -39.2913], [175.725, -39.3083], [175.7191, -39.3004], [175.6851, -39.2996], [175.6608, -39.2837], [175.5792, -39.2667], [175.5869, -39.2564], [175.5786, -39.2326], [175.5881, -39.2103], [175.5967, -39.1965], [175.6074, -39.1951], [175.625, -39.1583], [175.6413, -39.1525], [175.6417, -39.1208], [175.6173, -39.0907], [175.6161, -39.0637], [175.6243, -39.0616], [175.655, -39.0009], [175.6855, -38.9869], [175.6917, -38.975], [175.6604, -38.9829], [175.6199, -38.9703], [175.598, -38.9911], [175.5429, -38.9922], [175.5786, -38.9105], [175.55, -38.8625], [175.575, -38.825], [175.5667, -38.8167], [175.5667, -38.7875], [175.5417, -38.7917], [175.5417, -38.7792], [175.5167, -38.7458], [175.5744, -38.6855], [175.575, -38.65], [175.5949, -38.641], [175.6288, -38.5983], [175.6366, -38.5506], [175.6208, -38.55], [175.5958, -38.5042], [175.5424, -38.4784], [175.5417, -38.4708], [175.5228, -38.4714], [175.5076, -38.4839], [175.4642, -38.4795], [175.4375, -38.4958], [175.423, -38.484], [175.373, -38.4756], [175.337, -38.484], [175.3145, -38.4744], [175.274, -38.4299], [175.2591, -38.4284], [175.2575, -38.4175], [175.2396, -38.4089], [175.2271, -38.4161], [175.2032, -38.4007], [175.1865, -38.4046], [175.1551, -38.3953], [175.0958, -38.4042], [175.0774, -38.3837], [175.0354, -38.375], [175.0146, -38.375], [175.0042, -38.3833], [175.0, -38.3583], [175.0083, -38.3458], [174.9958, -38.3417], [174.9962, -38.3309], [175.0121, -38.2941], [175.0167, -38.2542], [174.9958, -38.2208], [175.0215, -38.2037], [175.0077, -38.1704], [175.0243, -38.1617], [175.0292, -38.1208], [175.0536, -38.0689], [175.0504, -38.0517], [175.0717, -38.0134], [175.0875, -38.0083], [175.0917, -37.9958], [175.0759, -37.9952], [175.0704, -37.9843], [175.0426, -37.9786], [175.0375, -37.9708], [175.0589, -37.8978], [175.0682, -37.8875], [175.0757, -37.8922], [175.0868, -37.8866], [175.0953, -37.8647], [175.0958, -37.8542], [175.0625, -37.8193], [175.0625, -37.8042], [175.0551, -37.8035], [175.0464, -37.7855], [175.0458, -37.7667], [175.0589, -37.7493], [175.0414, -37.7222], [175.0589, -37.7076], [175.05, -37.675], [175.075, -37.6417], [175.0478, -37.6244], [175.0149, -37.5879], [174.9892, -37.592], [174.9458, -37.6208], [174.9413, -37.6093], [174.9064, -37.5839], [174.897, -37.5828], [174.8833, -37.5958], [174.8605, -37.5756], [174.8244, -37.5696], [174.8615, -37.5577], [174.8744, -37.5439], [174.8839, -37.5132], [174.8671, -37.4979], [174.875, -37.4891], [174.8506, -37.4741], [174.8492, -37.4259], [174.8271, -37.4329], [174.8147, -37.4255], [174.7937, -37.4288], [174.7712, -37.3983], [174.7767, -37.3837], [174.7983, -37.3788], [174.8042, -37.3667], [174.7708, -37.3458], [174.7661, -37.3328], [174.7714, -37.32], [174.7581, -37.3054], [174.7825, -37.2951], [174.7839, -37.287], [174.7676, -37.2421], [174.8324, -37.2244], [174.8451, -37.2119], [174.8917, -37.2292], [174.892, -37.21], [174.9066, -37.1996], [174.9316, -37.2038], [174.9396, -37.1958], [174.9521, -37.2042], [174.9601, -37.1962], [175.0274, -37.1955], [175.0577, -37.1783], [175.0677, -37.1548], [175.1029, -37.1584], [175.1171, -37.1452], [175.1532, -37.1548], [175.141, -37.0663], [175.1592, -37.0217], [175.1762, -37.0422], [175.2208, -37.0375], [175.2396, -37.025], [175.2496, -37.0351], [175.2494, -37.0615], [175.2206, -37.0905], [175.2297, -37.0929], [175.2256, -37.1147], [175.2411, -37.1353], [175.2634, -37.1991], [175.3256, -37.2535], [175.3242, -37.2701], [175.3052, -37.2716], [175.2994, -37.283], [175.3036, -37.2896], [175.2924, -37.32], [175.345, -37.3257], [175.3634, -37.3616], [175.3825, -37.3717], [175.375, -37.3917], [175.3958, -37.4208], [175.4114, -37.4164], [175.427, -37.4411], [175.4708, -37.4625], [175.4673, -37.5199], [175.4756, -37.522], [175.4591, -37.5659], [175.4785, -37.5812], [175.4798, -37.6075], [175.4909, -37.6091], [175.5125, -37.6417], [175.4868, -37.6369], [175.4548, -37.6551], [175.4535, -37.6741], [175.424, -37.6994], [175.409, -37.7009], [175.4042, -37.7125], [175.401, -37.7332], [175.4211, -37.7384], [175.4173, -37.7437], [175.4369, -37.7687], [175.4466, -37.799], [175.4657, -37.805], [175.4747, -37.8173], [175.5373, -37.7868], [175.5586, -37.7883], [175.5536, -37.8072], [175.5426, -37.8133], [175.5417, -37.8375], [175.5814, -37.8286], [175.6034, -37.8134], [175.6246, -37.8601], [175.6203, -37.8926], [175.6301, -37.9199], [175.6659, -37.9216], [175.6675, -37.933], [175.6952, -37.9478], [175.6966, -37.9617], [175.7333, -37.9833], [175.734, -38.0366], [175.7451, -38.0465], [175.7579, -38.041], [175.7744, -38.0467], [175.791, -38.0645], [175.7924, -38.0825], [175.8125, -38.0917], [175.8125, -38.1083], [175.8354, -38.1244], [175.8998, -38.1285], [175.9368, -38.1427], [175.9383, -38.1618], [176.0271, -38.1673], [176.05, -38.1875], [176.0604, -38.1833], [176.0851, -38.1996], [176.1066, -38.192], [176.1229, -38.2036], [176.1451, -38.1869], [176.1742, -38.1882], [176.1847, -38.2048], [176.2076, -38.2008], [176.2091, -38.22], [176.2187, -38.2285], [176.2483, -38.2295], [176.2733, -38.2504], [176.3042, -38.2417], [176.3409, -38.2549], [176.3423, -38.274], [176.3785, -38.2937], [176.384, -38.32], [176.4105, -38.3244], [176.4264, -38.3077], [176.4493, -38.3135], [176.4583, -38.35], [176.4708, -38.3542], [176.5054, -38.3964], [176.528, -38.3914], [176.5422, -38.4076], [176.5325, -38.4366], [176.5247, -38.4386], [176.5292, -38.4542]]]}}, {"type": "Feature", "properties": {"id": "clutha", "name": "Clutha", "country": "New Zealand"}, "geometry": {"type": "Polygon", "coordinates": [[[168.3167, -45.3083], [168.3047, -45.2939], [168.3089, -45.2699], [168.2911, -45.2366], [168.2995, -45.2271], [168.2548, -45.199], [168.2535, -45.1801], [168.2424, -45.1741], [168.2329, -45.151], [168.2208, -45.1458], [168.2449, -45.1243], [168.2635, -45.0923], [168.2814, -45.0911], [168.2949, -45.0785], [168.2955, -45.04], [168.3087, -45.0233], [168.3042, -45.0125], [168.2772, -45.0244], [168.2493, -45.0256], [168.1757, -44.9824], [168.1743, -44.9676], [168.1292, -44.9333], [168.1381, -44.9118], [168.1161, -44.8741], [168.1244, -44.8647], [168.1301, -44.8215], [168.17, -44.8116], [168.2042, -44.7458], [168.1792, -44.7417], [168.1703, -44.7118], [168.1911, -44.6855], [168.1875, -44.6458], [168.2042, -44.6417], [168.2045, -44.6226], [168.2371, -44.5774], [168.2379, -44.5434], [168.2517, -44.5254], [168.2976, -44.5004], [168.3375, -44.4917], [168.3858, -44.5004], [168.4358, -44.4913], [168.4649, -44.4955], [168.4936, -44.4672], [168.5311, -44.4506], [168.5618, -44.4453], [168.5826, -44.4547], [168.5978, -44.4381], [168.625, -44.4375], [168.6351, -44.417], [168.6574, -44.4119], [168.6645, -44.4006], [168.6868, -44.3911], [168.7292, -44.4083], [168.7292, -44.3875], [168.7813, -44.3827], [168.8118, -44.3617], [168.8175, -44.3383], [168.8284, -44.3367], [168.8299, -44.3216], [168.8458, -44.3083], [168.8413, -44.29], [168.8538, -44.2774], [168.8496, -44.24], [168.8583, -44.2292], [168.9066, -44.208], [168.9292, -44.2125], [168.9342, -44.2049], [168.9563, -44.2035], [168.9632, -44.1716], [168.974, -44.1701], [168.9798, -44.1579], [168.975, -44.1417], [169.0066, -44.1413], [169.0134, -44.1173], [169.048, -44.1161], [169.074, -44.1077], [169.0801, -44.0964], [169.1064, -44.0953], [169.1411, -44.0786], [169.1493, -44.08], [169.1551, -44.1035], [169.187, -44.1131], [169.2608, -44.108], [169.2788, -44.0941], [169.2929, -44.0578], [169.325, -44.0625], [169.3384, -44.0991], [169.3813, -44.1202], [169.4291, -44.0947], [169.4691, -44.0538], [169.5108, -44.058], [169.5351, -44.0337], [169.5772, -44.0328], [169.591, -44.0158], [169.5913, -43.9934], [169.5833, -43.9833], [169.5883, -43.9591], [169.623, -43.9548], [169.6326, -43.9631], [169.6787, -43.9535], [169.7, -43.9625], [169.7079, -43.9937], [169.7005, -44.0063], [169.7118, -44.0366], [169.6884, -44.0382], [169.6792, -44.0667], [169.6591, -44.0717], [169.6616, -44.091], [169.6382, -44.101], [169.6368, -44.1158], [169.6208, -44.1208], [169.6202, -44.1366], [169.6006, -44.152], [169.5992, -44.1617], [169.5882, -44.1633], [169.5413, -44.215], [169.5458, -44.225], [169.5741, -44.2384], [169.5792, -44.25], [169.5705, -44.2941], [169.5712, -44.3316], [169.5792, -44.3417], [169.5588, -44.3812], [169.566, -44.4073], [169.555, -44.4134], [169.5458, -44.45], [169.5733, -44.4629], [169.6108, -44.458], [169.6455, -44.4684], [169.65, -44.4917], [169.6382, -44.4967], [169.6369, -44.5113], [169.6586, -44.5345], [169.6417, -44.5625], [169.6466, -44.5951], [169.6688, -44.5965], [169.6833, -44.6083], [169.7116, -44.5994], [169.7173, -44.576], [169.7333, -44.5667], [169.7587, -44.6108], [169.7542, -44.6417], [169.7604, -44.6375], [169.8354, -44.675], [169.8816, -44.6455], [169.9292, -44.65], [169.9705, -44.7184], [169.9712, -44.7358], [169.9955, -44.7851], [170.0006, -44.8272], [170.0395, -44.8744], [170.0615, -44.8756], [170.0829, -44.9104], [170.0799, -44.9241], [170.0917, -44.9333], [170.073, -44.9536], [170.0509, -44.959], [170.0325, -44.9866], [169.998, -45.0036], [169.9771, -45.0005], [169.9509, -45.009], [169.8674, -45.0968], [169.8577, -45.1282], [169.8422, -45.1395], [169.825, -45.1708], [169.8667, -45.1917], [169.8493, -45.2824], [169.8074, -45.3328], [169.7884, -45.3424], [169.7824, -45.3576], [169.7561, -45.3631], [169.7309, -45.3795], [169.6458, -45.45], [169.6536, -45.4603], [169.6506, -45.4813], [169.666, -45.4979], [169.6673, -45.5271], [169.6827, -45.5437], [169.6925, -45.5794], [169.7048, -45.577], [169.695, -45.6326], [169.676, -45.634], [169.6575, -45.6577], [169.6417, -45.6583], [169.6462, -45.6733], [169.6742, -45.6841], [169.6801, -45.7032], [169.6917, -45.7083], [169.6629, -45.7434], [169.6542, -45.7958], [169.6913, -45.8093], [169.6965, -45.8282], [169.7259, -45.8533], [169.7743, -45.8369], [169.8189, -45.8422], [169.8619, -45.8634], [169.8717, -45.8785], [169.8991, -45.884], [169.9167, -45.9042], [169.9116, -45.9451], [169.8884, -45.9507], [169.873, -45.9786], [169.8509, -45.9798], [169.841, -46.0032], [169.775, -46.05], [169.77, -46.07], [169.7379, -46.0892], [169.7465, -46.1037], [169.7451, -46.1242], [169.7343, -46.1258], [169.7285, -46.137], [169.7428, -46.1747], [169.7659, -46.1926], [169.7715, -46.2079], [169.7673, -46.274], [169.8119, -46.302], [169.8125, -46.3458], [169.7979, -46.3458], [169.7494, -46.3009], [169.7074, -46.2828], [169.6478, -46.3047], [169.628, -46.3253], [169.5563, -46.3042], [169.515, -46.3212], [169.4583, -46.2958], [169.4535, -46.3158], [169.4103, -46.3131], [169.3833, -46.3417], [169.3108, -46.3087], [169.2988, -46.3214], [169.2434, -46.3163], [169.2191, -46.292], [169.1892, -46.2913], [169.1726, -46.283], [169.1667, -46.2583], [169.0993, -46.2631], [169.0718, -46.2534], [169.0797, -46.2243], [169.0507, -46.1991], [169.0417, -46.1792], [169.0688, -46.1744], [169.0878, -46.1535], [169.1116, -46.159], [169.1132, -46.1427], [169.1573, -46.1243], [169.1631, -46.083], [169.1583, -46.05], [169.1062, -46.0327], [169.0715, -45.995], [169.0702, -45.9784], [169.0991, -45.958], [169.1048, -45.9409], [169.0827, -45.9177], [169.1035, -45.9115], [169.0996, -45.8726], [169.0604, -45.8458], [169.0042, -45.8542], [169.0212, -45.8262], [169.0009, -45.8201], [168.9921, -45.8062], [169.0079, -45.7771], [169.0, -45.7667], [169.0047, -45.7407], [168.9955, -45.7303], [169.0035, -45.7283], [169.0256, -45.6603], [169.0575, -45.645], [169.0757, -45.6009], [169.0996, -45.5816], [169.1087, -45.5476], [169.133, -45.5191], [169.1468, -45.4506], [169.1743, -45.4369], [169.2042, -45.4458], [169.1996, -45.4358], [169.2125, -45.4083], [169.155, -45.3616], [169.1449, -45.3381], [169.127, -45.3369], [169.1009, -45.32], [169.075, -45.2667], [169.059, -45.2676], [169.0542, -45.2833], [169.0175, -45.3009], [169.0083, -45.3167], [168.9675, -45.3467], [168.9042, -45.4542], [168.8792, -45.4667], [168.8591, -45.4575], [168.8576, -45.4341], [168.825, -45.4375], [168.8105, -45.4297], [168.7792, -45.4292], [168.7671, -45.4021], [168.7746, -45.3896], [168.7741, -45.3633], [168.752, -45.3631], [168.7345, -45.3753], [168.7208, -45.3542], [168.6926, -45.3451], [168.6869, -45.3324], [168.6995, -45.3104], [168.675, -45.2417], [168.6478, -45.2464], [168.6064, -45.2786], [168.5676, -45.284], [168.5578, -45.2991], [168.5284, -45.3172], [168.4958, -45.3042], [168.4866, -45.3201], [168.473, -45.3244], [168.4615, -45.3256], [168.4409, -45.3078], [168.3983, -45.3254], [168.3858, -45.3129], [168.3642, -45.3121], [168.3542, -45.3], [168.3167, -45.3083]]]}}, {"type": "Feature", "properties": {"id": "waitaki", "name": "Waitaki", "country": "New Zealand"}, "geometry": {"type": "Polygon", "coordinates": [[[170.4, -43.4958], [170.427, -43.4631], [170.449, -43.4619], [170.477, -43.4339], [170.5157, -43.4285], [170.527, -43.4131], [170.5451, -43.4214], [170.578, -43.4164], [170.5907, -43.4339], [170.6167, -43.4292], [170.616, -43.4408], [170.5869, -43.4637], [170.5882, -43.4741], [170.6243, -43.4883], [170.6428, -43.5291], [170.6646, -43.5453], [170.6813, -43.5423], [170.6995, -43.5548], [170.712, -43.5494], [170.7285, -43.555], [170.7292, -43.5667], [170.7171, -43.5771], [170.7369, -43.602], [170.7369, -43.6189], [170.709, -43.6467], [170.7036, -43.6659], [170.7086, -43.6739], [170.6964, -43.6811], [170.6996, -43.7024], [170.6879, -43.7142], [170.688, -43.7438], [170.7116, -43.7672], [170.7381, -43.7637], [170.7369, -43.7772], [170.7167, -43.8125], [170.667, -43.8434], [170.6786, -43.8561], [170.6829, -43.8771], [170.6583, -43.9042], [170.6583, -43.9333], [170.6375, -43.9521], [170.642, -43.9725], [170.6333, -43.9833], [170.6422, -43.9909], [170.6411, -44.0314], [170.6368, -44.0449], [170.5994, -44.074], [170.6047, -44.0993], [170.5953, -44.1199], [170.6075, -44.1257], [170.6048, -44.1491], [170.6125, -44.1542], [170.5994, -44.1701], [170.609, -44.2033], [170.6172, -44.2054], [170.6161, -44.2397], [170.6083, -44.25], [170.6125, -44.2625], [170.6491, -44.2631], [170.6551, -44.2785], [170.6875, -44.3042], [170.6924, -44.3241], [170.7288, -44.3684], [170.7375, -44.3958], [170.7708, -44.4417], [170.766, -44.4616], [170.7464, -44.477], [170.7411, -44.4909], [170.7423, -44.5032], [170.7535, -44.5092], [170.7547, -44.523], [170.7672, -44.5365], [170.75, -44.5667], [170.7661, -44.5811], [170.7667, -44.5958], [170.7476, -44.5962], [170.734, -44.6103], [170.7285, -44.6245], [170.7381, -44.6412], [170.7381, -44.6704], [170.7244, -44.6912], [170.7337, -44.7032], [170.7089, -44.7092], [170.6962, -44.74], [170.7395, -44.7744], [170.7949, -44.7798], [170.8054, -44.7964], [170.8243, -44.7911], [170.8657, -44.8089], [170.8784, -44.8036], [170.8966, -44.8242], [170.9204, -44.834], [170.9409, -44.8244], [170.9701, -44.834], [170.995, -44.8299], [171.002, -44.8535], [171.049, -44.8674], [171.0514, -44.8756], [171.0708, -44.8708], [171.0978, -44.8994], [171.1115, -44.9007], [171.1368, -44.9217], [171.1458, -44.9458], [171.1347, -44.941], [171.1119, -44.97], [171.0954, -44.966], [171.08, -44.9753], [171.0784, -44.9868], [171.0517, -44.9913], [171.0275, -44.9629], [170.9809, -44.9496], [170.9667, -44.9333], [170.8983, -44.9288], [170.8608, -44.942], [170.8189, -44.9297], [170.7326, -44.9381], [170.7054, -44.9328], [170.7033, -44.941], [170.6881, -44.9468], [170.6875, -44.9583], [170.7047, -44.97], [170.7033, -44.9827], [170.6686, -44.9839], [170.6257, -45.0047], [170.6051, -45.0007], [170.5917, -45.025], [170.5145, -45.0131], [170.4824, -45.0452], [170.4646, -45.0421], [170.4454, -45.0657], [170.3884, -45.0785], [170.3575, -45.0216], [170.35, -45.0208], [170.3504, -44.9892], [170.3708, -44.9688], [170.3708, -44.9458], [170.35, -44.9318], [170.3547, -44.9118], [170.3496, -44.9051], [170.3228, -44.9006], [170.3033, -44.9158], [170.2816, -44.9121], [170.1733, -44.9413], [170.1275, -44.9371], [170.115, -44.9462], [170.0917, -44.9333], [170.0799, -44.9241], [170.0829, -44.9104], [170.0615, -44.8756], [170.0395, -44.8744], [170.0006, -44.8272], [169.9955, -44.7851], [169.9712, -44.7358], [169.9705, -44.7184], [169.9292, -44.65], [169.8816, -44.6455], [169.8354, -44.675], [169.7604, -44.6375], [169.7542, -44.6417], [169.7587, -44.6108], [169.7333, -44.5667], [169.7173, -44.576], [169.7116, -44.5994], [169.6833, -44.6083], [169.6688, -44.5965], [169.6466, -44.5951], [169.6417, -44.5625], [169.6586, -44.5345], [169.6369, -44.5113], [169.6382, -44.4967], [169.65, -44.4917], [169.6455, -44.4684], [169.6108, -44.458], [169.5733, -44.4629], [169.5458, -44.45], [169.555, -44.4134], [169.566, -44.4073], [169.5588, -44.3812], [169.5792, -44.3417], [169.5705, -44.315], [169.5792, -44.25], [169.5741, -44.2384], [169.5458, -44.225], [169.5413, -44.215], [169.5882, -44.1633], [169.5992, -44.1617], [169.6006, -44.152], [169.6202, -44.1366], [169.6208, -44.1208], [169.6368, -44.1158], [169.6382, -44.101], [169.6616, -44.091], [169.6591, -44.0717], [169.6792, -44.0667], [169.6884, -44.0382], [169.7118, -44.0366], [169.7005, -44.0063], [169.7079, -43.9937], [169.7, -43.9625], [169.7204, -43.9574], [169.7467, -43.9298], [169.7583, -43.9292], [169.7671, -43.901], [169.7949, -43.891], [169.8103, -43.8714], [169.841, -43.8616], [169.8423, -43.8467], [169.8615, -43.8328], [169.8905, -43.8378], [169.8965, -43.8176], [169.9324, -43.7993], [169.9384, -43.7881], [169.9708, -43.7875], [169.9712, -43.7726], [169.983, -43.7608], [169.9792, -43.7479], [170.0288, -43.7233], [170.0246, -43.6941], [170.0333, -43.6833], [170.0691, -43.6746], [170.0913, -43.6566], [170.0996, -43.6441], [170.0958, -43.6], [170.1059, -43.592], [170.1417, -43.5917], [170.152, -43.5672], [170.1996, -43.549], [170.2125, -43.5292], [170.2434, -43.5087], [170.2688, -43.5125], [170.3149, -43.4955], [170.325, -43.4833], [170.3342, -43.4993], [170.352, -43.5078], [170.4, -43.4958]]]}}, {"type": "Feature", "properties": {"id": "manawatu", "name": "Manawatu", "country": "New Zealand"}, "geometry": {"type": "Polygon", "coordinates": [[[175.325, -40.4375], [175.3343, -40.4257], [175.3617, -40.4243], [175.3547, -40.3979], [175.367, -40.3691], [175.3504, -40.3524], [175.35, -40.275], [175.3618, -40.266], [175.3772, -40.2673], [175.4284, -40.2881], [175.4448, -40.2868], [175.4701, -40.2657], [175.4716, -40.255], [175.4911, -40.2439], [175.4785, -40.1884], [175.4672, -40.1772], [175.4712, -40.1475], [175.4775, -40.1413], [175.5191, -40.1413], [175.5441, -40.1288], [175.5875, -40.1292], [175.5879, -40.1142], [175.6049, -40.0884], [175.6603, -40.0422], [175.7, -40.0208], [175.7092, -40.0009], [175.7535, -39.9824], [175.7839, -39.9311], [175.8243, -39.9074], [175.8256, -39.8936], [175.8476, -39.867], [175.8814, -39.8672], [175.8978, -39.8869], [175.9208, -39.8958], [175.9821, -39.8828], [175.9974, -39.9041], [176.0533, -39.8993], [176.0659, -39.8744], [176.0991, -39.8798], [176.1172, -39.9012], [176.1078, -39.9157], [176.1163, -39.9649], [176.092, -40.0017], [176.1062, -40.025], [176.137, -40.0077], [176.1427, -40.016], [176.2063, -40.0173], [176.2577, -40.0425], [176.2826, -40.0715], [176.2986, -40.0667], [176.3201, -40.0885], [176.3218, -40.1006], [176.337, -40.0952], [176.3508, -40.116], [176.3708, -40.1167], [176.3375, -40.1625], [176.3383, -40.1743], [176.3659, -40.1757], [176.38, -40.1992], [176.3875, -40.2], [176.3789, -40.2366], [176.3875, -40.2375], [176.3868, -40.2449], [176.3744, -40.2534], [176.3785, -40.2741], [176.3672, -40.2853], [176.3658, -40.3159], [176.3429, -40.3078], [176.336, -40.3334], [176.3021, -40.3213], [176.2701, -40.3203], [176.2353, -40.3297], [176.2083, -40.375], [176.1853, -40.3797], [176.134, -40.4259], [176.1208, -40.4583], [176.0833, -40.5125], [176.0591, -40.5342], [176.062, -40.5479], [176.0426, -40.559], [176.0467, -40.5743], [176.0741, -40.5882], [176.0798, -40.6158], [176.1006, -40.6262], [176.0994, -40.648], [176.0879, -40.66], [176.0875, -40.7125], [176.0449, -40.7119], [176.0208, -40.7333], [176.0104, -40.7167], [175.9772, -40.7369], [175.9468, -40.7424], [175.9413, -40.7533], [175.9262, -40.7499], [175.9199, -40.7659], [175.8758, -40.7838], [175.8674, -40.7825], [175.8617, -40.7632], [175.8495, -40.7619], [175.8083, -40.7833], [175.7937, -40.7756], [175.7842, -40.7838], [175.7661, -40.7574], [175.7794, -40.7386], [175.7715, -40.7366], [175.7708, -40.7083], [175.7507, -40.7158], [175.7453, -40.6936], [175.7326, -40.6869], [175.702, -40.6964], [175.6825, -40.7158], [175.655, -40.7259], [175.6281, -40.7534], [175.6139, -40.7548], [175.6084, -40.7429], [175.5896, -40.734], [175.5467, -40.7294], [175.5458, -40.7167], [175.5337, -40.7108], [175.5233, -40.6879], [175.5042, -40.6875], [175.4759, -40.7009], [175.4465, -40.7259], [175.4408, -40.745], [175.425, -40.7458], [175.408, -40.7108], [175.4417, -40.6375], [175.4246, -40.6095], [175.3991, -40.6078], [175.3728, -40.6172], [175.3496, -40.649], [175.325, -40.6583], [175.3246, -40.6434], [175.3045, -40.6191], [175.3083, -40.6062], [175.3, -40.5958], [175.273, -40.5798], [175.2383, -40.5867], [175.2369, -40.5742], [175.2506, -40.5592], [175.2628, -40.5574], [175.2468, -40.5492], [175.2369, -40.5187], [175.2202, -40.5079], [175.2506, -40.4176], [175.2699, -40.4132], [175.2842, -40.4326], [175.325, -40.4375]]]}}, {"type": "Feature", "properties": {"id": "whanganui", "name": "Whanganui", "country": "New Zealand"}, "geometry": {"type": "Polygon", "coordinates": [[[175.2083, -39.6875], [175.2125, -39.7083], [175.2408, -39.7174], [175.2547, -39.7345], [175.2494, -39.7647], [175.2328, -39.7868], [175.2672, -39.8743], [175.2422, -39.9186], [175.2503, -39.9447], [175.2158, -39.966], [175.1936, -39.9672], [175.1632, -39.9839], [175.0267, -39.9621], [175.0208, -39.9542], [175.0042, -39.9583], [175.0172, -39.9386], [174.9959, -39.9192], [174.9953, -39.8949], [175.01, -39.8754], [175.0274, -39.8746], [175.0371, -39.865], [175.0343, -39.8424], [175.0575, -39.8372], [175.0633, -39.8133], [175.075, -39.8083], [175.0582, -39.7803], [175.0424, -39.774], [175.0465, -39.7472], [175.0216, -39.7409], [175.016, -39.7228], [174.9994, -39.705], [174.9758, -39.695], [174.9715, -39.6813], [174.9795, -39.6675], [174.9909, -39.6659], [174.9917, -39.6583], [174.9757, -39.6534], [174.9702, -39.5954], [174.9754, -39.5684], [174.9917, -39.5583], [174.9913, -39.5392], [174.9712, -39.5233], [174.9667, -39.4875], [174.9351, -39.483], [174.9047, -39.4521], [174.9086, -39.4468], [174.8886, -39.4372], [174.8788, -39.3858], [174.8869, -39.3592], [174.8174, -39.3324], [174.8125, -39.3167], [174.8017, -39.3163], [174.7858, -39.2962], [174.7458, -39.2833], [174.7548, -39.2467], [174.7385, -39.2451], [174.7258, -39.2323], [174.7294, -39.2175], [174.7012, -39.2117], [174.709, -39.1827], [174.7006, -39.173], [174.6994, -39.152], [174.6763, -39.1334], [174.6757, -39.1218], [174.6887, -39.1078], [174.7063, -39.112], [174.7243, -39.1033], [174.7257, -39.0885], [174.7438, -39.0755], [174.7493, -39.0797], [174.7875, -39.0667], [174.7909, -39.0469], [174.7785, -39.0372], [174.784, -39.0223], [174.759, -39.0117], [174.7589, -38.9937], [174.7635, -38.9841], [174.7867, -38.9784], [174.7792, -38.95], [174.7966, -38.9453], [174.828, -38.9547], [174.8381, -38.9368], [174.8244, -38.8853], [174.8155, -38.8708], [174.8093, -38.8753], [174.8048, -38.8605], [174.8042, -38.8208], [174.8134, -38.8091], [174.83, -38.8131], [174.8368, -38.8074], [174.8676, -38.7673], [174.9324, -38.7577], [174.9338, -38.7354], [174.9535, -38.7199], [174.9631, -38.6951], [174.9583, -38.6625], [174.9824, -38.6715], [174.9842, -38.6785], [175.0167, -38.6833], [175.0167, -38.6625], [175.0618, -38.641], [175.1034, -38.6492], [175.1119, -38.6244], [175.1229, -38.6286], [175.1413, -38.6202], [175.1792, -38.6375], [175.2333, -38.6333], [175.2554, -38.6042], [175.2712, -38.609], [175.2993, -38.6034], [175.3051, -38.559], [175.325, -38.55], [175.3392, -38.558], [175.3588, -38.5535], [175.3713, -38.559], [175.3801, -38.5468], [175.4159, -38.5284], [175.425, -38.5083], [175.4559, -38.4837], [175.5076, -38.4839], [175.5228, -38.4714], [175.5417, -38.4708], [175.5424, -38.4784], [175.5958, -38.5042], [175.6208, -38.55], [175.6375, -38.5542], [175.6288, -38.5983], [175.5949, -38.641], [175.575, -38.65], [175.5744, -38.6855], [175.5167, -38.7458], [175.5417, -38.7792], [175.5417, -38.7917], [175.5667, -38.7875], [175.5667, -38.8167], [175.575, -38.825], [175.55, -38.8625], [175.5786, -38.9105], [175.5429, -38.9922], [175.598, -38.9911], [175.6199, -38.9703], [175.6604, -38.9829], [175.6917, -38.975], [175.6907, -38.9829], [175.655, -39.0009], [175.6243, -39.0616], [175.6161, -39.0637], [175.6173, -39.0907], [175.6417, -39.1208], [175.6413, -39.1525], [175.625, -39.1583], [175.6074, -39.1951], [175.5967, -39.1965], [175.5786, -39.2326], [175.5869, -39.2564], [175.5483, -39.2955], [175.5191, -39.3121], [175.3728, -39.3131], [175.3354, -39.3412], [175.3051, -39.3423], [175.2699, -39.3951], [175.2434, -39.3996], [175.2149, -39.3837], [175.1924, -39.3884], [175.1875, -39.4167], [175.1964, -39.4284], [175.1869, -39.4407], [175.2037, -39.4646], [175.1921, -39.4812], [175.1833, -39.5417], [175.2118, -39.5634], [175.2132, -39.5782], [175.2381, -39.5887], [175.2384, -39.6119], [175.2797, -39.6449], [175.2784, -39.6533], [175.2542, -39.6667], [175.2191, -39.6621], [175.2083, -39.6875]]]}}, {"type": "Feature", "properties": {"id": "rangitikei", "name": "Rangitikei", "country": "New Zealand"}, "geometry": {"type": "Polygon", "coordinates": [[[175.6292, -39.8125], [175.7163, -39.7691], [175.7212, -39.7267], [175.733, -39.7059], [175.7292, -39.6917], [175.7129, -39.6816], [175.708, -39.6559], [175.686, -39.6333], [175.6782, -39.6381], [175.6572, -39.6122], [175.6458, -39.6167], [175.6411, -39.5887], [175.6593, -39.5673], [175.675, -39.5625], [175.6286, -39.5243], [175.6333, -39.5083], [175.6525, -39.4996], [175.6809, -39.4629], [175.7292, -39.4458], [175.7215, -39.4408], [175.725, -39.3958], [175.7176, -39.3952], [175.7119, -39.3784], [175.725, -39.3083], [175.7691, -39.2913], [175.8333, -39.3042], [175.8299, -39.28], [175.8657, -39.2621], [175.8535, -39.2472], [175.891, -39.2282], [175.8924, -39.205], [175.927, -39.1881], [175.9522, -39.1869], [175.965, -39.1751], [175.9625, -39.1583], [175.9741, -39.1533], [175.9885, -39.1171], [176.0134, -39.0882], [176.0292, -39.0833], [176.0298, -39.0992], [176.059, -39.112], [176.0542, -39.125], [176.0833, -39.1292], [176.0881, -39.1605], [176.1003, -39.1822], [176.0923, -39.1842], [176.0806, -39.2172], [176.0951, -39.2119], [176.1167, -39.2208], [176.0869, -39.2632], [176.1006, -39.3063], [176.1256, -39.3325], [176.1188, -39.3452], [176.1087, -39.3506], [176.1003, -39.3452], [176.0796, -39.3551], [176.0698, -39.3701], [176.0424, -39.3715], [176.0417, -39.3792], [176.0563, -39.3798], [176.0699, -39.3921], [176.0718, -39.3785], [176.1158, -39.384], [176.1215, -39.4409], [176.1417, -39.4458], [176.1384, -39.4741], [176.1621, -39.4885], [176.1679, -39.5006], [176.1784, -39.4953], [176.191, -39.5009], [176.1786, -39.5439], [176.1417, -39.5792], [176.1417, -39.5917], [176.1661, -39.6103], [176.1679, -39.6498], [176.1949, -39.659], [176.2006, -39.6704], [176.184, -39.68], [176.1827, -39.7022], [176.1702, -39.7201], [176.1798, -39.7409], [176.1667, -39.7792], [176.1458, -39.7917], [176.1455, -39.8149], [176.1292, -39.8437], [176.133, -39.8524], [176.125, -39.8583], [176.1205, -39.8816], [176.1083, -39.8917], [176.0991, -39.8798], [176.0659, -39.8744], [176.0533, -39.8993], [175.9974, -39.9041], [175.9821, -39.8828], [175.9208, -39.8958], [175.8978, -39.8869], [175.8814, -39.8672], [175.8476, -39.867], [175.8256, -39.8936], [175.8243, -39.9074], [175.7839, -39.9311], [175.7535, -39.9824], [175.7092, -40.0009], [175.7, -40.0208], [175.6603, -40.0422], [175.6049, -40.0884], [175.5879, -40.1142], [175.5875, -40.1292], [175.5441, -40.1288], [175.5191, -40.1413], [175.4775, -40.1413], [175.4712, -40.1475], [175.4672, -40.1772], [175.4785, -40.1884], [175.4911, -40.2439], [175.4716, -40.255], [175.4701, -40.2657], [175.4448, -40.2868], [175.4284, -40.2881], [175.3618, -40.266], [175.3455, -40.2858], [175.35, -40.3125], [175.3309, -40.3129], [175.2899, -40.3496], [175.25, -40.35], [175.2339, -40.3272], [175.2327, -40.3009], [175.225, -40.3], [175.2329, -40.2896], [175.2244, -40.2757], [175.2286, -40.2257], [175.2384, -40.2131], [175.3034, -40.2172], [175.3244, -40.2064], [175.3298, -40.1676], [175.3417, -40.1583], [175.3422, -40.1395], [175.3577, -40.1283], [175.3589, -40.1116], [175.3505, -40.1021], [175.3545, -40.0684], [175.3621, -40.0608], [175.3634, -40.0175], [175.374, -40.0121], [175.3958, -39.9667], [175.4458, -39.9792], [175.4866, -39.9618], [175.5036, -39.9397], [175.5048, -39.9259], [175.5424, -39.9161], [175.551, -39.9214], [175.6074, -39.8663], [175.6131, -39.8395], [175.6286, -39.8282], [175.6292, -39.8125]]]}}, {"type": "Feature", "properties": {"id": "wairau", "name": "Wairau", "country": "New Zealand"}, "geometry": {"type": "Polygon", "coordinates": [[[172.7799, -41.9966], [172.8038, -41.9816], [172.8142, -41.9545], [172.8399, -41.9496], [172.8621, -41.9233], [172.862, -41.9019], [172.8453, -41.8866], [172.8879, -41.8267], [172.9238, -41.7957], [172.9257, -41.7426], [172.9333, -41.7375], [172.9534, -41.7464], [172.9676, -41.7298], [173.0325, -41.7075], [173.0578, -41.673], [173.0583, -41.6292], [173.0951, -41.6203], [173.1009, -41.6285], [173.1157, -41.6284], [173.1119, -41.6137], [173.1337, -41.5887], [173.1438, -41.5912], [173.1532, -41.5828], [173.1744, -41.5439], [173.175, -41.5292], [173.1983, -41.5288], [173.2066, -41.5205], [173.2441, -41.5254], [173.3, -41.5167], [173.3007, -41.5092], [173.345, -41.495], [173.3576, -41.4744], [173.4075, -41.4741], [173.4125, -41.45], [173.4354, -41.4463], [173.4511, -41.4628], [173.4741, -41.4575], [173.4899, -41.442], [173.5191, -41.4587], [173.5358, -41.458], [173.5524, -41.4413], [173.565, -41.4462], [173.5775, -41.4371], [173.6066, -41.4413], [173.6417, -41.4333], [173.642, -41.4225], [173.6601, -41.4087], [173.6958, -41.4083], [173.736, -41.4292], [173.7428, -41.4164], [173.8021, -41.4171], [173.823, -41.4244], [173.8325, -41.42], [173.8422, -41.3907], [173.8216, -41.3741], [173.8333, -41.3375], [173.8792, -41.35], [173.8917, -41.3292], [173.9188, -41.3244], [173.9576, -41.2952], [173.9772, -41.2965], [173.9952, -41.3093], [173.9965, -41.3325], [174.0199, -41.3383], [174.0326, -41.3509], [174.0381, -41.3659], [174.0328, -41.3814], [174.0078, -41.4076], [174.0333, -41.4417], [174.0257, -41.4424], [174.025, -41.4667], [174.005, -41.4716], [173.9992, -41.4992], [173.9892, -41.4996], [173.9524, -41.467], [173.9145, -41.4672], [173.8689, -41.4869], [173.8351, -41.4879], [173.8125, -41.5125], [173.7884, -41.5174], [173.7583, -41.5458], [173.7574, -41.5785], [173.7171, -41.601], [173.7036, -41.6368], [173.7076, -41.6658], [173.6958, -41.675], [173.7087, -41.69], [173.7083, -41.7458], [173.6509, -41.78], [173.6375, -41.8208], [173.6054, -41.8256], [173.599, -41.8131], [173.5741, -41.8119], [173.5437, -41.8287], [173.5314, -41.8172], [173.4976, -41.817], [173.4708, -41.8708], [173.4608, -41.8788], [173.4351, -41.8795], [173.415, -41.9038], [173.3816, -41.9205], [173.3333, -41.9333], [173.3375, -41.9208], [173.3228, -41.9131], [173.2993, -41.9297], [173.2909, -41.9244], [173.2625, -41.9333], [173.2492, -41.9092], [173.2292, -41.9125], [173.2116, -41.9408], [173.1674, -41.9509], [173.166, -41.9616], [173.1522, -41.9703], [173.1219, -41.9714], [173.0917, -42.0125], [173.0717, -42.0119], [173.05, -41.975], [173.0316, -41.9871], [173.0042, -41.9917], [173.0035, -42.0407], [172.9672, -42.0728], [172.9661, -42.0897], [172.9507, -42.1051], [172.9417, -42.1292], [172.922, -42.1247], [172.8949, -42.1577], [172.8771, -42.1546], [172.8333, -42.1833], [172.8147, -42.1869], [172.7965, -42.1825], [172.7951, -42.1633], [172.7495, -42.1714], [172.7312, -42.1661], [172.7172, -42.1479], [172.725, -42.1333], [172.7208, -42.1042], [172.7297, -42.0887], [172.7254, -42.0767], [172.733, -42.0649], [172.7333, -42.0333], [172.7563, -42.0327], [172.775, -42.0196], [172.7799, -41.9966]]]}}, {"type": "Feature", "properties": {"id": "murray-darling", "name": "Murray-Darling", "country": "Australia"}, "geometry": {"type": "Polygon", "coordinates": [[[144.3688, -37.4046], [144.1958, -37.4083], [144.0358, -37.483], [143.9042, -37.5042], [143.7858, -37.4087], [143.6854, -37.4167], [143.5564, -37.3214], [143.4548, -37.3324], [143.4458, -37.275], [143.3333, -37.3042], [143.2375, -37.2792], [143.225, -37.3167], [143.1309, -37.333], [143.0954, -37.2468], [143.0267, -37.233], [142.9625, -37.1708], [142.8589, -37.2843], [142.8667, -37.3625], [142.8068, -37.3292], [142.6896, -37.3296], [142.6157, -37.3672], [142.5658, -37.2842], [142.5167, -37.2792], [142.4792, -37.1417], [142.3689, -37.1047], [142.3059, -37.1288], [142.2625, -37.0625], [142.0792, -37.1125], [141.9566, -37.058], [141.8909, -37.1047], [141.8375, -37.0542], [141.7743, -37.1283], [141.7437, -37.1202], [141.6545, -37.0274], [141.6964, -36.9095], [141.6341, -36.8074], [141.6203, -36.6966], [141.6458, -36.6458], [141.6077, -36.5801], [141.3787, -36.2521], [141.2342, -36.1325], [141.1909, -36.0383], [141.0885, -36.0077], [141.0241, -35.8634], [140.9979, -35.8708], [140.8441, -35.7254], [140.7837, -35.7066], [140.7922, -35.6429], [140.7406, -35.5882], [140.65, -35.5833], [140.5951, -35.5077], [140.3145, -35.5786], [140.1125, -35.4458], [140.115, -35.3837], [139.7033, -35.1506], [139.6736, -35.1798], [139.525, -35.1542], [139.4994, -35.3032], [139.3951, -35.3631], [139.3549, -35.3242], [139.375, -35.2625], [139.2583, -35.2292], [139.2794, -35.1595], [139.2542, -35.1292], [139.2175, -35.1247], [139.1625, -35.1792], [139.0716, -35.1617], [139.0587, -34.9483], [138.9797, -34.8811], [139.0833, -34.7458], [139.0214, -34.6772], [139.0208, -34.6333], [139.0899, -34.6288], [139.1132, -34.5342], [139.1667, -34.5], [139.0953, -34.4007], [139.1256, -34.3095], [139.0167, -34.0375], [138.9667, -34.0417], [138.9583, -33.9625], [138.9176, -33.9661], [138.8466, -33.9117], [138.8131, -33.8272], [138.8125, -33.775], [138.8875, -33.775], [138.8792, -33.65], [138.8375, -33.5917], [138.8756, -33.4603], [138.9083, -33.4375], [138.8458, -33.4], [138.9292, -33.2958], [138.8733, -33.2087], [138.8295, -33.1983], [138.8661, -33.0382], [138.8917, -33.0125], [139.0417, -33.0125], [139.0506, -32.9478], [139.166, -32.8033], [139.1754, -32.7566], [139.137, -32.7032], [139.1756, -32.6186], [139.2375, -32.5208], [139.3917, -32.4458], [139.4184, -32.392], [139.4909, -32.3661], [139.5772, -32.3797], [139.6701, -32.4258], [139.6941, -32.4705], [139.92, -32.345], [139.8833, -32.2625], [139.9051, -32.2797], [140.0104, -32.225], [140.0691, -32.2538], [140.0833, -32.1875], [140.1417, -32.1458], [140.2083, -32.1917], [140.2657, -32.1619], [140.2949, -32.1784], [140.3292, -32.1375], [140.3792, -32.225], [140.6014, -32.3048], [140.9774, -32.2788], [141.0909, -32.1703], [141.1667, -32.1625], [141.175, -32.0583], [141.2408, -32.0451], [141.4125, -31.925], [141.3458, -31.7917], [141.4061, -31.7381], [141.5, -31.7292], [141.5381, -31.6701], [141.5215, -31.6051], [141.5792, -31.5917], [141.5851, -31.4879], [141.6743, -31.4658], [141.6978, -31.4214], [141.7583, -31.4542], [141.9478, -31.3339], [142.0439, -31.3536], [142.2066, -31.2955], [142.3208, -31.35], [142.3524, -31.333], [142.375, -31.3062], [142.3506, -31.2728], [142.4154, -31.2373], [142.4208, -31.1875], [142.4667, -31.175], [142.4841, -31.1299], [142.5833, -31.1042], [142.6132, -30.9426], [142.6417, -30.9292], [142.6, -30.8667], [142.6375, -30.8167], [142.7605, -30.8328], [142.8625, -30.7917], [143.0441, -30.8754], [143.0708, -30.8625], [143.0962, -30.7886], [143.2032, -30.7329], [143.2007, -30.6591], [143.2458, -30.6292], [143.2667, -30.55], [143.2333, -30.4792], [143.2715, -30.3967], [143.3708, -30.4], [143.4253, -30.3699], [143.4667, -30.325], [143.4642, -30.2129], [143.6125, -30.1958], [143.6205, -30.1226], [143.5292, -29.975], [143.6038, -29.8441], [143.6083, -29.7667], [143.7163, -29.7066], [143.8059, -29.5212], [143.8991, -29.5077], [143.8785, -29.4495], [143.9134, -29.4051], [144.0074, -29.3701], [144.0333, -29.1583], [144.0875, -29.1167], [144.1006, -29.0243], [144.0125, -28.85], [144.0708, -28.7104], [144.0167, -28.6167], [144.0339, -28.5762], [143.9875, -28.525], [144.0246, -28.4017], [143.9458, -28.3292], [143.9792, -28.3083], [143.9625, -28.2458], [144.033, -28.215], [144.0004, -28.1816], [143.9841, -28.0341], [144.0658, -27.9908], [144.05, -27.9583], [144.0833, -27.9], [144.165, -27.8663], [144.245, -27.8741], [144.2215, -27.8259], [144.3119, -27.7824], [144.3089, -27.677], [144.355, -27.605], [144.5625, -27.5625], [144.5964, -27.447], [144.5092, -27.4035], [144.5292, -27.2167], [144.5996, -27.1858], [144.6842, -27.0048], [144.7366, -26.9868], [144.6883, -26.9659], [144.6577, -26.8412], [144.7366, -26.7703], [144.8167, -26.7708], [144.8042, -26.6833], [144.866, -26.5729], [144.8202, -26.5258], [144.8663, -26.4983], [144.8379, -26.46], [144.8955, -26.4274], [144.8703, -26.3701], [144.8958, -26.2875], [144.9896, -26.2375], [145.0434, -26.2462], [145.05, -26.1708], [145.0952, -26.1533], [145.1, -26.0958], [145.0708, -26.0875], [145.05, -26.0042], [145.1203, -25.9064], [145.1458, -25.6833], [145.2368, -25.6158], [145.2383, -25.5552], [145.2917, -25.5417], [145.2968, -25.512], [145.41, -25.567], [145.5117, -25.4657], [145.4828, -25.3907], [145.5333, -25.3125], [145.4831, -25.2636], [145.5284, -25.2286], [145.5983, -25.233], [145.65, -25.0917], [145.7535, -25.0283], [145.7884, -24.9634], [145.873, -24.9619], [145.9054, -24.8994], [145.9958, -24.9208], [146.0667, -24.9], [146.1267, -24.9955], [146.2483, -24.9621], [146.4292, -25.0125], [146.4897, -24.9994], [146.5451, -24.9367], [146.5458, -24.85], [146.6083, -24.85], [146.6375, -24.8167], [146.6208, -24.7667], [146.7064, -24.7286], [146.78, -24.6342], [146.8583, -24.5917], [146.9371, -24.6976], [146.8799, -24.7634], [146.9, -24.8125], [146.8743, -24.8631], [146.9958, -25.0375], [147.1064, -24.9994], [147.1375, -24.9583], [147.1677, -24.991], [147.2397, -24.9869], [147.3218, -24.8744], [147.4917, -24.8792], [147.5083, -24.8292], [147.6208, -24.8167], [147.6469, -24.7702], [147.7368, -24.7286], [147.8208, -24.7333], [147.9467, -24.8827], [148.0574, -24.909], [148.0884, -25.0116], [148.1592, -25.0869], [148.2275, -25.0962], [148.3881, -25.2826], [148.3536, -25.3449], [148.4037, -25.4437], [148.3091, -25.5927], [148.3167, -25.7167], [148.2587, -25.7684], [148.2875, -25.9167], [148.2506, -25.9311], [148.242, -26.0316], [148.2759, -26.0658], [148.3868, -25.9994], [148.4967, -26.0411], [148.6816, -26.0254], [148.7167, -26.1125], [148.7699, -26.1218], [148.7924, -26.1742], [148.9908, -26.2425], [149.0, -26.3083], [149.1137, -26.2746], [149.1875, -26.3208], [149.4063, -26.2756], [149.447, -26.3214], [149.6226, -26.3621], [149.7208, -26.3208], [149.7259, -26.3866], [149.8741, -26.4253], [150.0993, -26.3908], [150.125, -26.3125], [150.1772, -26.3161], [150.2238, -26.2658], [150.191, -26.237], [150.2131, -26.1868], [150.175, -26.1583], [150.2316, -26.1246], [150.4145, -26.2286], [150.5875, -26.275], [150.7316, -26.2663], [150.7479, -26.2333], [150.8083, -26.2208], [150.8792, -26.2625], [150.9292, -26.1667], [150.9978, -26.1953], [151.0447, -26.1747], [151.0767, -26.233], [151.1208, -26.2458], [151.0927, -26.316], [151.2417, -26.3542], [151.2042, -26.4979], [151.3792, -26.625], [151.4174, -26.7451], [151.5167, -26.7667], [151.53, -26.8158], [151.6616, -26.9257], [151.8, -27.15], [151.8491, -27.1674], [151.9, -27.2417], [151.9667, -27.2375], [151.9767, -27.2705], [152.0619, -27.3103], [152.0667, -27.3625], [151.9382, -27.4717], [151.9833, -27.5833], [151.9375, -27.6083], [151.9422, -27.6355], [151.9869, -27.6676], [151.9917, -27.7625], [152.0282, -27.759], [152.0542, -27.8125], [152.1407, -27.8259], [152.2208, -27.9583], [152.375, -27.9667], [152.4089, -28.1105], [152.4875, -28.2542], [152.4091, -28.3007], [152.3875, -28.3667], [152.3125, -28.3667], [152.2167, -28.4458], [152.1436, -28.4339], [152.0157, -28.5285], [151.9542, -28.5167], [152.0134, -28.6661], [152.075, -28.7083], [152.0369, -28.758], [152.0167, -28.9], [152.0217, -28.9326], [152.0879, -28.9566], [152.0497, -29.0907], [152.0756, -29.0968], [152.0708, -29.1458], [152.1083, -29.1542], [152.1163, -29.2524], [152.0628, -29.3575], [152.0083, -29.3708], [152.0042, -29.4], [152.0492, -29.4258], [152.0619, -29.5022], [151.975, -29.65], [151.8892, -29.6504], [151.8297, -29.702], [151.775, -29.8583], [151.6758, -29.9295], [151.6542, -30.061], [151.6864, -30.3086], [151.6292, -30.325], [151.5866, -30.395], [151.526, -30.3962], [151.5506, -30.4931], [151.5333, -30.6625], [151.475, -30.6833], [151.483, -30.7483], [151.4, -30.8375], [151.4625, -30.9], [151.4248, -30.9488], [151.4417, -31.0], [151.4775, -31.0295], [151.5491, -31.0215], [151.5634, -31.1369], [151.6754, -31.24], [151.6455, -31.2983], [151.6625, -31.3292], [151.5437, -31.3875], [151.4186, -31.3839], [151.4205, -31.4274], [151.3566, -31.4871], [151.2772, -31.4548], [151.2333, -31.4708], [151.1672, -31.5561], [151.1708, -31.6292], [151.0, -31.6], [151.0, -31.6375], [150.9125, -31.6458], [150.8439, -31.7286], [150.725, -31.7875], [150.725, -31.8375], [150.5458, -31.8583], [150.3375, -31.825], [150.2937, -31.8495], [150.1851, -31.8163], [150.15, -31.7708], [150.0634, -31.7839], [149.9048, -31.9427], [149.8708, -32.0167], [149.7494, -32.1032], [149.7667, -32.1458], [149.6875, -32.2104], [149.6712, -32.2899], [149.7051, -32.3743], [149.8866, -32.4509], [149.875, -32.5333], [150.0377, -32.6385], [150.08, -32.7075], [150.2292, -32.725], [150.2208, -32.7625], [150.3583, -32.8417], [150.2764, -32.9173], [150.1409, -32.8744], [150.0458, -32.9042], [149.9964, -32.8884], [149.995, -32.9451], [149.9298, -32.9728], [149.9675, -33.1366], [150.0383, -33.2326], [150.1042, -33.2417], [150.0908, -33.2991], [149.95, -33.4083], [149.9811, -33.4619], [150.0464, -33.4576], [150.0458, -33.7542], [149.9842, -33.7423], [149.9958, -33.8333], [149.9392, -33.8504], [149.9208, -33.9042], [149.8542, -33.8917], [149.8292, -33.9208], [149.9042, -34.0875], [149.9618, -34.1008], [149.9371, -34.265], [149.8095, -34.3134], [149.7422, -34.3895], [149.75, -34.45], [149.6083, -34.4833], [149.5917, -34.4292], [149.5625, -34.4292], [149.4949, -34.5201], [149.4375, -34.5292], [149.4176, -34.6954], [149.5782, -34.7715], [149.6083, -34.85], [149.5661, -34.9157], [149.587, -34.9479], [149.5417, -34.9875], [149.5797, -35.0993], [149.5455, -35.1858], [149.5705, -35.3524], [149.5333, -35.3917], [149.5534, -35.5117], [149.5167, -35.5167], [149.5047, -35.5645], [149.5201, -35.8117], [149.4875, -35.8375], [149.517, -35.9733], [149.5617, -35.9884], [149.5797, -36.0784], [149.5042, -36.1708], [149.4679, -36.1536], [149.4215, -36.2135], [149.4217, -36.2743], [149.5125, -36.4125], [149.4672, -36.452], [149.4576, -36.5284], [149.4063, -36.5494], [149.3146, -36.525], [149.2615, -36.4674], [149.0508, -36.3992], [149.0083, -36.325], [148.9, -36.2792], [148.8593, -36.2282], [148.8375, -36.1958], [148.8708, -36.1667], [148.825, -36.0792], [148.6634, -35.9825], [148.6413, -35.8934], [148.5645, -35.8744], [148.5059, -35.7837], [148.442, -35.8983], [148.5576, -36.0008], [148.5617, -36.0993], [148.4583, -36.1167], [148.4292, -36.2583], [148.2708, -36.4333], [148.2542, -36.5458], [148.3044, -36.5928], [148.2507, -36.6342], [148.2708, -36.6917], [148.15, -36.8583], [148.0811, -36.8797], [147.998, -36.9869], [147.975, -36.9208], [147.9072, -36.9163], [147.8125, -37.0083], [147.7206, -37.0218], [147.7, -37.1208], [147.5716, -37.1925], [147.5292, -37.3167], [147.3677, -37.1993], [147.25, -37.025], [147.125, -36.975], [146.995, -37.0534], [146.9159, -37.0369], [146.7743, -37.1131], [146.6601, -37.1129], [146.6542, -37.175], [146.6, -37.2], [146.575, -37.2875], [146.4506, -37.2927], [146.3917, -37.4667], [146.4994, -37.5592], [146.4583, -37.6208], [146.3936, -37.6047], [146.375, -37.6292], [146.1851, -37.5795], [146.1292, -37.65], [146.0583, -37.6667], [145.9617, -37.559], [145.902, -37.5661], [145.8532, -37.5244], [145.7375, -37.5708], [145.7663, -37.6649], [145.7125, -37.6708], [145.599, -37.5674], [145.5598, -37.5917], [145.5271, -37.5458], [145.3467, -37.5327], [145.1022, -37.3797], [144.9631, -37.3741], [144.9121, -37.2968], [144.8298, -37.2989], [144.8292, -37.2304], [144.772, -37.208], [144.6642, -37.2045], [144.5879, -37.2468], [144.5715, -37.2897], [144.6208, -37.3708], [144.5476, -37.3795], [144.4283, -37.4575], [144.3688, -37.4046]], [[147.0042, -27.8875], [147.0009, -27.8866], [147.0045, -27.8767], [147.0042, -27.8875]], [[145.4042, -31.9375], [145.4042, -31.9375], [145.4122, -31.9383], [145.4042, -31.9375]]]}}, {"type": "Feature", "properties": {"id": "fitzroy-qld", "name": "Fitzroy", "country": "Australia"}, "geometry": {"type": "Polygon", "coordinates": [[[149.477, -26.3089], [149.447, -26.3214], [149.4367, -26.301], [149.4174, -26.295], [149.4159, -26.2802], [149.4063, -26.2756], [149.3875, -26.2958], [149.3733, -26.2879], [149.3191, -26.2871], [149.3108, -26.2955], [149.2809, -26.2962], [149.2646, -26.3083], [149.2125, -26.3042], [149.1875, -26.3208], [149.1779, -26.3083], [149.1508, -26.3076], [149.15, -26.2958], [149.1137, -26.2746], [149.1021, -26.287], [149.0782, -26.2744], [149.048, -26.2911], [149.0186, -26.2922], [149.0, -26.3083], [148.9913, -26.29], [149.0004, -26.2566], [148.9908, -26.2425], [148.9284, -26.2244], [148.9116, -26.2297], [148.8866, -26.2048], [148.8634, -26.2035], [148.8548, -26.1949], [148.8542, -26.1792], [148.8125, -26.1833], [148.7924, -26.1742], [148.7699, -26.1218], [148.7386, -26.1081], [148.7167, -26.1125], [148.7077, -26.0426], [148.6816, -26.0254], [148.6525, -26.0379], [148.6274, -26.0254], [148.6021, -26.0333], [148.5917, -26.0167], [148.5686, -26.0172], [148.5605, -26.0244], [148.5176, -26.0257], [148.5167, -26.0417], [148.4967, -26.0411], [148.4951, -26.0342], [148.4822, -26.038], [148.4689, -26.0255], [148.4449, -26.0255], [148.4275, -26.0087], [148.3868, -25.9994], [148.3592, -26.0132], [148.345, -26.0325], [148.3061, -26.0422], [148.2759, -26.0658], [148.266, -26.0467], [148.242, -26.0316], [148.2506, -25.9311], [148.2551, -25.9214], [148.2875, -25.9167], [148.267, -25.8691], [148.275, -25.8542], [148.2548, -25.8283], [148.2587, -25.7684], [148.2708, -25.7563], [148.2667, -25.7458], [148.2868, -25.7409], [148.2875, -25.7292], [148.3167, -25.7167], [148.3042, -25.65], [148.3091, -25.5927], [148.3243, -25.5865], [148.334, -25.53], [148.375, -25.4958], [148.4037, -25.4437], [148.4047, -25.4304], [148.3762, -25.4122], [148.3794, -25.4011], [148.3589, -25.3814], [148.362, -25.3646], [148.3536, -25.3449], [148.3881, -25.2826], [148.3759, -25.2741], [148.3491, -25.2173], [148.3049, -25.2118], [148.2923, -25.1854], [148.295, -25.1675], [148.2625, -25.1458], [148.2275, -25.0962], [148.2108, -25.0837], [148.1833, -25.0792], [148.1592, -25.0869], [148.1036, -25.0176], [148.0884, -25.0116], [148.075, -24.9833], [148.0783, -24.9342], [148.0634, -24.9241], [148.0574, -24.909], [148.0326, -24.9131], [148.0158, -24.8965], [147.9917, -24.9], [147.9824, -24.8747], [147.9467, -24.8827], [147.9413, -24.8684], [147.9129, -24.8483], [147.9121, -24.8184], [147.8917, -24.7917], [147.8642, -24.7871], [147.85, -24.7667], [147.8257, -24.7534], [147.8243, -24.7343], [147.8061, -24.7369], [147.7896, -24.7296], [147.7771, -24.7412], [147.7576, -24.7244], [147.725, -24.7333], [147.7158, -24.7493], [147.6885, -24.7632], [147.6819, -24.775], [147.6469, -24.7702], [147.6506, -24.7925], [147.6208, -24.8167], [147.602, -24.8172], [147.5824, -24.8327], [147.5659, -24.8339], [147.5574, -24.8214], [147.5417, -24.8208], [147.5188, -24.8329], [147.5083, -24.8292], [147.4917, -24.8792], [147.44, -24.8879], [147.4313, -24.8792], [147.3979, -24.8833], [147.375, -24.875], [147.3708, -24.8833], [147.3218, -24.8744], [147.32, -24.8868], [147.3052, -24.8882], [147.2798, -24.9228], [147.2827, -24.9532], [147.2625, -24.9625], [147.2397, -24.9869], [147.2229, -24.9838], [147.1958, -24.9958], [147.1677, -24.991], [147.1591, -24.9823], [147.1576, -24.9633], [147.1375, -24.9583], [147.1217, -24.9675], [147.1064, -24.9994], [147.0958, -25.0042], [147.076, -24.9913], [147.0699, -25.0117], [147.0313, -25.0327], [146.9925, -25.0366], [146.9795, -25.0191], [146.9792, -24.9917], [146.9368, -24.9509], [146.9009, -24.9283], [146.9006, -24.9012], [146.8833, -24.8875], [146.8743, -24.8631], [146.8747, -24.83], [146.891, -24.8283], [146.9, -24.8125], [146.8961, -24.7886], [146.8786, -24.7718], [146.8799, -24.7634], [146.9079, -24.7407], [146.9176, -24.7172], [146.9375, -24.7042], [146.925, -24.6708], [146.9075, -24.6592], [146.8923, -24.6616], [146.8869, -24.6228], [146.8583, -24.5917], [146.8135, -24.6381], [146.7986, -24.6206], [146.78, -24.6342], [146.7625, -24.6667], [146.7385, -24.6496], [146.7199, -24.6215], [146.677, -24.6203], [146.6667, -24.6125], [146.6783, -24.5716], [146.6631, -24.5615], [146.6619, -24.5426], [146.6468, -24.5328], [146.6369, -24.5061], [146.6257, -24.4991], [146.6158, -24.4632], [146.5926, -24.4538], [146.5754, -24.4233], [146.5759, -24.4134], [146.5966, -24.4172], [146.6375, -24.4], [146.6608, -24.3996], [146.6851, -24.3754], [146.7157, -24.3757], [146.7256, -24.3865], [146.7203, -24.3951], [146.7257, -24.4158], [146.7436, -24.4047], [146.7771, -24.4004], [146.7994, -24.4074], [146.8005, -24.3894], [146.8178, -24.3714], [146.8314, -24.3703], [146.8417, -24.3583], [146.8615, -24.3657], [146.8854, -24.3298], [146.9118, -24.3242], [146.9132, -24.3008], [146.933, -24.2858], [146.9246, -24.2566], [146.9417, -24.2271], [146.9371, -24.2191], [146.9496, -24.2066], [146.9542, -24.1667], [147.0116, -24.1575], [147.0134, -24.1509], [147.0369, -24.1449], [147.0379, -24.1267], [147.0476, -24.117], [147.0816, -24.1121], [147.0976, -24.0962], [147.1316, -24.0871], [147.1521, -24.0958], [147.1833, -24.0833], [147.1786, -24.0659], [147.2044, -24.0364], [147.2044, -24.0262], [147.1798, -24.0115], [147.1629, -23.9726], [147.175, -23.9417], [147.1906, -23.9411], [147.2241, -23.9078], [147.2375, -23.9125], [147.2417, -23.9], [147.2337, -23.8816], [147.2371, -23.8559], [147.2254, -23.8358], [147.233, -23.8017], [147.2191, -23.7795], [147.2, -23.7708], [147.1955, -23.74], [147.2047, -23.7304], [147.1917, -23.7208], [147.1995, -23.7062], [147.2, -23.6083], [147.2131, -23.5868], [147.2078, -23.5784], [147.2208, -23.55], [147.2313, -23.5542], [147.2524, -23.5455], [147.2833, -23.5208], [147.275, -23.5083], [147.2839, -23.4909], [147.2786, -23.477], [147.2551, -23.4618], [147.25, -23.45], [147.2621, -23.4358], [147.2629, -23.3892], [147.283, -23.3608], [147.283, -23.3316], [147.2917, -23.3229], [147.2795, -23.3024], [147.2833, -23.2833], [147.2712, -23.2733], [147.2587, -23.2358], [147.259, -23.1854], [147.2714, -23.1716], [147.2868, -23.1701], [147.2839, -23.1311], [147.2995, -23.0937], [147.2953, -23.0804], [147.3035, -23.0783], [147.3131, -23.0426], [147.3283, -23.0326], [147.33, -23.0218], [147.3459, -23.0154], [147.3633, -22.9799], [147.3869, -22.9605], [147.3676, -22.9371], [147.358, -22.9066], [147.3837, -22.8608], [147.3712, -22.8441], [147.3708, -22.8125], [147.3913, -22.8024], [147.3962, -22.76], [147.4208, -22.75], [147.4161, -22.7304], [147.4244, -22.7283], [147.4256, -22.7074], [147.4161, -22.6909], [147.425, -22.65], [147.4489, -22.6456], [147.4509, -22.6536], [147.475, -22.6542], [147.4758, -22.6466], [147.5229, -22.65], [147.5316, -22.6413], [147.5524, -22.6496], [147.5809, -22.6295], [147.6284, -22.6243], [147.6259, -22.5925], [147.6542, -22.5833], [147.6631, -22.5561], [147.6783, -22.5493], [147.7, -22.5208], [147.7241, -22.5256], [147.7353, -22.5411], [147.7458, -22.5417], [147.775, -22.5125], [147.8208, -22.5375], [147.8417, -22.5208], [147.9021, -22.5208], [147.9458, -22.55], [147.9726, -22.5212], [147.9954, -22.5115], [148.0092, -22.4884], [148.0625, -22.4625], [148.0662, -22.4437], [148.0494, -22.4243], [148.0579, -22.4104], [148.0466, -22.4033], [148.0506, -22.3804], [148.0259, -22.3741], [148.0076, -22.3536], [147.9907, -22.3631], [147.9647, -22.3381], [147.9333, -22.3292], [147.9337, -22.2983], [147.917, -22.2691], [147.9208, -22.2562], [147.9083, -22.2375], [147.8881, -22.2272], [147.8786, -22.1395], [147.8042, -22.075], [147.7953, -22.0478], [147.7796, -22.0313], [147.7839, -22.0243], [147.7667, -21.9667], [147.7869, -21.9366], [147.7882, -21.8676], [147.8104, -21.8588], [147.8261, -21.8753], [147.8452, -21.8658], [147.8465, -21.851], [147.8667, -21.8333], [147.8705, -21.8108], [147.8708, -21.7958], [147.8608, -21.7879], [147.8226, -21.783], [147.8175, -21.7759], [147.8825, -21.7283], [147.9007, -21.6759], [147.9198, -21.6881], [147.9458, -21.675], [147.9422, -21.652], [147.9718, -21.5962], [147.9833, -21.5917], [147.9958, -21.5708], [148.015, -21.5705], [148.0267, -21.5545], [148.0625, -21.5417], [148.0621, -21.49], [148.0708, -21.4583], [148.1491, -21.4576], [148.1342, -21.4257], [148.1657, -21.4119], [148.1784, -21.4172], [148.2396, -21.4042], [148.25, -21.4167], [148.3083, -21.4167], [148.3208, -21.3875], [148.3601, -21.3754], [148.4024, -21.3746], [148.4087, -21.3517], [148.4371, -21.3316], [148.4382, -21.2842], [148.4618, -21.2744], [148.5158, -21.3007], [148.552, -21.3661], [148.615, -21.3754], [148.6691, -21.3712], [148.6816, -21.3795], [148.6958, -21.375], [148.6958, -21.3542], [148.7242, -21.3549], [148.73, -21.37], [148.7409, -21.3716], [148.7424, -21.3865], [148.7576, -21.3965], [148.7875, -21.3875], [148.8228, -21.4578], [148.9, -21.4708], [148.9213, -21.4385], [148.9047, -21.4239], [148.9036, -21.4032], [148.9134, -21.3799], [148.9229, -21.3754], [148.9311, -21.3828], [148.9593, -21.3839], [148.9875, -21.3667], [149.0147, -21.3661], [149.0333, -21.3542], [149.0702, -21.3926], [149.075, -21.4292], [149.0917, -21.4417], [149.0839, -21.4561], [149.0833, -21.4958], [149.1075, -21.4965], [149.1091, -21.5076], [149.1282, -21.509], [149.1305, -21.5173], [149.1534, -21.5075], [149.1551, -21.4956], [149.1917, -21.5042], [149.1913, -21.565], [149.175, -21.5792], [149.1746, -21.5983], [149.1625, -21.6042], [149.2049, -21.7074], [149.2161, -21.7134], [149.2167, -21.7375], [149.2048, -21.7425], [149.2047, -21.7689], [149.2092, -21.7783], [149.2368, -21.7922], [149.2792, -21.7875], [149.2798, -21.7991], [149.2878, -21.8011], [149.2875, -21.8667], [149.2756, -21.877], [149.2708, -21.9167], [149.2949, -21.9257], [149.327, -21.9619], [149.3538, -21.9676], [149.3631, -21.999], [149.3871, -22.0135], [149.4167, -22.0542], [149.4088, -22.0646], [149.4121, -22.0774], [149.3955, -22.0983], [149.3708, -22.1042], [149.3871, -22.2066], [149.3661, -22.2341], [149.3792, -22.2458], [149.3631, -22.2645], [149.3574, -22.2868], [149.3083, -22.3], [149.309, -22.3116], [149.3169, -22.3136], [149.3131, -22.348], [149.3298, -22.3743], [149.3214, -22.4021], [149.3299, -22.4325], [149.3625, -22.4417], [149.3675, -22.4616], [149.3827, -22.4676], [149.3879, -22.4858], [149.3708, -22.5417], [149.3716, -22.5616], [149.3797, -22.5637], [149.375, -22.5958], [149.3875, -22.6083], [149.3871, -22.6441], [149.3792, -22.6625], [149.3928, -22.6836], [149.4075, -22.6799], [149.4125, -22.6958], [149.4283, -22.6924], [149.4381, -22.723], [149.4542, -22.7375], [149.4455, -22.765], [149.4358, -22.7746], [149.4162, -22.7759], [149.4327, -22.7979], [149.4426, -22.8326], [149.4583, -22.8417], [149.5292, -22.8292], [149.5379, -22.865], [149.5525, -22.8754], [149.5816, -22.8746], [149.5958, -22.8667], [149.6125, -22.8917], [149.6458, -22.8875], [149.6592, -22.8717], [149.6993, -22.8532], [149.7047, -22.8353], [149.7259, -22.8132], [149.7466, -22.8036], [149.7576, -22.8075], [149.7631, -22.7784], [149.7542, -22.7625], [149.7691, -22.7712], [149.8201, -22.7714], [149.8365, -22.7702], [149.8458, -22.7583], [149.8688, -22.762], [149.8785, -22.7532], [149.8798, -22.7384], [149.8954, -22.7324], [149.905, -22.7134], [149.915, -22.7212], [149.9358, -22.7129], [149.9423, -22.7449], [149.9542, -22.75], [149.9501, -22.7611], [149.9784, -22.7758], [149.9833, -22.8], [150.025, -22.8292], [150.0256, -22.8448], [150.0875, -22.9083], [150.0993, -22.9092], [150.1042, -22.9333], [150.1688, -22.962], [150.1739, -22.9581], [150.1801, -22.9744], [150.2042, -22.975], [150.2459, -22.9613], [150.2466, -22.9425], [150.2613, -22.9374], [150.2661, -22.9271], [150.2583, -22.9125], [150.2957, -22.8947], [150.301, -22.8785], [150.3162, -22.884], [150.3271, -22.8714], [150.3409, -22.8742], [150.3426, -22.8622], [150.3667, -22.875], [150.3746, -22.8691], [150.358, -22.8108], [150.3746, -22.7858], [150.3708, -22.7708], [150.3899, -22.7538], [150.4035, -22.7592], [150.4071, -22.7797], [150.4108, -22.7754], [150.4184, -22.783], [150.4667, -22.7917], [150.4792, -22.7667], [150.4988, -22.7714], [150.5049, -22.7619], [150.526, -22.7672], [150.5792, -22.7292], [150.5995, -22.7604], [150.5953, -22.7659], [150.6087, -22.7983], [150.5955, -22.84], [150.5795, -22.8517], [150.5958, -22.9042], [150.615, -22.9045], [150.63, -22.9283], [150.6866, -22.9465], [150.6964, -22.9618], [150.6875, -22.9792], [150.6922, -23.0034], [150.6869, -23.0201], [150.7037, -23.0521], [150.6963, -23.0646], [150.7172, -23.0866], [150.7119, -23.1034], [150.7214, -23.1095], [150.7203, -23.148], [150.713, -23.1646], [150.725, -23.1833], [150.7017, -23.1837], [150.675, -23.2083], [150.6757, -23.224], [150.6875, -23.2319], [150.6714, -23.2478], [150.67, -23.2867], [150.6542, -23.2958], [150.6639, -23.3131], [150.695, -23.309], [150.6966, -23.3199], [150.7167, -23.3292], [150.7089, -23.3395], [150.7049, -23.3991], [150.7217, -23.42], [150.7366, -23.4259], [150.7367, -23.4368], [150.7131, -23.4437], [150.6994, -23.4788], [150.7033, -23.5075], [150.6892, -23.5129], [150.665, -23.5413], [150.6009, -23.5118], [150.5833, -23.4917], [150.5292, -23.4958], [150.5284, -23.5366], [150.4953, -23.5743], [150.5, -23.6125], [150.4667, -23.6125], [150.4605, -23.6244], [150.4494, -23.626], [150.4548, -23.6454], [150.45, -23.6708], [150.474, -23.6715], [150.4875, -23.6875], [150.5121, -23.6968], [150.5256, -23.7449], [150.5426, -23.7577], [150.5583, -23.7583], [150.5589, -23.774], [150.5827, -23.7926], [150.5841, -23.8326], [150.5958, -23.8333], [150.5964, -23.8533], [150.6121, -23.8767], [150.625, -23.9208], [150.6434, -23.933], [150.6625, -23.9333], [150.6875, -23.9542], [150.6875, -23.9792], [150.7006, -23.991], [150.6952, -24.0122], [150.7006, -24.0521], [150.7118, -24.0635], [150.7133, -24.0784], [150.7298, -24.0801], [150.7083, -24.1042], [150.7173, -24.1407], [150.7865, -24.159], [150.8089, -24.1865], [150.8006, -24.202], [150.8042, -24.2208], [150.8625, -24.2208], [150.8629, -24.2358], [150.8833, -24.2417], [150.8833, -24.2542], [150.9108, -24.2629], [150.9176, -24.2786], [150.9451, -24.2801], [150.9592, -24.3076], [150.9875, -24.3208], [150.9842, -24.3533], [151.0125, -24.3625], [151.0333, -24.3875], [151.0009, -24.3965], [150.9922, -24.4145], [150.9869, -24.4605], [150.9621, -24.5108], [150.9661, -24.5699], [150.9509, -24.58], [150.9452, -24.6033], [150.9092, -24.6217], [150.8958, -24.6375], [150.9083, -24.6542], [150.8525, -24.7163], [150.8275, -24.7212], [150.7938, -24.7083], [150.775, -24.7167], [150.7538, -24.6994], [150.6872, -24.7048], [150.6517, -24.692], [150.6367, -24.7076], [150.6009, -24.7217], [150.5996, -24.7691], [150.575, -24.7833], [150.5953, -24.8103], [150.6, -24.8375], [150.5841, -24.8508], [150.5827, -24.863], [150.5993, -24.8716], [150.5996, -24.8816], [150.5917, -24.8917], [150.55, -24.9042], [150.558, -24.9483], [150.5375, -24.9625], [150.542, -24.9775], [150.5625, -24.9917], [150.5453, -25.0118], [150.5506, -25.0201], [150.5375, -25.0417], [150.5583, -25.0583], [150.5587, -25.0941], [150.5705, -25.1059], [150.5578, -25.1382], [150.5631, -25.1551], [150.5531, -25.1661], [150.5176, -25.1673], [150.4985, -25.1875], [150.4708, -25.1917], [150.4792, -25.2229], [150.4625, -25.2583], [150.4549, -25.2591], [150.4409, -25.3243], [150.4215, -25.3312], [150.4119, -25.362], [150.4202, -25.4063], [150.4076, -25.4408], [150.3756, -25.4728], [150.3757, -25.4867], [150.3867, -25.4883], [150.4006, -25.5079], [150.3925, -25.5324], [150.4083, -25.5375], [150.4121, -25.5733], [150.4042, -25.5958], [150.4375, -25.6], [150.4545, -25.6488], [150.4297, -25.6645], [150.4255, -25.6896], [150.4378, -25.7364], [150.4299, -25.7384], [150.4201, -25.7824], [150.3855, -25.8119], [150.375, -25.8125], [150.376, -25.8201], [150.4035, -25.83], [150.4091, -25.8492], [150.4167, -25.85], [150.408, -25.8775], [150.4121, -25.89], [150.35, -25.9125], [150.3578, -25.9272], [150.3464, -25.9395], [150.3333, -25.9792], [150.3131, -26.002], [150.3083, -26.0542], [150.3172, -26.0618], [150.3119, -26.0701], [150.3215, -26.0991], [150.3283, -26.1009], [150.3295, -26.1399], [150.3375, -26.1542], [150.3208, -26.1625], [150.2851, -26.1621], [150.2399, -26.1254], [150.2108, -26.1371], [150.1924, -26.1342], [150.1869, -26.1522], [150.175, -26.1583], [150.175, -26.1708], [150.1938, -26.1715], [150.2131, -26.1868], [150.2117, -26.1992], [150.1965, -26.205], [150.191, -26.237], [150.2199, -26.2509], [150.2256, -26.262], [150.1958, -26.2896], [150.2, -26.3042], [150.1424, -26.3214], [150.125, -26.3125], [150.1244, -26.3407], [150.1051, -26.3465], [150.0911, -26.3701], [150.0993, -26.3908], [150.0771, -26.4042], [150.0566, -26.3913], [150.0316, -26.4121], [149.9934, -26.4129], [149.9649, -26.4246], [149.9458, -26.425], [149.9333, -26.4083], [149.925, -26.4083], [149.9079, -26.4215], [149.876, -26.4119], [149.8741, -26.4253], [149.8438, -26.409], [149.8097, -26.409], [149.8034, -26.3965], [149.7667, -26.4], [149.7615, -26.3923], [149.7353, -26.3911], [149.7131, -26.374], [149.7208, -26.3208], [149.7118, -26.3408], [149.6718, -26.3589], [149.6474, -26.35], [149.6375, -26.3625], [149.6226, -26.3621], [149.6024, -26.3504], [149.5833, -26.35], [149.5698, -26.334], [149.5437, -26.3296], [149.5355, -26.3369], [149.497, -26.3378], [149.491, -26.3134], [149.477, -26.3089]], [[147.6553, -22.5879], [147.6589, -22.5845], [147.6542, -22.5833], [147.6553, -22.5879]], [[149.0375, -23.9083], [149.0371, -23.9108], [149.0375, -23.9083], [149.0375, -23.9083]]]}}, {"type": "Feature", "properties": {"id": "burdekin", "name": "Burdekin", "country": "Australia"}, "geometry": {"type": "MultiPolygon", "coordinates": [[[[146.4208, -23.825], [146.4, -23.8208], [146.3996, -23.8017], [146.3875, -23.7812], [146.3958, -23.75], [146.3576, -23.7411], [146.3511, -23.7461], [146.3379, -23.7233], [146.3417, -23.7083], [146.3083, -23.7083], [146.2962, -23.6858], [146.2996, -23.6684], [146.2917, -23.6583], [146.2792, -23.6583], [146.2545, -23.6274], [146.2583, -23.6083], [146.2827, -23.5823], [146.2839, -23.5436], [146.2964, -23.5034], [146.2911, -23.4811], [146.274, -23.459], [146.2383, -23.4577], [146.2367, -23.4425], [146.2258, -23.4408], [146.2159, -23.4216], [146.1958, -23.4167], [146.1996, -23.4059], [146.1833, -23.3729], [146.1962, -23.3309], [146.2333, -23.3208], [146.2282, -23.2883], [146.2176, -23.2867], [146.2034, -23.2632], [146.1883, -23.2618], [146.1866, -23.2497], [146.162, -23.2548], [146.1331, -23.2491], [146.1417, -23.2083], [146.1574, -23.2035], [146.1715, -23.1759], [146.2, -23.1542], [146.1634, -23.1326], [146.1576, -23.1134], [146.1458, -23.1083], [146.1509, -23.0924], [146.1667, -23.0875], [146.1714, -23.0659], [146.1591, -23.0575], [146.1631, -23.0345], [146.1337, -23.0108], [146.1375, -22.9792], [146.1146, -22.9875], [146.1, -22.975], [146.1045, -22.9441], [146.0917, -22.9375], [146.1125, -22.8875], [146.0875, -22.8833], [146.0964, -22.8487], [146.0827, -22.7839], [146.0955, -22.7691], [146.0962, -22.715], [146.0663, -22.6717], [146.0549, -22.67], [146.05, -22.6458], [146.0792, -22.5833], [146.0746, -22.5517], [146.0542, -22.5375], [146.0545, -22.5184], [146.0788, -22.4941], [146.0795, -22.4725], [146.1077, -22.4574], [146.1167, -22.425], [146.092, -22.4066], [146.0875, -22.3833], [146.1006, -22.3534], [146.0962, -22.3434], [146.1205, -22.3149], [146.1212, -22.2775], [146.1129, -22.2691], [146.1043, -22.2305], [146.0704, -22.2242], [146.0833, -22.1875], [146.063, -22.1646], [146.0705, -22.1392], [146.0566, -22.1295], [146.0042, -22.125], [145.9955, -22.0941], [146.0042, -22.0708], [145.9899, -22.067], [145.9757, -22.0716], [145.97, -22.0993], [145.945, -22.1006], [145.9313, -22.0881], [145.9017, -22.0871], [145.8875, -22.075], [145.7733, -22.0746], [145.7215, -22.0991], [145.7203, -22.0811], [145.6833, -22.025], [145.6436, -22.0161], [145.5922, -21.9647], [145.5917, -21.9458], [145.6042, -21.9333], [145.5958, -21.9188], [145.6042, -21.875], [145.67, -21.845], [145.6917, -21.8167], [145.7199, -21.8173], [145.7259, -21.8325], [145.7542, -21.8542], [145.7691, -21.8371], [145.8, -21.8417], [145.8208, -21.8625], [145.8208, -21.875], [145.8458, -21.9083], [145.865, -21.9038], [145.8851, -21.9121], [145.9208, -21.9125], [145.9275, -21.9038], [145.9583, -21.9042], [145.9743, -21.895], [145.9757, -21.8758], [146.0201, -21.8365], [146.0215, -21.8175], [146.0448, -21.8118], [146.0728, -21.7798], [146.1, -21.7625], [146.0917, -21.725], [146.1, -21.7083], [146.0746, -21.6678], [146.0951, -21.6532], [146.1036, -21.6314], [146.1047, -21.5701], [146.0839, -21.5324], [146.0878, -21.497], [146.0551, -21.4827], [146.0375, -21.4458], [146.0134, -21.4366], [146.0042, -21.4167], [145.9684, -21.408], [145.9208, -21.3792], [145.9208, -21.3583], [145.908, -21.3351], [145.8913, -21.3176], [145.855, -21.3075], [145.85, -21.2833], [145.8341, -21.2784], [145.8292, -21.2625], [145.8174, -21.2574], [145.8125, -21.2375], [145.7842, -21.2325], [145.7667, -21.2042], [145.7506, -21.1991], [145.7375, -21.1625], [145.7204, -21.1577], [145.6716, -21.18], [145.6616, -21.2074], [145.634, -21.2342], [145.6326, -21.2575], [145.6042, -21.2708], [145.5962, -21.2851], [145.6004, -21.3149], [145.6121, -21.3267], [145.6089, -21.3647], [145.625, -21.3917], [145.6205, -21.4066], [145.5917, -21.4333], [145.6125, -21.45], [145.5964, -21.4686], [145.5917, -21.4958], [145.577, -21.4994], [145.5579, -21.4635], [145.5358, -21.4462], [145.5142, -21.4413], [145.4983, -21.4212], [145.4712, -21.415], [145.4491, -21.3339], [145.4017, -21.3295], [145.375, -21.3458], [145.3542, -21.3042], [145.3292, -21.3], [145.3288, -21.2851], [145.3045, -21.2524], [145.2958, -21.2042], [145.2717, -21.195], [145.2712, -21.1726], [145.2913, -21.1191], [145.292, -21.0475], [145.3142, -21.0254], [145.3417, -21.0292], [145.3328, -21.0091], [145.3458, -20.9833], [145.3413, -20.9608], [145.35, -20.9458], [145.3, -20.9417], [145.2615, -20.8882], [145.2478, -20.8869], [145.2132, -20.8574], [145.2089, -20.8076], [145.1783, -20.7175], [145.159, -20.7033], [145.158, -20.6851], [145.1316, -20.6545], [145.0958, -20.6458], [145.1004, -20.6184], [145.1333, -20.575], [145.1339, -20.5409], [145.1088, -20.5021], [145.1162, -20.4938], [145.1087, -20.4767], [145.125, -20.4667], [145.1208, -20.4354], [145.1, -20.4167], [145.0884, -20.416], [145.0832, -20.4054], [145.0701, -20.4089], [145.0436, -20.3994], [145.025, -20.375], [144.9759, -20.3702], [144.9663, -20.3434], [144.9563, -20.3333], [144.9351, -20.333], [144.9212, -20.3149], [144.9214, -20.2853], [144.9458, -20.2542], [144.9408, -20.2424], [144.9301, -20.241], [144.9146, -20.2213], [144.9012, -20.2256], [144.8708, -20.2], [144.8708, -20.175], [144.8524, -20.1629], [144.805, -20.1533], [144.7953, -20.1326], [144.8077, -20.1241], [144.8089, -20.1116], [144.8006, -20.1022], [144.8044, -20.0761], [144.7667, -20.0458], [144.7733, -20.0288], [144.7854, -20.0333], [144.8042, -20.0146], [144.7754, -19.9483], [144.775, -19.9167], [144.7095, -19.9256], [144.7033, -19.909], [144.6659, -19.9172], [144.6576, -19.9119], [144.6176, -19.934], [144.6083, -19.9625], [144.5875, -19.95], [144.5134, -19.9506], [144.4759, -19.9632], [144.4674, -19.9756], [144.4591, -19.9703], [144.4301, -19.9744], [144.4083, -19.9417], [144.3917, -19.9333], [144.3417, -19.9333], [144.3325, -19.9134], [144.3175, -19.9075], [144.317, -19.8816], [144.2962, -19.8566], [144.2955, -19.8108], [144.3045, -19.7983], [144.275, -19.7708], [144.2871, -19.7399], [144.283, -19.7184], [144.2421, -19.6813], [144.258, -19.6559], [144.225, -19.6187], [144.2708, -19.575], [144.2858, -19.592], [144.3483, -19.5871], [144.383, -19.5441], [144.4049, -19.4842], [144.4483, -19.4746], [144.4726, -19.4462], [144.5083, -19.4417], [144.5304, -19.3828], [144.552, -19.3994], [144.5917, -19.4], [144.6038, -19.3858], [144.5958, -19.3729], [144.6125, -19.3458], [144.6333, -19.3458], [144.6375, -19.3208], [144.6621, -19.324], [144.6759, -19.2925], [144.7042, -19.2646], [144.6913, -19.215], [144.7038, -19.1983], [144.7, -19.1792], [144.7191, -19.1788], [144.7351, -19.1504], [144.775, -19.15], [144.7629, -19.1316], [144.7616, -19.1134], [144.7341, -19.0991], [144.7458, -19.0625], [144.7286, -19.0448], [144.7417, -19.0292], [144.7, -18.9875], [144.7, -18.9604], [144.7167, -18.9417], [144.7071, -18.9166], [144.6854, -18.9244], [144.6758, -18.9199], [144.6742, -18.909], [144.6302, -18.9034], [144.605, -18.8908], [144.5907, -18.8714], [144.5667, -18.8708], [144.5923, -18.802], [144.62, -18.7909], [144.625, -18.775], [144.6125, -18.7562], [144.633, -18.7024], [144.6288, -18.6858], [144.6538, -18.6524], [144.6663, -18.6191], [144.6583, -18.6063], [144.6629, -18.59], [144.6462, -18.5775], [144.6542, -18.5521], [144.6455, -18.5275], [144.6663, -18.4899], [144.6621, -18.465], [144.6712, -18.4475], [144.6875, -18.4375], [144.6958, -18.3875], [144.7284, -18.3741], [144.7299, -18.3549], [144.7536, -18.348], [144.7577, -18.3217], [144.75, -18.3042], [144.7583, -18.3083], [144.7702, -18.299], [144.7708, -18.2833], [144.8103, -18.2631], [144.8397, -18.2578], [144.8686, -18.2381], [144.9241, -18.2368], [144.9546, -18.1926], [145.0145, -18.1631], [145.0549, -18.1578], [145.0822, -18.1628], [145.0875, -18.1458], [145.1451, -18.1632], [145.1619, -18.1896], [145.1591, -18.2076], [145.1784, -18.2091], [145.192, -18.2316], [145.2167, -18.25], [145.225, -18.275], [145.2449, -18.2799], [145.2704, -18.301], [145.2801, -18.3201], [145.3191, -18.3246], [145.3458, -18.3083], [145.3593, -18.3244], [145.3991, -18.3244], [145.4157, -18.3078], [145.4365, -18.309], [145.4464, -18.3408], [145.4895, -18.3828], [145.5035, -18.3783], [145.5049, -18.3676], [145.5281, -18.3453], [145.573, -18.3464], [145.6292, -18.375], [145.7116, -18.4718], [145.7038, -18.5066], [145.6833, -18.5167], [145.6839, -18.523], [145.7047, -18.5534], [145.6994, -18.5618], [145.7046, -18.5937], [145.7454, -18.6562], [145.742, -18.7108], [145.765, -18.7212], [145.7708, -18.7375], [145.7855, -18.734], [145.825, -18.7625], [145.8301, -18.8157], [145.8412, -18.8215], [145.8574, -18.8164], [145.8591, -18.8284], [145.8833, -18.8333], [145.8792, -18.8479], [145.8958, -18.8625], [145.9441, -18.8629], [145.9667, -18.8792], [145.9958, -18.8833], [146.0007, -18.9032], [146.0184, -18.9163], [146.0525, -18.9205], [146.0667, -18.9042], [146.1066, -18.9337], [146.1441, -18.9254], [146.1833, -18.9417], [146.1667, -18.9458], [146.1712, -18.9816], [146.1795, -18.99], [146.175, -19.0083], [146.19, -19.0038], [146.2316, -19.0129], [146.2434, -19.0455], [146.265, -19.0504], [146.275, -19.0667], [146.2992, -19.0716], [146.3145, -19.116], [146.3412, -19.1256], [146.3742, -19.1215], [146.3843, -19.1491], [146.3918, -19.1512], [146.3792, -19.1708], [146.3867, -19.1716], [146.3885, -19.1829], [146.4167, -19.2125], [146.4, -19.2521], [146.4219, -19.2955], [146.441, -19.305], [146.4507, -19.3616], [146.4824, -19.3757], [146.5035, -19.3966], [146.5042, -19.4125], [146.5233, -19.4087], [146.5542, -19.4208], [146.5583, -19.4625], [146.5744, -19.4717], [146.5783, -19.5158], [146.5632, -19.5217], [146.5619, -19.5355], [146.5421, -19.5562], [146.5422, -19.5939], [146.5589, -19.6159], [146.5536, -19.6284], [146.5572, -19.6878], [146.5132, -19.6869], [146.4994, -19.6991], [146.525, -19.7292], [146.5574, -19.7298], [146.5592, -19.7369], [146.5866, -19.7425], [146.5884, -19.845], [146.6142, -19.8663], [146.6324, -19.8673], [146.6381, -19.8784], [146.6339, -19.898], [146.6426, -19.9118], [146.7083, -19.9042], [146.7309, -19.9205], [146.7428, -19.9163], [146.7868, -19.9422], [146.8, -19.9375], [146.8159, -19.9464], [146.8323, -19.9452], [146.8426, -19.9298], [146.8688, -19.9255], [146.8909, -19.9422], [146.9042, -19.9375], [146.9217, -19.97], [146.9417, -19.9708], [146.9424, -19.9868], [146.9649, -19.9881], [146.9911, -19.966], [147.0333, -19.9708], [147.0625, -19.95], [147.0824, -19.9672], [147.1493, -19.9328], [147.1667, -19.9375], [147.1798, -19.8884], [147.1878, -19.8864], [147.1881, -19.8478], [147.2077, -19.8283], [147.2036, -19.7784], [147.2158, -19.7702], [147.2417, -19.7042], [147.2991, -19.6783], [147.3051, -19.6632], [147.3242, -19.6618], [147.3345, -19.6418], [147.365, -19.633], [147.3938, -19.6], [147.4066, -19.6038], [147.465, -19.583], [147.4992, -19.5968], [147.5008, -19.6076], [147.5292, -19.6167], [147.525, -19.6667], [147.5017, -19.6712], [147.4649, -19.7038], [147.4275, -19.6996], [147.4, -19.7208], [147.3993, -19.7134], [147.3842, -19.7131], [147.3343, -19.7504], [147.3462, -19.7858], [147.3625, -19.8062], [147.3625, -19.825], [147.3782, -19.8285], [147.3845, -19.8164], [147.4417, -19.8333], [147.4676, -19.8913], [147.4868, -19.9006], [147.5366, -19.8994], [147.5493, -19.8869], [147.5583, -19.8917], [147.5509, -19.8967], [147.542, -19.9351], [147.5384, -19.9994], [147.5708, -19.9917], [147.5708, -20.05], [147.6033, -20.0675], [147.6282, -20.1006], [147.661, -20.0917], [147.6673, -20.1157], [147.6875, -20.1292], [147.6925, -20.1134], [147.7397, -20.1078], [147.7458, -20.1], [147.7691, -20.1004], [147.7892, -20.1163], [147.8208, -20.1208], [147.8206, -20.1405], [147.841, -20.1509], [147.8465, -20.1865], [147.8574, -20.1964], [147.8697, -20.1914], [147.8991, -20.2342], [147.901, -20.2702], [147.924, -20.2715], [147.93, -20.291], [147.9708, -20.2958], [147.9936, -20.3203], [148.0241, -20.3215], [148.0292, -20.3333], [148.0213, -20.3437], [148.0202, -20.3866], [148.0047, -20.4061], [148.0047, -20.4314], [148.0176, -20.4618], [148.0408, -20.4674], [148.0547, -20.4865], [148.0542, -20.5125], [148.0965, -20.5657], [148.1238, -20.57], [148.1202, -20.5343], [148.1326, -20.5325], [148.1333, -20.5208], [148.154, -20.5304], [148.1677, -20.5576], [148.1997, -20.5715], [148.2146, -20.5589], [148.2437, -20.5827], [148.2576, -20.5841], [148.2583, -20.5917], [148.2757, -20.5676], [148.2875, -20.5708], [148.2966, -20.6034], [148.3292, -20.6125], [148.3298, -20.6323], [148.3616, -20.6509], [148.3726, -20.6996], [148.4191, -20.7087], [148.4333, -20.7042], [148.4337, -20.7233], [148.4621, -20.7476], [148.4629, -20.7774], [148.4759, -20.7993], [148.5125, -20.8042], [148.5554, -20.8422], [148.5693, -20.8375], [148.5786, -20.8478], [148.605, -20.9283], [148.6371, -20.9601], [148.642, -21.0025], [148.6333, -21.025], [148.625, -21.0125], [148.6297, -21.0097], [148.6042, -21.0125], [148.5993, -21.0325], [148.5885, -21.0341], [148.5784, -21.0575], [148.5468, -21.0757], [148.5314, -21.0953], [148.5176, -21.0965], [148.5163, -21.1066], [148.4975, -21.1129], [148.4871, -21.1275], [148.4879, -21.1441], [148.5017, -21.158], [148.5667, -21.1792], [148.558, -21.19], [148.5621, -21.2275], [148.5417, -21.2375], [148.5458, -21.3], [148.5333, -21.325], [148.525, -21.325], [148.5158, -21.3007], [148.4618, -21.2744], [148.4382, -21.2842], [148.4371, -21.3316], [148.4087, -21.3517], [148.4024, -21.3746], [148.3601, -21.3754], [148.3208, -21.3875], [148.3083, -21.4167], [148.25, -21.4167], [148.2396, -21.4042], [148.1784, -21.4172], [148.1657, -21.4119], [148.1342, -21.4257], [148.1491, -21.4576], [148.0708, -21.4583], [148.0621, -21.49], [148.0625, -21.5417], [148.0267, -21.5545], [148.015, -21.5705], [147.9958, -21.5708], [147.9833, -21.5917], [147.9718, -21.5962], [147.9422, -21.652], [147.9458, -21.675], [147.9198, -21.6881], [147.9007, -21.6759], [147.8825, -21.7283], [147.8175, -21.7759], [147.8226, -21.783], [147.8608, -21.7879], [147.8708, -21.7958], [147.8705, -21.8108], [147.8667, -21.8333], [147.8465, -21.851], [147.8452, -21.8658], [147.8261, -21.8753], [147.8104, -21.8588], [147.7882, -21.8676], [147.7869, -21.9366], [147.7667, -21.9667], [147.7839, -22.0243], [147.7796, -22.0313], [147.7953, -22.0478], [147.8042, -22.075], [147.8786, -22.1395], [147.8881, -22.2272], [147.9083, -22.2375], [147.9208, -22.2562], [147.917, -22.2691], [147.9337, -22.2983], [147.9333, -22.3292], [147.9647, -22.3381], [147.9907, -22.3631], [148.0076, -22.3536], [148.0259, -22.3741], [148.0506, -22.3804], [148.0466, -22.4033], [148.0579, -22.4104], [148.0494, -22.4243], [148.0662, -22.4437], [148.0625, -22.4625], [148.0092, -22.4884], [147.9954, -22.5115], [147.9726, -22.5212], [147.9458, -22.55], [147.9021, -22.5208], [147.8417, -22.5208], [147.8208, -22.5375], [147.775, -22.5125], [147.7458, -22.5417], [147.7353, -22.5411], [147.7241, -22.5256], [147.7, -22.5208], [147.6783, -22.5493], [147.6631, -22.5561], [147.6542, -22.5833], [147.6259, -22.5925], [147.6284, -22.6243], [147.5809, -22.6295], [147.5524, -22.6496], [147.5316, -22.6413], [147.5229, -22.65], [147.4758, -22.6466], [147.475, -22.6542], [147.4509, -22.6536], [147.4489, -22.6456], [147.425, -22.65], [147.4161, -22.6909], [147.4256, -22.7074], [147.4244, -22.7283], [147.4161, -22.7304], [147.4208, -22.75], [147.3962, -22.76], [147.3913, -22.8024], [147.3708, -22.8125], [147.3712, -22.8441], [147.3837, -22.8608], [147.358, -22.9066], [147.3676, -22.9371], [147.3869, -22.9605], [147.3633, -22.9799], [147.3459, -23.0154], [147.33, -23.0218], [147.3283, -23.0326], [147.3131, -23.0426], [147.3035, -23.0783], [147.2953, -23.0804], [147.2995, -23.0937], [147.2839, -23.1311], [147.2868, -23.1701], [147.2714, -23.1716], [147.259, -23.1854], [147.2587, -23.2358], [147.2712, -23.2733], [147.2833, -23.2833], [147.2795, -23.3024], [147.2917, -23.3229], [147.283, -23.3316], [147.283, -23.3608], [147.2629, -23.3892], [147.2621, -23.4358], [147.25, -23.45], [147.2551, -23.4618], [147.2786, -23.477], [147.2839, -23.4909], [147.275, -23.5083], [147.2833, -23.5208], [147.2524, -23.5455], [147.2313, -23.5542], [147.2208, -23.55], [147.2078, -23.5784], [147.2131, -23.5868], [147.2, -23.6083], [147.1995, -23.7062], [147.1917, -23.7208], [147.2047, -23.7304], [147.1955, -23.74], [147.2, -23.7708], [147.2191, -23.7795], [147.233, -23.8017], [147.2254, -23.8358], [147.2371, -23.8559], [147.2337, -23.8816], [147.2417, -23.9], [147.2375, -23.9125], [147.2241, -23.9078], [147.1906, -23.9411], [147.175, -23.9417], [147.1629, -23.9726], [147.1798, -24.0115], [147.2044, -24.0262], [147.2044, -24.0364], [147.1786, -24.0659], [147.1833, -24.0833], [147.1521, -24.0958], [147.1316, -24.0871], [147.0976, -24.0962], [147.0816, -24.1121], [147.0476, -24.117], [147.0379, -24.1267], [147.0369, -24.1449], [147.0134, -24.1509], [147.0116, -24.1575], [146.9542, -24.1667], [146.9496, -24.2066], [146.9371, -24.2191], [146.9417, -24.2271], [146.9246, -24.2566], [146.933, -24.2858], [146.9132, -24.3008], [146.9118, -24.3242], [146.8854, -24.3298], [146.8615, -24.3657], [146.8417, -24.3583], [146.8314, -24.3703], [146.8178, -24.3714], [146.8005, -24.3894], [146.7994, -24.4074], [146.7771, -24.4004], [146.7436, -24.4047], [146.7257, -24.4158], [146.7203, -24.3951], [146.7256, -24.3865], [146.7157, -24.3757], [146.6851, -24.3754], [146.6608, -24.3996], [146.6375, -24.4], [146.5966, -24.4172], [146.5759, -24.4134], [146.5833, -24.4417], [146.5561, -24.4411], [146.5032, -24.3799], [146.4868, -24.3744], [146.4554, -24.3797], [146.4458, -24.3583], [146.4309, -24.3538], [146.4116, -24.3215], [146.4009, -24.3201], [146.3792, -24.275], [146.3625, -24.2667], [146.3714, -24.2186], [146.4125, -24.1708], [146.3962, -24.1566], [146.3788, -24.1233], [146.4047, -24.0576], [146.3994, -24.0407], [146.425, -24.0083], [146.4174, -24.0076], [146.4119, -23.9705], [146.441, -23.9313], [146.4423, -23.9139], [146.4203, -23.8991], [146.4297, -23.8741], [146.4172, -23.8522], [146.4208, -23.825]]], [[[147.6589, -22.5845], [147.6553, -22.5879], [147.6542, -22.5833], [147.6589, -22.5845]]]]}}, {"type": "Feature", "properties": {"id": "swan-avon", "name": "Swan-Avon", "country": "Australia"}, "geometry": {"type": "Polygon", "coordinates": [[[119.0184, -33.6045], [119.0036, -33.6238], [119.0199, -33.6339], [119.0297, -33.6757], [119.0167, -33.7], [118.9275, -33.6955], [118.9021, -33.7083], [118.8899, -33.7004], [118.8561, -33.7006], [118.8465, -33.7093], [118.8411, -33.7397], [118.8261, -33.7503], [118.8241, -33.7423], [118.7826, -33.7369], [118.7675, -33.7425], [118.7439, -33.7703], [118.675, -33.7875], [118.65, -33.8333], [118.6218, -33.8339], [118.6201, -33.849], [118.5916, -33.8638], [118.5821, -33.8875], [118.5622, -33.8925], [118.5702, -33.9062], [118.5569, -33.9298], [118.5333, -33.925], [118.5033, -33.8925], [118.4647, -33.8756], [118.4228, -33.8703], [118.3958, -33.8542], [118.3955, -33.8226], [118.367, -33.8066], [118.3667, -33.7458], [118.3895, -33.7089], [118.4246, -33.6983], [118.4205, -33.6684], [118.3926, -33.6493], [118.3866, -33.6342], [118.3375, -33.625], [118.3285, -33.5759], [118.3021, -33.5792], [118.2809, -33.5705], [118.2417, -33.5375], [118.2461, -33.4905], [118.2369, -33.4534], [118.2661, -33.3939], [118.2661, -33.3811], [118.25, -33.3667], [118.2621, -33.3566], [118.2661, -33.3397], [118.2618, -33.3134], [118.2333, -33.2875], [118.2332, -33.2387], [118.2008, -33.2285], [118.1954, -33.216], [118.1887, -33.2209], [118.1791, -33.2012], [118.1636, -33.1914], [118.1881, -33.1532], [118.1788, -33.1309], [118.1632, -33.1241], [118.1618, -33.1134], [118.1333, -33.0917], [118.1379, -33.0358], [118.1215, -33.0116], [118.1159, -32.9758], [118.0954, -32.9702], [118.0708, -32.975], [118.0483, -32.9254], [118.0135, -32.9296], [117.9814, -32.9047], [117.9687, -32.9079], [117.9271, -32.8958], [117.9024, -32.9121], [117.8833, -32.9083], [117.875, -32.8958], [117.8787, -32.8854], [117.848, -32.8631], [117.8271, -32.8704], [117.7958, -32.8375], [117.7458, -32.8417], [117.725, -32.8167], [117.7051, -32.8161], [117.6741, -32.7674], [117.6637, -32.7661], [117.6282, -32.8006], [117.6021, -32.7838], [117.5438, -32.8079], [117.5125, -32.8042], [117.4476, -32.8205], [117.4333, -32.7958], [117.4132, -32.7824], [117.4083, -32.7542], [117.3875, -32.7458], [117.3826, -32.7175], [117.3592, -32.7035], [117.3538, -32.6885], [117.3167, -32.65], [117.3333, -32.6271], [117.3292, -32.6], [117.3586, -32.5822], [117.3464, -32.5741], [117.3375, -32.55], [117.3216, -32.5493], [117.3201, -32.5215], [117.2729, -32.5202], [117.2656, -32.5091], [117.2354, -32.5119], [117.2167, -32.5], [117.1983, -32.5121], [117.1458, -32.5083], [117.1458, -32.5312], [117.1313, -32.55], [117.1032, -32.5453], [117.0199, -32.5589], [116.9814, -32.5422], [116.9467, -32.545], [116.925, -32.5292], [116.9059, -32.5587], [116.8642, -32.5545], [116.8434, -32.5712], [116.8125, -32.5667], [116.7991, -32.5424], [116.7451, -32.5286], [116.6875, -32.5667], [116.6658, -32.5467], [116.6375, -32.5375], [116.6333, -32.5208], [116.605, -32.5241], [116.591, -32.5051], [116.5689, -32.4922], [116.5267, -32.4871], [116.5191, -32.4795], [116.5, -32.4792], [116.4996, -32.49], [116.4858, -32.5038], [116.4618, -32.4994], [116.4429, -32.5172], [116.3979, -32.4796], [116.3826, -32.4881], [116.3605, -32.4672], [116.3375, -32.4708], [116.3228, -32.4619], [116.2758, -32.416], [116.2742, -32.405], [116.2417, -32.3833], [116.2547, -32.3493], [116.2407, -32.3298], [116.1934, -32.3371], [116.1563, -32.3208], [116.1093, -32.3199], [116.0909, -32.2757], [116.075, -32.275], [116.066, -32.2259], [116.0533, -32.2131], [116.0054, -32.221], [115.9908, -32.1965], [115.9701, -32.1911], [115.9563, -32.1995], [115.9159, -32.1786], [115.8958, -32.1833], [115.8869, -32.1493], [115.9006, -32.1304], [115.8882, -32.124], [115.8866, -32.1131], [115.8676, -32.1119], [115.8538, -32.0767], [115.84, -32.0629], [115.8, -32.0792], [115.7788, -32.0512], [115.7603, -32.0536], [115.742, -32.04], [115.7489, -32.0419], [115.7672, -32.0118], [115.7578, -31.9929], [115.7714, -31.9784], [115.7661, -31.9576], [115.7708, -31.9292], [115.8105, -31.9369], [115.8215, -31.9176], [115.8368, -31.9116], [115.8382, -31.8967], [115.849, -31.8913], [115.8583, -31.8708], [115.8458, -31.8375], [115.8589, -31.8345], [115.8297, -31.8064], [115.8339, -31.7887], [115.8256, -31.7866], [115.8244, -31.7561], [115.8047, -31.7314], [115.7994, -31.6993], [115.8051, -31.6881], [115.8772, -31.6869], [115.899, -31.6785], [115.9089, -31.6591], [115.9076, -31.6299], [115.8976, -31.6288], [115.8871, -31.615], [115.8955, -31.6066], [115.8926, -31.5923], [115.9119, -31.5864], [115.9035, -31.5622], [115.9076, -31.5382], [115.8719, -31.5368], [115.8647, -31.5172], [115.8369, -31.5113], [115.842, -31.4608], [115.8333, -31.4417], [115.8563, -31.441], [115.8867, -31.4282], [115.8966, -31.4008], [115.9159, -31.391], [115.9605, -31.3965], [115.9912, -31.409], [116.0162, -31.4035], [116.0333, -31.4083], [116.0535, -31.3949], [116.0533, -31.38], [116.0456, -31.378], [116.0506, -31.3595], [116.0333, -31.3417], [116.0381, -31.3093], [116.0079, -31.3131], [115.9749, -31.2944], [115.9869, -31.2813], [115.967, -31.2524], [115.9708, -31.2458], [115.9625, -31.2458], [115.9408, -31.2132], [115.9147, -31.2006], [115.8619, -31.197], [115.8667, -31.1708], [115.9033, -31.1618], [115.9243, -31.1411], [115.9451, -31.1451], [115.9495, -31.1228], [115.9412, -31.1136], [115.9547, -31.0991], [115.9495, -31.0927], [115.9589, -31.0824], [115.9587, -31.0517], [116.0042, -31.0417], [116.015, -31.0545], [116.0566, -31.042], [116.1059, -31.0705], [116.1316, -31.0754], [116.15, -31.1083], [116.1966, -31.1172], [116.2116, -31.1092], [116.2286, -31.1301], [116.2292, -31.15], [116.2564, -31.1506], [116.2816, -31.1712], [116.3042, -31.1542], [116.3283, -31.159], [116.3495, -31.1756], [116.3617, -31.1742], [116.372, -31.1584], [116.3867, -31.1534], [116.3884, -31.1414], [116.4858, -31.1663], [116.5083, -31.1583], [116.5134, -31.1425], [116.5366, -31.1368], [116.5411, -31.1186], [116.5212, -31.0854], [116.5339, -31.0738], [116.5046, -31.0396], [116.5125, -31.0292], [116.4953, -30.9949], [116.512, -30.9563], [116.495, -30.9342], [116.4792, -30.9292], [116.4788, -30.9101], [116.4708, -30.9021], [116.491, -30.8854], [116.474, -30.8674], [116.4466, -30.8617], [116.4506, -30.8246], [116.4449, -30.8134], [116.4214, -30.7949], [116.4208, -30.7792], [116.3965, -30.7658], [116.3908, -30.7424], [116.3426, -30.7368], [116.3365, -30.7257], [116.3034, -30.7119], [116.274, -30.7256], [116.2455, -30.6941], [116.25, -30.6875], [116.278, -30.6922], [116.2801, -30.684], [116.3007, -30.6744], [116.3063, -30.6787], [116.3439, -30.6578], [116.3618, -30.6449], [116.3675, -30.6259], [116.3887, -30.6036], [116.4284, -30.6089], [116.4814, -30.5994], [116.5118, -30.5699], [116.517, -30.53], [116.5284, -30.5284], [116.5292, -30.5208], [116.5696, -30.5256], [116.5754, -30.5135], [116.6035, -30.5032], [116.6049, -30.4759], [116.6333, -30.4625], [116.6208, -30.4271], [116.6342, -30.4009], [116.6533, -30.3951], [116.65, -30.3646], [116.6621, -30.3441], [116.6538, -30.3108], [116.6625, -30.3021], [116.6583, -30.2833], [116.6467, -30.2827], [116.6333, -30.2625], [116.6384, -30.2507], [116.6576, -30.2492], [116.6627, -30.2134], [116.6948, -30.1957], [116.6798, -30.1521], [116.6967, -30.1299], [116.7114, -30.1336], [116.7316, -30.1246], [116.7476, -30.133], [116.7855, -30.1339], [116.7978, -30.1453], [116.8283, -30.1464], [116.8603, -30.1703], [116.9333, -30.1917], [116.9458, -30.2125], [116.941, -30.2283], [116.925, -30.2417], [116.9586, -30.2636], [116.959, -30.3157], [116.9829, -30.3301], [116.9958, -30.3583], [116.991, -30.4326], [116.9842, -30.4366], [117.0333, -30.4875], [117.0208, -30.5208], [117.0425, -30.5533], [117.0728, -30.5703], [117.0908, -30.5715], [117.0917, -30.6125], [117.1147, -30.6131], [117.1853, -30.6578], [117.224, -30.6494], [117.2535, -30.6116], [117.2583, -30.5917], [117.295, -30.5866], [117.3045, -30.572], [117.2958, -30.5667], [117.3, -30.55], [117.3542, -30.5208], [117.3951, -30.5161], [117.4407, -30.5424], [117.4561, -30.5828], [117.4824, -30.5924], [117.4917, -30.6083], [117.5083, -30.6083], [117.5226, -30.6413], [117.5691, -30.6504], [117.5983, -30.6462], [117.615, -30.6587], [117.6399, -30.6545], [117.6684, -30.6746], [117.7, -30.6792], [117.716, -30.6698], [117.7167, -30.6417], [117.7625, -30.6292], [117.75, -30.5812], [117.7705, -30.5566], [117.7712, -30.5142], [117.783, -30.4899], [117.7788, -30.4559], [117.7491, -30.409], [117.7417, -30.4083], [117.7458, -30.3937], [117.725, -30.3542], [117.7369, -30.3397], [117.7465, -30.3009], [117.7866, -30.2741], [117.801, -30.2465], [117.8458, -30.225], [117.875, -30.2292], [117.903, -30.2121], [117.9104, -30.2245], [117.9691, -30.2205], [118.0064, -30.2297], [118.0371, -30.2426], [118.0521, -30.262], [118.0647, -30.2589], [118.0741, -30.2672], [118.0897, -30.2661], [118.1187, -30.2458], [118.1851, -30.2705], [118.2491, -30.2744], [118.2868, -30.2494], [118.2993, -30.2547], [118.3316, -30.2462], [118.3587, -30.2858], [118.3708, -30.2917], [118.4375, -30.2667], [118.4381, -30.2426], [118.4496, -30.2358], [118.45, -30.2208], [118.4411, -30.1686], [118.4208, -30.1271], [118.4288, -30.1024], [118.425, -30.0875], [118.43, -30.0758], [118.4454, -30.0702], [118.4875, -30.0792], [118.5259, -30.0257], [118.5493, -30.024], [118.5797, -29.9179], [118.575, -29.9042], [118.5566, -29.892], [118.5292, -29.8875], [118.5337, -29.8559], [118.558, -29.8274], [118.5674, -29.8009], [118.5991, -29.7701], [118.5922, -29.7394], [118.6061, -29.7214], [118.6208, -29.7167], [118.6208, -29.6917], [118.6316, -29.683], [118.6691, -29.692], [118.7042, -29.6875], [118.7297, -29.6395], [118.7583, -29.6208], [118.7775, -29.6212], [118.7936, -29.6453], [118.825, -29.6542], [118.8525, -29.6455], [118.9125, -29.6458], [118.95, -29.6625], [118.9733, -29.633], [119.0066, -29.6371], [119.0434, -29.6087], [119.0625, -29.6042], [119.0757, -29.6741], [119.0976, -29.6913], [119.1191, -29.6962], [119.1254, -29.7108], [119.1417, -29.7208], [119.1379, -29.7399], [119.1504, -29.7774], [119.1726, -29.8121], [119.1896, -29.8208], [119.2191, -29.808], [119.2691, -29.8129], [119.2771, -29.8208], [119.2958, -29.8125], [119.3115, -29.8256], [119.3364, -29.8206], [119.3537, -29.8521], [119.3509, -29.8825], [119.355, -29.8908], [119.3667, -29.8917], [119.3629, -29.9066], [119.3717, -29.9325], [119.4103, -29.9661], [119.475, -29.9667], [119.4667, -30.0333], [119.4795, -30.0941], [119.4634, -30.145], [119.5009, -30.17], [119.5413, -30.1676], [119.555, -30.1866], [119.5825, -30.2009], [119.566, -30.2212], [119.5759, -30.2407], [119.6008, -30.2617], [119.6159, -30.2633], [119.6083, -30.2958], [119.6407, -30.2952], [119.6426, -30.2882], [119.6708, -30.2833], [119.6926, -30.2662], [119.748, -30.2839], [119.7592, -30.2993], [119.7895, -30.3119], [119.8288, -30.3135], [119.8426, -30.341], [119.9272, -30.3506], [119.9448, -30.3672], [119.9667, -30.3625], [119.9637, -30.3873], [120.0033, -30.4007], [120.0083, -30.4125], [120.0667, -30.4458], [120.077, -30.4744], [120.1274, -30.492], [120.1542, -30.5125], [120.155, -30.5533], [120.1744, -30.5686], [120.1756, -30.5865], [120.2125, -30.6125], [120.2208, -30.6417], [120.2491, -30.6423], [120.2551, -30.6618], [120.2824, -30.6673], [120.2875, -30.6792], [120.323, -30.6786], [120.3395, -30.6631], [120.4, -30.6583], [120.4175, -30.6868], [120.4499, -30.697], [120.4795, -30.7483], [120.4996, -30.7601], [120.5, -30.8], [120.5087, -30.8066], [120.5042, -30.8208], [120.525, -30.825], [120.5337, -30.8483], [120.5621, -30.8684], [120.5708, -30.9], [120.6042, -30.925], [120.6188, -30.9292], [120.6608, -30.9212], [120.6767, -30.9371], [120.6958, -30.9375], [120.7075, -30.9467], [120.7172, -31.0049], [120.7078, -31.0257], [120.7131, -31.0424], [120.7078, -31.0757], [120.7204, -31.0979], [120.716, -31.1241], [120.7048, -31.1384], [120.7045, -31.1608], [120.7121, -31.1684], [120.7129, -31.19], [120.7325, -31.1965], [120.7379, -31.2233], [120.758, -31.2434], [120.7587, -31.2649], [120.7788, -31.2934], [120.7875, -31.325], [120.8149, -31.333], [120.8708, -31.3042], [120.88, -31.3284], [120.9395, -31.3535], [120.97, -31.355], [120.9799, -31.395], [121.0079, -31.4052], [121.0244, -31.4228], [121.0257, -31.4365], [121.041, -31.4478], [121.042, -31.465], [121.0538, -31.4816], [121.0375, -31.5042], [120.9934, -31.517], [120.9774, -31.533], [120.9589, -31.5384], [120.9583, -31.5833], [120.8801, -31.5965], [120.8714, -31.6103], [120.875, -31.6417], [120.8375, -31.6625], [120.8059, -31.6629], [120.7958, -31.675], [120.7462, -31.6928], [120.7326, -31.72], [120.7214, -31.7217], [120.6991, -31.7616], [120.6839, -31.7728], [120.6827, -31.8073], [120.6717, -31.8134], [120.6616, -31.8533], [120.6337, -31.876], [120.6292, -31.8917], [120.597, -31.9006], [120.5949, -31.8924], [120.5647, -31.8839], [120.5368, -31.8828], [120.5042, -31.8958], [120.4728, -31.8911], [120.4051, -31.866], [120.3958, -31.8542], [120.3789, -31.8761], [120.3839, -31.8885], [120.3667, -31.9042], [120.3661, -31.923], [120.3575, -31.9366], [120.3423, -31.9426], [120.3366, -31.9658], [120.325, -31.9708], [120.3201, -31.9949], [120.3131, -31.9967], [120.3078, -32.0201], [120.3161, -32.048], [120.2917, -32.1], [120.2757, -32.1051], [120.2704, -32.1199], [120.2467, -32.1257], [120.2365, -32.1452], [120.1875, -32.15], [120.125, -32.2146], [120.115, -32.258], [120.0899, -32.2705], [120.072, -32.2661], [120.0592, -32.2759], [120.0637, -32.2916], [120.0756, -32.2972], [120.0742, -32.3075], [120.0635, -32.3091], [120.0448, -32.3413], [120.0042, -32.375], [120.0417, -32.4312], [120.0375, -32.45], [120.0667, -32.475], [120.0917, -32.55], [120.0875, -32.5625], [120.0673, -32.576], [120.0616, -32.6076], [120.0254, -32.6267], [120.0455, -32.6601], [120.0458, -32.6792], [120.0316, -32.6913], [120.0125, -32.6917], [120.0121, -32.7066], [119.9879, -32.7309], [119.9875, -32.7417], [119.9592, -32.7634], [119.9587, -32.7816], [119.9953, -32.8604], [119.9925, -32.8743], [120.0119, -32.8812], [120.0212, -32.9066], [120.017, -32.9233], [120.0371, -32.9517], [120.0375, -32.975], [120.0525, -32.9754], [120.0642, -32.9913], [120.0908, -33.0009], [120.1119, -33.0311], [120.1125, -33.0458], [120.0996, -33.0649], [120.0566, -33.0955], [120.0396, -33.088], [120.0272, -33.0994], [119.9591, -33.1256], [119.9417, -33.1208], [119.925, -33.1667], [119.883, -33.1715], [119.8759, -33.1664], [119.8742, -33.1825], [119.8583, -33.1917], [119.8441, -33.1837], [119.8229, -33.1954], [119.802, -33.1881], [119.7838, -33.2021], [119.7828, -33.2314], [119.7741, -33.245], [119.7208, -33.25], [119.7042, -33.2833], [119.7121, -33.3316], [119.6951, -33.3825], [119.6626, -33.3928], [119.6583, -33.4292], [119.6042, -33.4333], [119.6045, -33.4733], [119.6292, -33.5167], [119.6059, -33.5212], [119.5774, -33.5455], [119.5436, -33.5411], [119.498, -33.5214], [119.4767, -33.5288], [119.4167, -33.5083], [119.3991, -33.5452], [119.352, -33.5589], [119.3208, -33.5875], [119.3, -33.5958], [119.2506, -33.5533], [119.25, -33.5375], [119.2167, -33.5208], [119.1872, -33.5531], [119.1595, -33.5667], [119.1571, -33.5583], [119.1425, -33.5633], [119.1208, -33.6125], [119.0733, -33.5955], [119.0184, -33.6045]], [[117.2875, -31.95], [117.2875, -31.9583], [117.2833, -31.9583], [117.2875, -31.9583], [117.2875, -31.95]]]}}, {"type": "Feature", "properties": {"id": "mississippi", "name": "Mississippi", "country": "United States"}, "geometry": {"type": "Polygon", "coordinates": [[[-101.7991, 34.3507], [-101.8882, 34.4131], [-101.9191, 34.3879], [-101.9678, 34.442], [-101.9833, 34.4167], [-102.0858, 34.442], [-102.1187, 34.5208], [-102.33, 34.5881], [-102.3781, 34.5661], [-102.3979, 34.6036], [-102.6375, 34.5667], [-103.1645, 34.6369], [-103.2407, 34.6173], [-103.674, 34.6994], [-103.7417, 34.8167], [-103.9184, 34.8205], [-103.9625, 34.8708], [-104.0625, 34.9042], [-104.075, 34.9792], [-104.1657, 34.9536], [-104.2292, 34.9708], [-104.3216, 34.9161], [-104.4147, 34.9339], [-104.4875, 35.0333], [-104.5583, 35.05], [-104.6175, 35.2075], [-104.7083, 35.2625], [-104.7917, 35.2375], [-104.8417, 35.2958], [-104.8045, 35.3309], [-104.8215, 35.3908], [-104.875, 35.3958], [-104.9, 35.4667], [-105.0113, 35.5252], [-105.0, 35.5792], [-105.1, 35.7292], [-105.4147, 35.7422], [-105.4759, 35.8077], [-105.5333, 35.8], [-105.4917, 35.9417], [-105.5491, 35.9866], [-105.4453, 36.0554], [-105.4464, 36.1095], [-105.3965, 36.1843], [-105.4077, 36.2408], [-105.3292, 36.275], [-105.3244, 36.3966], [-105.3542, 36.4458], [-105.3286, 36.503], [-105.375, 36.55], [-105.3672, 36.6843], [-105.303, 36.7297], [-105.2254, 36.7309], [-105.2298, 36.8505], [-105.1997, 36.9157], [-105.2375, 37.0333], [-105.1661, 37.1489], [-105.1708, 37.3771], [-105.1333, 37.4083], [-105.2167, 37.5807], [-105.1917, 37.6167], [-105.2988, 37.6589], [-105.4958, 37.5792], [-105.4286, 37.8571], [-105.5833, 37.9667], [-105.6703, 38.1571], [-106.0175, 38.4533], [-106.0625, 38.4542], [-106.1592, 38.3423], [-106.25, 38.3458], [-106.2467, 38.441], [-106.3447, 38.5087], [-106.3631, 38.6158], [-106.45, 38.7], [-106.417, 38.7226], [-106.4121, 38.8233], [-106.3801, 38.8254], [-106.3208, 38.9125], [-106.4647, 38.9131], [-106.5511, 39.0003], [-106.5958, 38.9958], [-106.5995, 39.0396], [-106.5625, 39.1542], [-106.5167, 39.1583], [-106.492, 39.1976], [-106.5045, 39.2975], [-106.4292, 39.3167], [-106.4075, 39.3783], [-106.2882, 39.3494], [-106.2184, 39.3795], [-106.0267, 39.3587], [-105.9417, 39.4583], [-105.8632, 39.4967], [-105.8657, 39.5288], [-105.8208, 39.5333], [-105.8375, 39.5734], [-105.775, 39.6083], [-105.8636, 39.6711], [-105.9105, 39.6631], [-105.9202, 39.7116], [-105.8792, 39.7375], [-105.8875, 39.7958], [-105.7601, 39.7962], [-105.6924, 39.8383], [-105.6875, 40.0125], [-105.6379, 40.0351], [-105.6254, 40.1271], [-105.6797, 40.1969], [-105.6506, 40.2564], [-105.7911, 40.3853], [-105.8048, 40.4658], [-105.8907, 40.4785], [-105.9008, 40.4007], [-105.9583, 40.3458], [-106.0343, 40.3714], [-106.1333, 40.3292], [-106.2333, 40.325], [-106.2939, 40.3578], [-106.3073, 40.3287], [-106.3561, 40.3578], [-106.448, 40.3506], [-106.4921, 40.4131], [-106.53, 40.3675], [-106.616, 40.38], [-106.7083, 40.6146], [-106.6661, 40.6948], [-106.6704, 40.7646], [-106.6339, 40.7936], [-106.6578, 40.8571], [-106.849, 40.9244], [-106.8577, 40.9986], [-106.9375, 41.0167], [-106.8884, 41.0783], [-106.9958, 41.1167], [-106.9879, 41.1699], [-107.1283, 41.2256], [-107.1161, 41.2507], [-107.1583, 41.3], [-107.1333, 41.3292], [-107.2083, 41.4], [-107.3, 41.3792], [-107.3417, 41.4042], [-107.35, 41.4375], [-107.3083, 41.4625], [-107.3228, 41.5286], [-107.4458, 41.5583], [-107.4809, 41.5295], [-107.5167, 41.5542], [-107.5659, 41.5203], [-107.628, 41.5246], [-107.7417, 41.5625], [-107.8941, 41.4837], [-108.0228, 41.6285], [-108.0934, 41.642], [-108.1256, 41.6283], [-108.1292, 41.5833], [-108.2917, 41.5542], [-108.345, 41.58], [-108.3256, 41.6105], [-108.3539, 41.6655], [-108.6042, 41.6667], [-108.5839, 41.7647], [-108.6976, 41.8121], [-108.8104, 41.8458], [-108.9958, 41.8], [-109.0132, 41.8741], [-109.0667, 41.9042], [-108.9167, 42.0], [-108.9045, 42.0572], [-108.8423, 42.1187], [-108.8714, 42.1743], [-108.8667, 42.3375], [-109.0, 42.4292], [-109.1875, 42.4917], [-109.1955, 42.5358], [-109.092, 42.6392], [-109.1424, 42.7451], [-109.2325, 42.7634], [-109.2178, 42.8086], [-109.3158, 42.8548], [-109.3684, 42.9455], [-109.55, 43.0125], [-109.5708, 43.1042], [-109.6538, 43.1726], [-109.7004, 43.3691], [-109.7871, 43.3851], [-109.7712, 43.4449], [-109.8988, 43.4881], [-109.9446, 43.4703], [-109.9551, 43.5494], [-110.0577, 43.5926], [-110.0375, 43.6125], [-110.0589, 43.6592], [-110.0328, 43.6738], [-110.0792, 43.7417], [-110.0199, 43.7951], [-109.8884, 43.809], [-109.8217, 43.859], [-109.87, 43.9216], [-109.8583, 43.9583], [-109.9983, 43.9504], [-110.0478, 44.0078], [-110.1184, 43.9955], [-110.1689, 44.0214], [-110.2047, 44.0613], [-110.2, 44.1792], [-110.2772, 44.1839], [-110.3254, 44.2283], [-110.3868, 44.2175], [-110.3577, 44.3049], [-110.3917, 44.3375], [-110.5608, 44.3337], [-110.6625, 44.425], [-110.6093, 44.4827], [-110.7333, 44.4833], [-110.7259, 44.4215], [-110.8823, 44.3369], [-111.0006, 44.4741], [-111.1708, 44.525], [-111.2781, 44.6506], [-111.2744, 44.6821], [-111.3833, 44.7583], [-111.4059, 44.7129], [-111.4868, 44.6991], [-111.4744, 44.6657], [-111.5256, 44.6153], [-111.5159, 44.5675], [-111.4674, 44.5424], [-111.7083, 44.5583], [-111.8208, 44.5125], [-111.8625, 44.5625], [-112.1131, 44.5245], [-112.2949, 44.5702], [-112.3574, 44.5369], [-112.3833, 44.45], [-112.7059, 44.5038], [-112.7824, 44.4827], [-112.8339, 44.4257], [-112.8125, 44.3792], [-112.8524, 44.3587], [-113.008, 44.4601], [-113.009, 44.5283], [-113.0792, 44.6], [-113.0506, 44.6397], [-113.1339, 44.7741], [-113.2559, 44.8212], [-113.3399, 44.7837], [-113.375, 44.8375], [-113.4583, 44.8667], [-113.4917, 44.9292], [-113.4465, 44.9593], [-113.4547, 45.0564], [-113.5163, 45.0892], [-113.5142, 45.1163], [-113.5742, 45.1258], [-113.5911, 45.1802], [-113.7369, 45.3259], [-113.7328, 45.3924], [-113.775, 45.4083], [-113.7673, 45.5199], [-113.825, 45.525], [-113.8042, 45.6042], [-113.9, 45.6208], [-113.9328, 45.6853], [-113.9039, 45.7008], [-113.9084, 45.757], [-113.8708, 45.7792], [-113.8187, 45.7505], [-113.7007, 45.8422], [-113.5395, 45.8756], [-113.5115, 45.9454], [-113.475, 45.9375], [-113.4618, 45.9824], [-113.3771, 46.0208], [-113.3309, 46.0045], [-113.2792, 46.0583], [-113.1542, 46.0667], [-112.9307, 46.0125], [-112.9066, 45.9212], [-112.7583, 45.925], [-112.6882, 45.8786], [-112.6083, 45.9], [-112.5875, 45.8333], [-112.523, 45.7922], [-112.4992, 45.8241], [-112.45, 45.8167], [-112.4042, 45.8833], [-112.4333, 46.0167], [-112.5208, 46.1396], [-112.5083, 46.1833], [-112.575, 46.1792], [-112.5917, 46.2333], [-112.5316, 46.333], [-112.45, 46.3292], [-112.4116, 46.3826], [-112.3425, 46.3884], [-112.2911, 46.5302], [-112.3217, 46.7243], [-112.4691, 46.7212], [-112.5375, 46.7708], [-112.5167, 46.8333], [-112.4634, 46.8592], [-112.5004, 46.8845], [-112.4917, 46.9167], [-112.3385, 46.9841], [-112.3257, 47.0574], [-112.4201, 47.1093], [-112.4417, 47.1625], [-112.5507, 47.166], [-112.6049, 47.2241], [-112.7417, 47.2375], [-112.7302, 47.2869], [-112.9333, 47.3417], [-112.916, 47.3799], [-113.0208, 47.4875], [-113.1161, 47.4978], [-113.1672, 47.728], [-113.0853, 47.7464], [-113.0673, 47.7803], [-113.0619, 47.8671], [-113.0913, 47.9108], [-112.8786, 47.9802], [-112.9092, 48.0327], [-112.9525, 48.0372], [-112.9369, 48.0588], [-112.9949, 48.0961], [-112.997, 48.1334], [-113.05, 48.1208], [-113.0675, 48.1534], [-113.1333, 48.1375], [-113.2283, 48.1715], [-113.2296, 48.2365], [-113.3492, 48.2966], [-113.3542, 48.425], [-113.4792, 48.45], [-113.4714, 48.5491], [-113.5167, 48.575], [-113.3971, 48.6502], [-113.3533, 48.8241], [-113.2958, 48.8583], [-113.3316, 48.9246], [-113.2104, 48.925], [-113.075, 48.9833], [-113.0034, 49.0825], [-112.9052, 49.1464], [-112.7895, 49.1297], [-112.7909, 49.2118], [-112.745, 49.2741], [-112.6729, 49.2917], [-112.4687, 49.2704], [-112.2375, 49.1958], [-112.1208, 49.325], [-112.0259, 49.2993], [-112.0256, 49.2637], [-111.9551, 49.2161], [-111.8175, 49.1952], [-111.7772, 49.1339], [-111.6917, 49.1292], [-111.6625, 49.1708], [-111.5816, 49.142], [-111.5184, 49.1587], [-111.4958, 49.2042], [-111.5408, 49.2342], [-111.5208, 49.2708], [-111.4259, 49.2661], [-111.3771, 49.2954], [-111.3274, 49.2587], [-111.1833, 49.2417], [-111.1613, 49.1494], [-110.8125, 49.1417], [-110.7759, 49.1672], [-110.5341, 49.1369], [-110.475, 49.1667], [-110.5464, 49.2299], [-110.4923, 49.3218], [-110.5208, 49.4146], [-110.4373, 49.4425], [-110.4125, 49.5083], [-110.4503, 49.5905], [-110.4049, 49.5702], [-110.3867, 49.6159], [-110.1134, 49.6797], [-109.9292, 49.6417], [-109.8676, 49.6756], [-109.7842, 49.6577], [-109.75, 49.5792], [-109.7146, 49.5792], [-109.6392, 49.6462], [-109.5147, 49.6953], [-109.4604, 49.663], [-109.3083, 49.7375], [-109.1917, 49.7083], [-109.1701, 49.7338], [-109.0375, 49.7208], [-108.8375, 49.6542], [-108.8417, 49.6208], [-108.7688, 49.5542], [-108.7, 49.5833], [-108.6009, 49.5451], [-108.5538, 49.5072], [-108.5684, 49.4621], [-108.4375, 49.4625], [-108.4083, 49.547], [-108.4215, 49.6115], [-108.3034, 49.8034], [-108.2208, 49.7958], [-108.1963, 49.8506], [-108.0736, 49.8202], [-107.9917, 49.8417], [-108.0125, 49.925], [-107.975, 49.9292], [-107.975, 50.0042], [-107.8979, 49.9338], [-107.8208, 49.975], [-107.8208, 50.0333], [-107.7476, 50.017], [-107.6958, 50.0417], [-107.7042, 50.15], [-107.6591, 50.1633], [-107.6494, 50.2007], [-107.6875, 50.25], [-107.65, 50.3], [-107.5759, 50.2619], [-107.4744, 50.301], [-107.5006, 50.4074], [-107.5839, 50.4387], [-107.5712, 50.4733], [-107.625, 50.4792], [-107.6413, 50.524], [-107.5353, 50.5297], [-107.5162, 50.5672], [-107.384, 50.5259], [-107.3689, 50.5619], [-107.2924, 50.5758], [-107.2988, 50.6131], [-107.2208, 50.6083], [-107.1887, 50.6421], [-106.9405, 50.5911], [-106.7833, 50.625], [-106.7792, 50.5375], [-106.6104, 50.5333], [-106.5118, 50.4911], [-106.4375, 50.5333], [-106.4615, 50.4421], [-106.2885, 50.4035], [-106.2833, 50.3417], [-106.1979, 50.3], [-106.035, 50.333], [-106.0417, 50.2875], [-105.8886, 50.2836], [-105.8042, 50.2458], [-105.7083, 50.1917], [-105.6782, 50.0962], [-105.626, 50.0578], [-105.4625, 50.0917], [-105.4504, 50.0601], [-105.537, 49.9396], [-105.5042, 49.8625], [-105.4476, 49.8504], [-105.25, 49.9292], [-105.2191, 49.8587], [-105.0127, 49.8325], [-104.8968, 49.7411], [-104.8134, 49.7452], [-104.7795, 49.7024], [-104.8, 49.5958], [-104.7267, 49.6038], [-104.7042, 49.5667], [-104.7659, 49.52], [-104.7875, 49.4333], [-104.7136, 49.4494], [-104.675, 49.3875], [-104.5218, 49.441], [-104.4458, 49.3667], [-104.2895, 49.3578], [-104.1333, 49.3], [-104.0881, 49.2522], [-104.0899, 49.2087], [-104.0042, 49.1792], [-104.0254, 49.0928], [-103.9956, 49.0425], [-103.9259, 49.0535], [-103.9083, 49.0917], [-103.86, 49.0788], [-103.85, 49.025], [-103.7708, 48.9958], [-103.7366, 48.8801], [-103.6784, 48.8881], [-103.4424, 48.8035], [-103.4881, 48.7299], [-103.4574, 48.6674], [-103.3458, 48.6458], [-103.2601, 48.6712], [-103.2409, 48.7241], [-103.1032, 48.788], [-103.027, 48.7911], [-102.9396, 48.7375], [-102.907, 48.7964], [-102.6017, 48.7496], [-102.4885, 48.674], [-102.4708, 48.625], [-102.3868, 48.6283], [-102.3833, 48.5833], [-102.3449, 48.6327], [-102.2927, 48.641], [-102.1199, 48.4964], [-102.0292, 48.4875], [-102.0167, 48.4208], [-101.8426, 48.3535], [-101.8413, 48.31], [-101.8, 48.3], [-101.7917, 48.2625], [-101.6292, 48.1792], [-101.6083, 48.1042], [-101.5177, 48.0578], [-101.434, 48.0658], [-101.4324, 47.951], [-101.366, 47.961], [-101.3742, 47.9261], [-101.3055, 47.8958], [-101.2951, 47.8508], [-101.1966, 47.8244], [-101.0973, 47.8958], [-100.9895, 47.8953], [-100.8896, 47.8256], [-100.8133, 47.8368], [-100.775, 47.7833], [-100.5549, 47.7324], [-100.5494, 47.6466], [-100.5792, 47.6], [-100.5092, 47.5908], [-100.4992, 47.4798], [-100.3092, 47.4826], [-100.2542, 47.4708], [-100.2367, 47.4216], [-100.1312, 47.409], [-100.1119, 47.4866], [-100.05, 47.5042], [-99.9744, 47.648], [-99.9049, 47.676], [-99.8486, 47.7631], [-99.6009, 47.7381], [-99.6201, 47.795], [-99.5458, 47.8333], [-99.5033, 47.7868], [-99.3708, 47.8], [-99.3646, 47.8292], [-99.2187, 47.763], [-99.1017, 47.7629], [-99.0333, 47.8167], [-98.9669, 47.7906], [-98.9575, 47.7465], [-98.8083, 47.6943], [-98.7823, 47.6452], [-98.6464, 47.5741], [-98.7121, 47.5358], [-98.6869, 47.4757], [-98.7575, 47.4241], [-98.7663, 47.3309], [-98.7375, 47.2667], [-98.6875, 47.2625], [-98.6813, 47.2048], [-98.4591, 47.116], [-98.4659, 46.98], [-98.3382, 46.9034], [-98.2661, 46.7799], [-98.2702, 46.7218], [-98.1792, 46.7125], [-98.1634, 46.6744], [-98.089, 46.6875], [-97.9708, 46.65], [-98.0084, 46.5805], [-97.9664, 46.5342], [-98.0292, 46.4438], [-98.0121, 46.3892], [-98.0421, 46.2886], [-98.0089, 46.252], [-98.0589, 46.236], [-98.0578, 46.177], [-97.9228, 46.1744], [-97.8754, 46.1396], [-97.9663, 46.0483], [-97.97, 45.9675], [-97.8286, 45.9738], [-97.7324, 45.8048], [-97.6353, 45.841], [-97.3646, 45.7755], [-97.323, 45.8452], [-97.1909, 45.8994], [-97.1417, 45.975], [-97.098, 45.9172], [-97.0293, 45.9072], [-97.045, 45.8462], [-96.9865, 45.7008], [-96.8712, 45.6532], [-96.855, 45.5994], [-96.7924, 45.6381], [-96.7147, 45.6089], [-96.575, 45.6167], [-96.5542, 45.45], [-96.3896, 45.5036], [-96.1886, 45.4789], [-96.1741, 45.5826], [-96.0267, 45.6379], [-96.0184, 45.6795], [-95.925, 45.6958], [-95.9423, 45.767], [-95.888, 45.8396], [-95.9198, 45.8539], [-95.9036, 45.9155], [-95.9375, 45.9333], [-95.9035, 45.9505], [-95.9467, 46.0908], [-96.0411, 46.1686], [-96.0155, 46.2667], [-95.9417, 46.2417], [-95.925, 46.2792], [-95.7583, 46.2708], [-95.7363, 46.1828], [-95.685, 46.1996], [-95.6375, 46.1167], [-95.5792, 46.1208], [-95.5424, 46.1468], [-95.553, 46.1797], [-95.4453, 46.2199], [-95.4256, 46.2729], [-95.4616, 46.28], [-95.4917, 46.3625], [-95.6049, 46.3286], [-95.6167, 46.3708], [-95.473, 46.466], [-95.3883, 46.4674], [-95.384, 46.599], [-95.3289, 46.6218], [-95.4579, 46.6854], [-95.4285, 46.7378], [-95.4619, 46.8312], [-95.4125, 46.875], [-95.5547, 46.9243], [-95.5409, 46.9741], [-95.48, 46.9757], [-95.4452, 47.0495], [-95.4327, 47.157], [-95.4708, 47.225], [-95.3488, 47.2288], [-95.2965, 47.2927], [-95.3199, 47.3533], [-95.2417, 47.3958], [-95.3116, 47.5451], [-95.2132, 47.5881], [-95.1583, 47.5625], [-95.1322, 47.6003], [-95.055, 47.5884], [-95.0466, 47.62], [-95.0833, 47.65], [-95.0397, 47.6994], [-94.9046, 47.6494], [-94.7324, 47.7047], [-94.5968, 47.6786], [-94.3417, 47.775], [-94.2625, 47.6208], [-94.0145, 47.5494], [-93.85, 47.4375], [-93.75, 47.4792], [-93.6425, 47.4509], [-93.6453, 47.498], [-93.5771, 47.5454], [-93.5465, 47.5051], [-93.4869, 47.5493], [-93.4419, 47.703], [-93.3049, 47.6203], [-93.2405, 47.6714], [-93.1841, 47.6496], [-93.15, 47.6792], [-93.0797, 47.572], [-92.9841, 47.5367], [-92.975, 47.4708], [-93.0381, 47.4046], [-93.0426, 47.3216], [-93.1955, 47.1858], [-93.2119, 47.0926], [-93.0708, 47.0042], [-93.0841, 46.9633], [-93.133, 46.9617], [-93.2041, 46.8974], [-93.1238, 46.8203], [-92.9716, 46.8297], [-92.8092, 46.7908], [-92.7785, 46.6968], [-92.7241, 46.659], [-92.6475, 46.6545], [-92.6229, 46.7292], [-92.5744, 46.6338], [-92.5798, 46.5883], [-92.6423, 46.5546], [-92.6208, 46.525], [-92.6409, 46.4174], [-92.5258, 46.3991], [-92.4988, 46.3663], [-92.4505, 46.384], [-92.3104, 46.3215], [-92.255, 46.3586], [-92.2208, 46.3417], [-92.2198, 46.3881], [-92.1963, 46.3619], [-92.1542, 46.3917], [-92.1132, 46.3578], [-92.034, 46.3676], [-92.0064, 46.4036], [-91.9477, 46.3952], [-91.9292, 46.4417], [-91.8458, 46.4167], [-91.8059, 46.4371], [-91.766, 46.3674], [-91.7135, 46.3877], [-91.6719, 46.3631], [-91.6375, 46.4208], [-91.4625, 46.475], [-91.4161, 46.4176], [-91.2881, 46.3908], [-91.3131, 46.3579], [-91.2713, 46.2327], [-91.2146, 46.2744], [-91.1708, 46.2625], [-91.0674, 46.3047], [-90.9759, 46.2669], [-90.9659, 46.2134], [-90.6667, 46.175], [-90.4204, 46.2673], [-90.3149, 46.2254], [-90.2292, 46.2625], [-90.1412, 46.2285], [-90.0866, 46.2911], [-90.0174, 46.3047], [-89.9792, 46.2708], [-89.8801, 46.3003], [-89.7677, 46.1745], [-89.6395, 46.1994], [-89.5951, 46.1674], [-89.527, 46.1786], [-89.3701, 46.1328], [-89.3125, 46.1917], [-89.001, 46.1701], [-89.0042, 46.1083], [-88.9258, 46.1243], [-88.908, 46.0934], [-89.0423, 45.9951], [-89.0129, 45.9608], [-89.0284, 45.9216], [-88.9625, 45.8875], [-88.9661, 45.8436], [-88.9373, 45.8278], [-88.9908, 45.7952], [-88.9714, 45.7561], [-89.0674, 45.5885], [-89.1449, 45.5619], [-89.134, 45.5092], [-89.2075, 45.4659], [-89.2375, 45.3958], [-89.0299, 45.3119], [-88.9921, 45.3256], [-88.8967, 45.2467], [-89.1699, 45.0869], [-89.2003, 45.0386], [-89.1828, 45.0238], [-89.274, 44.9548], [-89.3167, 44.8146], [-89.2962, 44.785], [-89.3455, 44.7608], [-89.4256, 44.6304], [-89.4172, 44.4659], [-89.3458, 44.1917], [-89.5542, 44.0458], [-89.6174, 43.9132], [-89.6702, 43.8896], [-89.7042, 43.6625], [-89.5792, 43.6083], [-89.4841, 43.6159], [-89.4951, 43.5594], [-89.4083, 43.5208], [-89.302, 43.5173], [-89.1795, 43.5715], [-89.075, 43.5917], [-89.05, 43.5708], [-89.0188, 43.6119], [-88.9465, 43.6133], [-88.9667, 43.6542], [-88.8639, 43.6709], [-88.8294, 43.753], [-88.7174, 43.7839], [-88.6542, 43.7583], [-88.6189, 43.6714], [-88.4667, 43.6458], [-88.3503, 43.5741], [-88.2631, 43.4449], [-88.2913, 43.3559], [-88.2122, 43.2908], [-88.2292, 43.2458], [-88.1917, 43.2458], [-88.1864, 43.2091], [-88.1077, 43.1544], [-88.1375, 43.0472], [-88.0966, 43.0283], [-88.1125, 42.9708], [-88.0624, 42.928], [-88.082, 42.6827], [-88.0258, 42.6782], [-87.9833, 42.6208], [-87.9625, 42.7167], [-87.9309, 42.7121], [-87.925, 42.5708], [-87.875, 42.5792], [-87.8792, 42.3708], [-87.9204, 42.3354], [-87.9204, 42.2729], [-87.8205, 42.0434], [-87.7869, 41.9196], [-87.8087, 41.8733], [-87.73, 41.8657], [-87.6953, 41.8196], [-87.7375, 41.7458], [-87.7838, 41.759], [-87.8625, 41.7208], [-87.8922, 41.6052], [-87.85, 41.5708], [-87.8012, 41.6169], [-87.7042, 41.5375], [-87.7458, 41.4], [-87.6417, 41.4167], [-87.5853, 41.3881], [-87.5007, 41.4589], [-87.4303, 41.4586], [-87.4365, 41.3924], [-87.3673, 41.4006], [-87.3617, 41.3716], [-87.2591, 41.3674], [-87.1708, 41.4542], [-87.0158, 41.3994], [-87.0174, 41.4699], [-87.0714, 41.5155], [-87.0375, 41.5417], [-86.9924, 41.5175], [-86.973, 41.5619], [-86.8937, 41.5673], [-86.7708, 41.6583], [-86.6917, 41.6583], [-86.6816, 41.6955], [-86.6292, 41.6833], [-86.5946, 41.7339], [-86.4926, 41.7424], [-86.4529, 41.7835], [-86.3958, 41.7542], [-86.3626, 41.7822], [-86.267, 41.6691], [-86.3041, 41.5846], [-86.2254, 41.5635], [-86.2291, 41.6151], [-86.2, 41.6208], [-86.1947, 41.5834], [-86.0926, 41.5491], [-86.0856, 41.5119], [-85.9542, 41.5083], [-86.0, 41.4417], [-85.9342, 41.4285], [-85.9452, 41.3884], [-85.8994, 41.3632], [-85.9074, 41.2964], [-85.7892, 41.3504], [-85.6467, 41.3464], [-85.6125, 41.3917], [-85.5491, 41.3134], [-85.4333, 41.2667], [-85.3535, 41.3139], [-85.3711, 41.3491], [-85.2833, 41.3958], [-85.266, 41.3698], [-85.3202, 41.3324], [-85.3244, 41.277], [-85.1925, 41.2743], [-85.1458, 41.2208], [-85.2667, 41.0554], [-85.1917, 40.9917], [-85.2285, 40.9218], [-85.1492, 40.7966], [-85.0064, 40.6797], [-84.926, 40.6619], [-84.9042, 40.6208], [-84.7007, 40.6047], [-84.6405, 40.5583], [-84.4125, 40.55], [-84.45, 40.4042], [-84.4272, 40.3839], [-84.2259, 40.4423], [-83.9524, 40.6455], [-83.9108, 40.6371], [-83.8899, 40.7246], [-83.7229, 40.7167], [-83.6534, 40.6632], [-83.5591, 40.6756], [-83.5271, 40.6339], [-83.5021, 40.6536], [-83.2267, 40.5871], [-83.1534, 40.7117], [-83.0675, 40.7299], [-82.9758, 40.8006], [-82.8255, 40.7908], [-82.6758, 40.7299], [-82.6458, 40.7708], [-82.6673, 40.823], [-82.7588, 40.8426], [-82.7708, 40.875], [-82.6855, 40.9494], [-82.5309, 40.9705], [-82.475, 40.9583], [-82.4867, 40.9299], [-82.3428, 40.9289], [-82.3339, 40.9905], [-82.2708, 41.0167], [-82.0853, 40.9923], [-81.9792, 41.0556], [-81.9875, 41.1333], [-81.9042, 41.1417], [-81.8407, 41.0758], [-81.7667, 41.0708], [-81.7719, 41.1464], [-81.6966, 41.1078], [-81.6342, 41.141], [-81.5467, 41.1118], [-81.5625, 40.9875], [-81.4168, 40.9202], [-81.3784, 40.9503], [-81.2561, 40.9256], [-81.2536, 40.9772], [-81.1958, 41.0458], [-81.2506, 41.212], [-81.1083, 41.3875], [-81.1158, 41.3412], [-81.0168, 41.3323], [-80.9545, 41.2869], [-80.8007, 41.3258], [-80.8202, 41.3938], [-80.7541, 41.5401], [-80.6917, 41.5625], [-80.691, 41.6116], [-80.5509, 41.6632], [-80.4792, 41.7708], [-80.3478, 41.6589], [-80.3119, 41.688], [-80.3333, 41.8208], [-80.2757, 41.8134], [-80.2792, 41.875], [-80.1958, 41.8917], [-80.1951, 41.9243], [-80.0267, 41.967], [-80.045, 42.0451], [-79.9972, 42.0327], [-79.9434, 42.092], [-79.8917, 42.0667], [-79.8792, 42.1292], [-79.7596, 42.154], [-79.7542, 42.1833], [-79.6345, 42.1456], [-79.6284, 42.1784], [-79.5542, 42.1875], [-79.5532, 42.2582], [-79.4916, 42.2804], [-79.4868, 42.3201], [-79.45, 42.3125], [-79.375, 42.375], [-79.1875, 42.3292], [-79.2119, 42.3814], [-79.1591, 42.4297], [-79.0093, 42.4451], [-78.9008, 42.3659], [-78.9169, 42.3282], [-78.8701, 42.2883], [-78.7167, 42.275], [-78.7033, 42.3127], [-78.6383, 42.3219], [-78.6375, 42.3708], [-78.5792, 42.3833], [-78.5564, 42.4411], [-78.4924, 42.4202], [-78.4504, 42.4465], [-78.3716, 42.3951], [-78.3772, 42.3422], [-78.2583, 42.3125], [-78.2033, 42.155], [-78.0917, 42.1083], [-78.0875, 42.0625], [-78.0342, 42.0754], [-77.975, 42.0333], [-77.975, 41.975], [-77.9203, 41.953], [-77.9292, 41.8875], [-77.8417, 41.8458], [-77.8917, 41.7125], [-78.0042, 41.7542], [-78.0583, 41.7125], [-78.1142, 41.7254], [-78.1708, 41.6708], [-78.2812, 41.6912], [-78.3645, 41.6048], [-78.4278, 41.6298], [-78.575, 41.475], [-78.5042, 41.4167], [-78.695, 41.2116], [-78.6494, 41.1841], [-78.6507, 41.0675], [-78.7, 41.0458], [-78.6875, 41.0], [-78.7439, 40.9828], [-78.7892, 40.917], [-78.8458, 40.9125], [-78.9083, 40.7333], [-78.8424, 40.6993], [-78.8199, 40.6171], [-78.725, 40.5792], [-78.7458, 40.5333], [-78.6625, 40.5042], [-78.6491, 40.4674], [-78.5625, 40.4542], [-78.567, 40.3809], [-78.6199, 40.3451], [-78.7385, 40.0757], [-78.9705, 39.8233], [-78.9083, 39.7333], [-78.9559, 39.6837], [-79.0896, 39.6787], [-79.1908, 39.5991], [-79.25, 39.5458], [-79.216, 39.5027], [-79.2824, 39.449], [-79.28, 39.4092], [-79.5116, 39.2075], [-79.4632, 39.1702], [-79.3129, 39.2113], [-79.3007, 39.1842], [-79.3583, 39.075], [-79.3042, 39.075], [-79.3125, 39.0271], [-79.3767, 38.9254], [-79.4475, 38.9337], [-79.4637, 38.8917], [-79.5202, 38.8896], [-79.5423, 38.8444], [-79.5131, 38.7854], [-79.6282, 38.6663], [-79.6967, 38.4259], [-79.8125, 38.3083], [-79.7879, 38.2725], [-79.9451, 38.1574], [-79.9329, 38.103], [-79.9965, 38.0009], [-80.1451, 37.8991], [-80.2536, 37.724], [-80.3208, 37.6833], [-80.3506, 37.6049], [-80.3175, 37.5675], [-80.5, 37.4833], [-80.495, 37.4424], [-80.4625, 37.4333], [-80.5157, 37.3548], [-80.2566, 37.458], [-80.2175, 37.4491], [-80.4625, 37.2958], [-80.4, 37.3], [-80.4203, 37.1728], [-80.3708, 37.1333], [-80.4333, 37.1208], [-80.4534, 37.0758], [-80.4125, 37.0417], [-80.3507, 37.0797], [-80.2921, 37.0699], [-80.275, 37.0292], [-80.1132, 37.0866], [-80.1462, 36.9559], [-80.3875, 36.7958], [-80.3967, 36.741], [-80.449, 36.745], [-80.4895, 36.6589], [-80.6991, 36.666], [-80.8208, 36.6125], [-80.8216, 36.5633], [-80.9375, 36.5542], [-80.9417, 36.5], [-80.9993, 36.4324], [-80.9809, 36.3962], [-81.0593, 36.4452], [-81.1917, 36.4375], [-81.2417, 36.3708], [-81.3528, 36.3798], [-81.3792, 36.2833], [-81.5983, 36.2205], [-81.592, 36.1684], [-81.6583, 36.125], [-81.7, 36.1542], [-81.7958, 36.1083], [-81.8814, 36.1203], [-81.8967, 36.0674], [-81.9578, 36.0355], [-81.959, 35.9217], [-81.9887, 35.8828], [-82.1, 35.8542], [-82.1958, 35.7333], [-82.2953, 35.6854], [-82.2667, 35.614], [-82.3371, 35.5691], [-82.3121, 35.5053], [-82.3714, 35.4784], [-82.3175, 35.4533], [-82.3464, 35.4091], [-82.3089, 35.3811], [-82.375, 35.3458], [-82.4302, 35.241], [-82.5397, 35.2285], [-82.5875, 35.1417], [-82.6833, 35.125], [-82.7708, 35.0625], [-82.8458, 35.125], [-82.9078, 35.1134], [-82.9298, 35.1699], [-82.9913, 35.1657], [-82.9833, 35.1333], [-83.0684, 35.1629], [-83.1535, 35.1073], [-83.1882, 35.0426], [-83.2875, 35.0375], [-83.3051, 34.9631], [-83.3642, 34.9087], [-83.4583, 34.9167], [-83.4875, 35.0042], [-83.5591, 35.0422], [-83.6642, 34.8087], [-83.7091, 34.7911], [-83.7939, 34.8244], [-83.8375, 34.725], [-83.9483, 34.7413], [-84.0383, 34.6466], [-84.1167, 34.6708], [-84.1917, 34.6333], [-84.2759, 34.7244], [-84.3422, 34.7407], [-84.3173, 34.7729], [-84.3244, 34.8655], [-84.4875, 34.8167], [-84.525, 35.0], [-84.5738, 35.0297], [-84.6358, 35.0129], [-84.6842, 35.0586], [-84.7909, 35.0841], [-84.8133, 35.1533], [-84.8533, 35.1577], [-84.9619, 35.0189], [-84.9625, 34.9583], [-85.0792, 34.7125], [-85.2218, 34.7078], [-85.2208, 34.7667], [-85.2966, 34.7797], [-85.4667, 34.5917], [-85.4855, 34.7078], [-85.5833, 34.5833], [-85.6782, 34.5828], [-85.9211, 34.3358], [-86.0592, 34.1452], [-86.0955, 34.1548], [-86.1049, 34.1258], [-86.15, 34.1583], [-86.1458, 34.2375], [-86.2667, 34.2583], [-86.3783, 34.2408], [-86.4509, 34.1424], [-86.5167, 34.1292], [-86.4452, 34.2922], [-86.4875, 34.3292], [-86.6042, 34.3125], [-86.6, 34.2833], [-86.7242, 34.2924], [-86.7583, 34.3292], [-86.8733, 34.242], [-86.9229, 34.25], [-86.9717, 34.3077], [-87.0799, 34.2994], [-87.1417, 34.3458], [-87.2271, 34.3417], [-87.3021, 34.375], [-87.3375, 34.4333], [-87.3854, 34.3958], [-87.5042, 34.3917], [-87.5801, 34.2465], [-87.7208, 34.25], [-87.7483, 34.2254], [-88.1899, 34.4629], [-88.2254, 34.5559], [-88.2249, 34.6863], [-88.3023, 34.7131], [-88.3475, 34.6913], [-88.4042, 34.7583], [-88.5458, 34.6417], [-88.6667, 34.7125], [-88.7467, 34.5923], [-88.8958, 34.5083], [-88.8917, 34.3625], [-88.9659, 34.3075], [-88.9708, 34.2583], [-89.0413, 34.2358], [-89.0083, 34.1375], [-89.0792, 34.0042], [-89.0288, 33.8887], [-89.0958, 33.8042], [-89.0797, 33.7561], [-89.1167, 33.6833], [-89.0631, 33.5532], [-89.0958, 33.4875], [-89.0875, 33.4146], [-89.1689, 33.3911], [-89.2299, 33.3244], [-89.275, 33.3458], [-89.2842, 33.3092], [-89.3358, 33.308], [-89.4061, 33.2381], [-89.4881, 33.224], [-89.4972, 33.1702], [-89.5524, 33.1705], [-89.6075, 33.0742], [-89.6258, 32.9549], [-89.65, 32.9583], [-89.7125, 32.8125], [-89.741, 32.8201], [-89.767, 32.68], [-90.0407, 32.4828], [-90.175, 32.4792], [-90.2323, 32.4159], [-90.2887, 32.275], [-90.3576, 32.2492], [-90.3795, 32.2017], [-90.3786, 32.1061], [-90.3328, 32.0341], [-90.4083, 31.9208], [-90.3996, 31.6608], [-90.4917, 31.6333], [-90.647, 31.3751], [-90.775, 31.3875], [-90.805, 31.3215], [-90.8958, 31.3042], [-90.9256, 31.2591], [-90.909, 31.2217], [-91.0116, 31.2243], [-91.0672, 31.1676], [-91.038, 31.1396], [-91.1244, 31.0439], [-91.101, 30.9504], [-91.1792, 30.8458], [-91.2377, 30.6404], [-91.125, 30.5375], [-91.1545, 30.5113], [-91.1244, 30.4758], [-91.1451, 30.3841], [-91.0327, 30.3361], [-90.999, 30.2171], [-90.8674, 30.1617], [-90.8701, 30.1299], [-90.8125, 30.1125], [-90.8105, 30.0672], [-90.7341, 30.0632], [-90.6588, 30.1256], [-90.4342, 30.1003], [-90.3491, 29.9839], [-90.2549, 30.0256], [-90.0854, 29.9795], [-90.0535, 30.0282], [-89.9927, 30.0327], [-89.9494, 29.9593], [-89.8717, 29.9158], [-89.8756, 29.8186], [-89.9163, 29.7809], [-89.8667, 29.7667], [-89.8659, 29.655], [-89.8012, 29.6121], [-89.7417, 29.6167], [-89.6989, 29.5046], [-89.5591, 29.4368], [-89.5647, 29.3881], [-89.4425, 29.3826], [-89.3491, 29.2997], [-89.2708, 29.3375], [-89.2994, 29.2478], [-89.2369, 29.1421], [-89.2717, 29.0873], [-89.2757, 29.1771], [-89.3418, 29.2573], [-89.4343, 29.2453], [-89.4839, 29.3283], [-89.5917, 29.375], [-89.621, 29.4404], [-89.6466, 29.4328], [-89.7978, 29.5619], [-89.9128, 29.5759], [-90.0458, 29.6792], [-90.0619, 29.7564], [-89.9882, 29.8718], [-90.0048, 29.9074], [-90.0917, 29.8792], [-90.1147, 29.8298], [-90.155, 29.891], [-90.2146, 29.8838], [-90.2882, 29.9297], [-90.3534, 29.9049], [-90.5147, 29.9756], [-90.5365, 30.0131], [-90.6708, 29.9875], [-90.655, 29.9122], [-90.7575, 29.9494], [-90.7535, 29.978], [-90.8522, 29.9797], [-90.8717, 30.0285], [-90.9199, 30.0173], [-90.9424, 30.0742], [-91.0618, 30.1092], [-91.075, 30.1583], [-91.1708, 30.1542], [-91.2466, 30.3034], [-91.2954, 30.3396], [-91.2825, 30.4035], [-91.2301, 30.4256], [-91.2295, 30.4566], [-91.3118, 30.4369], [-91.3576, 30.4676], [-91.3089, 30.5605], [-91.3782, 30.626], [-91.3884, 30.7033], [-91.5282, 30.684], [-91.5708, 30.65], [-91.6368, 30.6925], [-91.6292, 30.7667], [-91.6833, 30.775], [-91.6837, 30.9274], [-91.7589, 31.0257], [-91.7478, 31.1328], [-91.9449, 31.1244], [-91.9455, 31.0845], [-92.0228, 31.0547], [-92.1092, 31.1659], [-92.1583, 31.15], [-92.1958, 31.0875], [-92.2674, 31.0994], [-92.3449, 31.1508], [-92.4176, 31.2878], [-92.4625, 31.3], [-92.6698, 31.2923], [-92.7292, 31.2], [-92.7951, 31.2383], [-92.8507, 31.3533], [-92.9316, 31.3545], [-93.0061, 31.4328], [-93.0851, 31.3629], [-93.1667, 31.3708], [-93.225, 31.3333], [-93.275, 31.35], [-93.3759, 31.5949], [-93.4708, 31.675], [-93.4833, 31.7083], [-93.45, 31.7333], [-93.4833, 31.7875], [-93.4703, 31.8196], [-93.575, 31.8792], [-93.5661, 31.9424], [-93.6091, 32.0118], [-93.6958, 32.0417], [-93.7491, 32.0217], [-93.8042, 32.1417], [-93.8649, 32.1462], [-93.8708, 32.1917], [-94.0048, 32.2426], [-93.9875, 32.3042], [-94.0368, 32.3259], [-94.0458, 32.3833], [-94.1869, 32.4427], [-94.2375, 32.5458], [-94.4338, 32.5798], [-94.6167, 32.5167], [-94.6511, 32.5503], [-94.7125, 32.5417], [-94.75, 32.5875], [-94.8897, 32.6172], [-94.9809, 32.708], [-95.0867, 32.6801], [-95.1908, 32.7715], [-95.2172, 32.9022], [-95.3542, 33.0083], [-95.3642, 33.058], [-95.5833, 33.0667], [-95.6292, 33.1125], [-95.7021, 33.088], [-95.8292, 33.15], [-95.8958, 33.125], [-96.0201, 33.1801], [-96.125, 33.3042], [-96.2125, 33.3208], [-96.2458, 33.4042], [-96.3688, 33.4465], [-96.4258, 33.5201], [-96.5958, 33.5208], [-96.6188, 33.4923], [-96.6867, 33.5383], [-96.7091, 33.5951], [-96.8792, 33.6208], [-96.9892, 33.7121], [-97.1146, 33.6755], [-97.2125, 33.7167], [-97.3104, 33.7005], [-97.3958, 33.7333], [-97.5012, 33.6953], [-97.5409, 33.7159], [-97.6542, 33.65], [-97.7583, 33.65], [-97.8729, 33.575], [-98.01, 33.5795], [-98.0809, 33.5212], [-98.1708, 33.5083], [-98.1715, 33.5325], [-98.3, 33.5542], [-98.3601, 33.5045], [-98.5566, 33.4996], [-98.8145, 33.3881], [-98.8708, 33.4542], [-98.9083, 33.4333], [-98.9605, 33.4589], [-98.9801, 33.4951], [-99.2833, 33.6625], [-99.402, 33.6172], [-99.5417, 33.65], [-99.7017, 33.5879], [-99.9896, 33.6042], [-100.1583, 33.5417], [-100.2208, 33.5625], [-100.3101, 33.5413], [-100.3892, 33.5754], [-100.5708, 33.525], [-100.6703, 33.6436], [-100.6875, 33.7292], [-100.85, 33.6708], [-100.8875, 33.7167], [-101.0083, 33.7542], [-101.096, 33.8699], [-101.1575, 33.8919], [-101.1581, 33.9658], [-101.3214, 33.9452], [-101.33, 33.9784], [-101.45, 34.0458], [-101.4328, 34.0927], [-101.4583, 34.1417], [-101.525, 34.1708], [-101.5587, 34.2575], [-101.7057, 34.3583], [-101.7991, 34.3507]], [[-89.9837, 46.2697], [-89.9804, 46.2661], [-89.9792, 46.2708], [-89.9837, 46.2697]], [[-100.1667, 43.275], [-100.1667, 43.275], [-100.1655, 43.2706], [-100.1667, 43.275]], [[-103.4809, 42.0545], [-103.4917, 42.0542], [-103.4917, 42.0542], [-103.4809, 42.0545]], [[-103.6792, 36.125], [-103.6792, 36.125], [-103.6858, 36.1254], [-103.6792, 36.125]], [[-106.2292, 46.0458], [-106.2314, 46.0453], [-106.2286, 46.0522], [-106.2292, 46.0458]], [[-99.9292, 34.0958], [-99.9286, 34.0936], [-99.9292, 34.0958], [-99.9292, 34.0958]], [[-100.4208, 36.1042], [-100.4217, 36.1077], [-100.4145, 36.1047], [-100.4208, 36.1042]], [[-99.3333, 37.8708], [-99.3483, 37.8712], [-99.3333, 37.8708], [-99.3333, 37.8708]], [[-100.7917, 38.075], [-100.7917, 38.075], [-100.7872, 38.0739], [-100.7917, 38.075]], [[-98.1417, 41.9208], [-98.1417, 41.9208], [-98.1441, 41.9212], [-98.1417, 41.9208]], [[-95.4875, 39.8958], [-95.4837, 39.8949], [-95.4899, 39.8962], [-95.4875, 39.8958]], [[-90.1958, 45.1375], [-90.1953, 45.1439], [-90.1958, 45.1375], [-90.1958, 45.1375]], [[-91.6417, 34.125], [-91.6417, 34.125], [-91.6394, 34.1245], [-91.6417, 34.125]], [[-88.0167, 37.7292], [-88.0167, 37.7292], [-88.0159, 37.7409], [-88.0167, 37.7292]], [[-90.075, 45.8125], [-90.0743, 45.8199], [-90.0774, 45.8121], [-90.075, 45.8125]]]}}, {"type": "Feature", "properties": {"id": "colorado", "name": "Colorado", "country": "United States"}, "geometry": {"type": "Polygon", "coordinates": [[[-112.4686, 32.5172], [-112.5566, 32.5455], [-112.55, 32.4937], [-112.6162, 32.4021], [-112.5786, 32.3591], [-112.55, 32.175], [-112.6917, 32.0333], [-112.8333, 31.975], [-112.9375, 32.1125], [-112.9767, 32.0996], [-113.0059, 32.1413], [-113.3313, 32.2287], [-113.4608, 32.1879], [-113.5833, 32.3208], [-113.6671, 32.2577], [-113.7236, 32.2756], [-113.7975, 32.2496], [-113.8083, 32.2875], [-113.8631, 32.2965], [-114.0483, 32.2795], [-114.2083, 32.4833], [-114.2967, 32.3717], [-114.3583, 32.35], [-114.425, 32.3792], [-114.5603, 32.5244], [-114.6427, 32.5256], [-114.6883, 32.459], [-114.8908, 32.4408], [-114.9583, 32.2917], [-114.937, 32.2823], [-114.9712, 32.1184], [-114.9292, 31.9375], [-114.9926, 31.8341], [-115.0219, 31.8464], [-115.1285, 31.7867], [-115.1704, 31.6771], [-115.1254, 31.6142], [-115.1708, 31.5708], [-115.2198, 31.5756], [-115.3424, 31.4592], [-115.4233, 31.4413], [-115.4456, 31.3885], [-115.5659, 31.384], [-115.584, 31.4548], [-115.5372, 31.5114], [-115.6125, 31.625], [-115.6863, 31.6203], [-115.7256, 31.7272], [-115.7868, 31.7675], [-115.7708, 31.8042], [-115.9042, 31.85], [-115.916, 31.9616], [-115.867, 32.0691], [-116.0006, 32.3605], [-116.125, 32.4667], [-116.224, 32.5049], [-116.3167, 32.6417], [-116.3631, 32.8314], [-116.4616, 32.8961], [-116.6038, 33.0851], [-116.5827, 33.1295], [-116.6239, 33.2086], [-116.5542, 33.1875], [-116.4917, 33.225], [-116.5616, 33.3049], [-116.5592, 33.3741], [-116.6756, 33.4784], [-116.5708, 33.5542], [-116.5714, 33.6647], [-116.6708, 33.7625], [-116.6792, 33.8125], [-116.8966, 33.8744], [-116.9547, 33.9593], [-116.9042, 34.0625], [-116.8417, 34.0708], [-116.81, 34.117], [-116.7708, 34.1083], [-116.6892, 34.167], [-116.5684, 34.158], [-116.3083, 33.9958], [-116.2417, 34.0042], [-116.0242, 33.8007], [-115.9167, 33.8167], [-115.934, 33.7944], [-115.9034, 33.7591], [-115.7292, 33.7417], [-115.7201, 33.6508], [-115.5426, 33.616], [-115.4417, 33.4917], [-115.3333, 33.4708], [-115.3333, 33.5167], [-115.2884, 33.5119], [-115.2267, 33.4538], [-115.1896, 33.4708], [-115.1189, 33.4006], [-115.0417, 33.3833], [-114.9292, 33.3875], [-114.8414, 33.4883], [-114.8078, 33.6259], [-114.9167, 33.7958], [-114.8316, 33.8746], [-114.6708, 33.8667], [-114.625, 33.9208], [-114.6536, 33.9385], [-114.6458, 34.0625], [-114.8, 34.1917], [-114.8667, 34.3083], [-114.8254, 34.3983], [-114.8699, 34.4423], [-114.8839, 34.5549], [-114.8, 34.7333], [-114.8842, 34.8658], [-114.9158, 34.8507], [-114.9792, 34.9083], [-115.0408, 34.8884], [-115.1244, 35.0395], [-115.1131, 35.0772], [-115.1618, 35.0926], [-115.3083, 35.2667], [-115.2216, 35.2966], [-115.1297, 35.4145], [-115.1254, 35.4941], [-115.175, 35.5625], [-115.0542, 35.5708], [-114.9125, 35.4875], [-114.8625, 35.5083], [-114.8292, 35.6063], [-114.8833, 35.7042], [-114.7756, 35.8052], [-114.7583, 35.9542], [-114.7919, 35.941], [-114.8625, 36.0], [-114.947, 35.9496], [-115.0333, 35.9625], [-115.0792, 35.8333], [-115.142, 35.884], [-115.2167, 35.8417], [-115.3292, 35.9125], [-115.3691, 35.8712], [-115.5286, 35.9896], [-115.4869, 36.0445], [-115.5458, 36.1437], [-115.5381, 36.1897], [-115.6958, 36.2667], [-115.4965, 36.4478], [-115.3884, 36.5967], [-115.3792, 36.6625], [-115.2524, 36.6004], [-115.2017, 36.6212], [-115.1042, 36.8375], [-115.1375, 37.1208], [-115.2186, 37.1703], [-115.2618, 37.1508], [-115.2799, 37.2448], [-115.3496, 37.3434], [-115.342, 37.4066], [-115.4163, 37.4559], [-115.4292, 37.5125], [-115.3958, 37.6583], [-115.2799, 37.7049], [-115.2667, 37.7917], [-115.1926, 37.8423], [-115.1339, 37.9186], [-115.1333, 37.9667], [-115.0833, 38.0], [-115.134, 38.1033], [-115.2409, 38.1591], [-115.3009, 38.2452], [-115.4375, 38.3458], [-115.4996, 38.3476], [-115.4542, 38.4083], [-115.3675, 38.4425], [-115.3958, 38.5083], [-115.3, 38.6333], [-115.3083, 38.7958], [-115.2839, 38.8189], [-115.3475, 38.9], [-115.425, 38.9083], [-115.4208, 39.0875], [-115.3792, 39.1125], [-115.3271, 39.0755], [-115.2464, 39.0968], [-115.1087, 39.2142], [-115.0792, 39.3042], [-114.9422, 39.1897], [-114.9004, 39.0691], [-114.8708, 38.9], [-114.9128, 38.8825], [-114.9417, 38.7813], [-114.925, 38.7333], [-114.9708, 38.6458], [-114.8911, 38.5466], [-114.9667, 38.4208], [-114.9369, 38.3882], [-114.9669, 38.3259], [-114.8833, 38.2583], [-114.8875, 38.2125], [-114.9292, 38.1875], [-114.8962, 37.9684], [-114.9337, 37.9267], [-114.9509, 37.6842], [-115.0375, 37.4979], [-114.9667, 37.375], [-114.9875, 37.2917], [-114.9396, 37.2421], [-114.9, 37.2667], [-114.8, 37.2417], [-114.767, 37.2725], [-114.692, 37.4267], [-114.7333, 37.5333], [-114.6758, 37.6052], [-114.6833, 37.6542], [-114.6316, 37.7121], [-114.567, 37.7184], [-114.5962, 38.0524], [-114.6708, 38.2042], [-114.6458, 38.2958], [-114.6134, 38.2703], [-114.4375, 38.2833], [-114.3708, 38.2375], [-114.3066, 38.3788], [-114.2333, 38.3], [-114.1342, 38.291], [-114.0792, 38.2375], [-114.0453, 38.1049], [-114.0625, 38.0], [-114.0333, 37.9542], [-114.1251, 37.8863], [-114.1215, 37.8217], [-114.1875, 37.7875], [-114.2208, 37.7042], [-114.1432, 37.6458], [-114.0924, 37.6714], [-114.05, 37.65], [-114.0613, 37.6043], [-114.0133, 37.591], [-113.8966, 37.4661], [-113.8125, 37.5125], [-113.7341, 37.4703], [-113.6542, 37.5125], [-113.4873, 37.4535], [-113.3417, 37.5792], [-113.075, 37.5292], [-112.9667, 37.6], [-112.9187, 37.5671], [-112.8625, 37.5917], [-112.8167, 37.5167], [-112.725, 37.4958], [-112.6917, 37.4208], [-112.5657, 37.4993], [-112.4708, 37.475], [-112.3792, 37.5083], [-112.3917, 37.4396], [-112.3517, 37.417], [-112.2667, 37.45], [-112.2621, 37.5358], [-112.2326, 37.5909], [-112.175, 37.6042], [-112.1399, 37.6913], [-112.0421, 37.7423], [-112.0007, 37.716], [-111.8767, 37.7337], [-111.8875, 37.9125], [-111.7934, 37.967], [-111.7375, 37.9417], [-111.7163, 38.0392], [-111.7622, 38.0384], [-111.8299, 38.1284], [-111.8875, 38.1375], [-111.8536, 38.2091], [-111.8922, 38.3007], [-111.6952, 38.7074], [-111.4708, 38.7958], [-111.495, 38.9157], [-111.4369, 38.9593], [-111.4583, 39.0083], [-111.5121, 39.0226], [-111.4917, 39.1813], [-111.4464, 39.2561], [-111.4413, 39.3524], [-111.3176, 39.4549], [-111.2958, 39.5354], [-111.3535, 39.8283], [-111.3142, 39.858], [-111.1826, 39.7994], [-111.1534, 39.8951], [-111.0797, 39.9311], [-111.1676, 40.0285], [-111.245, 40.0467], [-111.2256, 40.1689], [-111.308, 40.2941], [-111.2474, 40.3036], [-111.2366, 40.4116], [-111.1833, 40.4042], [-111.1733, 40.4496], [-110.9259, 40.5175], [-110.9535, 40.5698], [-110.8875, 40.7292], [-110.8218, 40.7078], [-110.6875, 40.7417], [-110.7083, 40.8667], [-110.6667, 40.9417], [-110.7288, 40.9809], [-110.7036, 41.0368], [-110.7422, 41.0784], [-110.7042, 41.1583], [-110.7292, 41.1875], [-110.7753, 41.1759], [-110.7708, 41.2125], [-110.8077, 41.2051], [-110.8292, 41.3708], [-110.9083, 41.3542], [-110.8663, 41.4975], [-110.9208, 41.6333], [-110.848, 41.7078], [-110.6833, 41.6792], [-110.6, 41.7833], [-110.6078, 41.851], [-110.6877, 41.9324], [-110.775, 41.9375], [-110.7951, 41.9676], [-110.7833, 42.1542], [-110.8125, 42.1792], [-110.7866, 42.3325], [-110.6379, 42.3684], [-110.7298, 42.5413], [-110.7167, 42.5708], [-110.6812, 42.525], [-110.617, 42.5434], [-110.6369, 42.8033], [-110.5934, 42.792], [-110.5713, 42.8229], [-110.6375, 42.9958], [-110.5759, 42.9994], [-110.5559, 42.967], [-110.3814, 43.0661], [-110.2854, 43.0671], [-110.2091, 43.1049], [-110.2006, 43.2073], [-110.158, 43.235], [-110.175, 43.275], [-110.2458, 43.2875], [-110.2625, 43.3333], [-110.1649, 43.383], [-110.1201, 43.3703], [-110.0825, 43.4491], [-110.0083, 43.4542], [-109.8725, 43.383], [-109.7059, 43.3746], [-109.6538, 43.1726], [-109.5708, 43.1042], [-109.55, 43.0125], [-109.3684, 42.9455], [-109.3158, 42.8548], [-109.2178, 42.8086], [-109.2325, 42.7634], [-109.1424, 42.7451], [-109.092, 42.6392], [-109.1955, 42.5358], [-109.1875, 42.4917], [-109.0, 42.4292], [-108.8667, 42.3375], [-108.8714, 42.1743], [-108.8423, 42.1187], [-108.9045, 42.0572], [-108.9167, 42.0], [-109.0667, 41.9042], [-109.0132, 41.8741], [-108.9958, 41.8], [-108.8104, 41.8458], [-108.6976, 41.8121], [-108.5839, 41.7647], [-108.6042, 41.6667], [-108.3539, 41.6655], [-108.3256, 41.6105], [-108.345, 41.58], [-108.2917, 41.5542], [-108.1292, 41.5833], [-108.1256, 41.6283], [-108.0934, 41.642], [-108.0228, 41.6285], [-107.8941, 41.4837], [-107.7417, 41.5625], [-107.628, 41.5246], [-107.5659, 41.5203], [-107.5167, 41.5542], [-107.4809, 41.5295], [-107.4458, 41.5583], [-107.3228, 41.5286], [-107.3083, 41.4625], [-107.35, 41.4375], [-107.3417, 41.4042], [-107.3, 41.3792], [-107.2083, 41.4], [-107.1333, 41.3292], [-107.1583, 41.3], [-107.1161, 41.2507], [-107.1283, 41.2256], [-106.9879, 41.1699], [-106.9958, 41.1167], [-106.8884, 41.0783], [-106.9375, 41.0167], [-106.8577, 40.9986], [-106.849, 40.9244], [-106.6578, 40.8571], [-106.6339, 40.7936], [-106.6704, 40.7646], [-106.6661, 40.6948], [-106.7083, 40.6146], [-106.616, 40.38], [-106.53, 40.3675], [-106.4921, 40.4131], [-106.448, 40.3506], [-106.3561, 40.3578], [-106.3073, 40.3287], [-106.2939, 40.3578], [-106.2333, 40.325], [-106.1333, 40.3292], [-106.0343, 40.3714], [-105.9583, 40.3458], [-105.9008, 40.4007], [-105.8907, 40.4785], [-105.8353, 40.4828], [-105.8048, 40.4658], [-105.7833, 40.375], [-105.6506, 40.2564], [-105.6797, 40.1969], [-105.6254, 40.1271], [-105.6379, 40.0351], [-105.6875, 40.0125], [-105.6924, 39.8383], [-105.7601, 39.7962], [-105.8875, 39.7958], [-105.8792, 39.7375], [-105.9202, 39.7116], [-105.9105, 39.6631], [-105.8636, 39.6711], [-105.7795, 39.6274], [-105.8375, 39.5734], [-105.8208, 39.5333], [-105.8657, 39.5288], [-105.8632, 39.4967], [-105.9417, 39.4583], [-106.0267, 39.3587], [-106.2184, 39.3795], [-106.2882, 39.3494], [-106.4075, 39.3783], [-106.4292, 39.3167], [-106.5045, 39.2975], [-106.492, 39.1976], [-106.5167, 39.1583], [-106.5625, 39.1542], [-106.5839, 39.0966], [-106.5958, 38.9958], [-106.5511, 39.0003], [-106.4647, 38.9131], [-106.3208, 38.9125], [-106.3801, 38.8254], [-106.4121, 38.8233], [-106.417, 38.7226], [-106.45, 38.7], [-106.3631, 38.6158], [-106.3447, 38.5087], [-106.2467, 38.441], [-106.25, 38.3458], [-106.4167, 38.2792], [-106.5241, 38.3118], [-106.6009, 38.1425], [-106.6792, 38.0792], [-106.761, 38.0874], [-106.8202, 37.9536], [-106.9674, 37.9714], [-107.1312, 37.9296], [-107.2649, 37.9371], [-107.3458, 37.8542], [-107.4884, 37.8506], [-107.5538, 37.7899], [-107.5333, 37.7083], [-107.4663, 37.6301], [-107.3478, 37.6952], [-107.2841, 37.67], [-107.2366, 37.5965], [-107.1559, 37.6371], [-107.1375, 37.6], [-107.0312, 37.5542], [-106.8792, 37.5625], [-106.8689, 37.5006], [-106.6645, 37.4328], [-106.6417, 37.4083], [-106.6952, 37.37], [-106.6619, 37.3196], [-106.6911, 37.2728], [-106.591, 37.2068], [-106.5879, 37.1476], [-106.6205, 37.1275], [-106.6292, 37.0417], [-106.7208, 36.9875], [-106.7013, 36.8952], [-106.7926, 36.8631], [-106.85, 36.7917], [-106.9417, 36.8021], [-106.9299, 36.7508], [-106.9996, 36.6316], [-106.9583, 36.5125], [-107.0167, 36.4417], [-106.95, 36.3417], [-106.9787, 36.2521], [-106.9634, 36.1923], [-107.0324, 36.191], [-107.0641, 36.1], [-107.1105, 36.1036], [-107.1601, 36.0629], [-107.3491, 36.0575], [-107.392, 35.9601], [-107.5046, 35.8386], [-107.5632, 35.8423], [-107.7708, 35.7542], [-107.85, 35.6208], [-107.9375, 35.5667], [-108.0184, 35.5955], [-108.1875, 35.5833], [-108.205, 35.5092], [-108.3744, 35.3397], [-108.3917, 35.2583], [-108.3616, 35.1884], [-108.2017, 35.1246], [-108.0786, 35.0093], [-108.2033, 34.9158], [-108.2428, 34.7996], [-108.2689, 34.8119], [-108.3246, 34.7691], [-108.3217, 34.6588], [-108.3792, 34.675], [-108.4116, 34.6408], [-108.4076, 34.5634], [-108.3083, 34.5667], [-108.2875, 34.4542], [-108.185, 34.433], [-108.1375, 34.3625], [-108.05, 34.3208], [-108.1617, 34.2243], [-108.2561, 34.0797], [-108.3467, 34.0342], [-108.3991, 34.0408], [-108.4089, 33.9145], [-108.45, 33.8625], [-108.425, 33.825], [-108.475, 33.8125], [-108.4833, 33.75], [-108.4458, 33.7417], [-108.4868, 33.6801], [-108.4286, 33.6424], [-108.4542, 33.575], [-108.4042, 33.5542], [-108.2257, 33.6631], [-108.0075, 33.6869], [-108.0159, 33.7367], [-107.9667, 33.7458], [-107.7958, 33.7], [-107.8297, 33.6284], [-107.7917, 33.5917], [-107.8042, 33.525], [-107.8661, 33.4573], [-107.825, 33.3708], [-107.8458, 33.3583], [-107.8254, 33.2726], [-107.875, 33.2042], [-107.8411, 33.178], [-107.8542, 33.1417], [-107.9625, 33.1042], [-108.101, 32.9298], [-108.3542, 32.8333], [-108.3208, 32.7875], [-108.35, 32.7125], [-108.3344, 32.6586], [-108.4292, 32.5917], [-108.4333, 32.55], [-108.2911, 32.378], [-108.2964, 32.2826], [-108.1744, 32.0365], [-108.1958, 31.9833], [-108.3892, 31.9879], [-108.4417, 31.9542], [-108.5592, 32.0991], [-108.7083, 32.1], [-108.6833, 31.9792], [-108.725, 31.8891], [-108.6713, 31.6979], [-108.7131, 31.6214], [-108.6667, 31.6042], [-108.6958, 31.5458], [-108.7833, 31.5583], [-108.7411, 31.4049], [-108.7792, 31.2625], [-108.9452, 31.3009], [-109.0342, 31.5161], [-109.0725, 31.508], [-109.2517, 31.633], [-109.3583, 31.6375], [-109.3699, 31.7298], [-109.2996, 31.7268], [-109.2417, 31.8125], [-109.2875, 31.8458], [-109.2744, 31.9758], [-109.325, 32.0542], [-109.4772, 32.1464], [-109.5042, 32.2], [-109.5458, 32.1917], [-109.7446, 32.2961], [-109.7422, 32.448], [-109.8496, 32.5559], [-109.8333, 32.625], [-109.8708, 32.7], [-110.0292, 32.7458], [-110.0464, 32.6603], [-110.102, 32.5881], [-110.2201, 32.5494], [-110.2833, 32.5917], [-110.2489, 32.4539], [-110.1142, 32.4038], [-110.0663, 32.3267], [-110.0508, 32.2632], [-110.0912, 32.2438], [-110.0417, 32.1333], [-110.1208, 32.0875], [-110.0084, 32.0072], [-109.9833, 31.8917], [-109.8917, 31.7938], [-109.933, 31.7358], [-109.9625, 31.5667], [-109.9375, 31.5187], [-109.9533, 31.4425], [-109.8667, 31.4125], [-109.8789, 31.2845], [-109.9478, 31.2422], [-109.9917, 31.2583], [-109.9333, 31.1792], [-109.9379, 30.9934], [-110.2426, 31.0172], [-110.3407, 30.9536], [-110.3833, 30.9917], [-110.4132, 31.1533], [-110.4926, 31.2118], [-110.5381, 31.1905], [-110.5383, 31.1257], [-110.6574, 31.1202], [-110.7667, 31.0417], [-110.8937, 31.2333], [-110.9142, 31.2205], [-111.158, 31.36], [-111.1551, 31.4577], [-111.2875, 31.4583], [-111.425, 31.5333], [-111.5866, 31.5216], [-111.6453, 31.5978], [-111.5713, 31.8438], [-111.6125, 31.9542], [-111.7657, 32.0254], [-111.7875, 32.0917], [-111.8125, 32.0333], [-111.86, 32.0163], [-111.9177, 32.1036], [-112.1524, 32.1254], [-112.2453, 32.2853], [-112.2337, 32.4324], [-112.3983, 32.442], [-112.4686, 32.5172]], [[-113.7583, 34.0792], [-113.7458, 34.0792], [-113.7592, 34.0825], [-113.7583, 34.0792]], [[-114.3458, 35.8458], [-114.3434, 35.8455], [-114.3458, 35.8458], [-114.3458, 35.8458]], [[-114.3083, 35.8333], [-114.308, 35.8358], [-114.3083, 35.8333], [-114.3083, 35.8333]]]}}, {"type": "Feature", "properties": {"id": "columbia", "name": "Columbia", "country": "United States"}, "geometry": {"type": "Polygon", "coordinates": [[[-120.9792, 43.6125], [-121.0184, 43.683], [-121.198, 43.6994], [-121.2259, 43.5634], [-121.3716, 43.4092], [-121.4657, 43.3619], [-121.4636, 43.3173], [-121.5562, 43.2963], [-121.6009, 43.3336], [-121.6346, 43.3042], [-121.6514, 43.3334], [-121.7169, 43.2989], [-121.7174, 43.2258], [-121.7583, 43.2208], [-121.7593, 43.2462], [-121.805, 43.2202], [-121.9021, 43.2745], [-121.9792, 43.2625], [-122.0625, 43.4], [-122.1375, 43.3792], [-122.201, 43.4047], [-122.3549, 43.3578], [-122.425, 43.3792], [-122.4792, 43.4042], [-122.4536, 43.4445], [-122.5156, 43.4835], [-122.5004, 43.524], [-122.5978, 43.5953], [-122.6542, 43.5875], [-122.7299, 43.5161], [-123.1208, 43.525], [-123.1042, 43.5875], [-123.1546, 43.7324], [-123.1244, 43.7611], [-123.1629, 43.84], [-123.1292, 43.8708], [-123.3189, 43.8881], [-123.375, 43.975], [-123.4155, 43.9703], [-123.4795, 44.045], [-123.5493, 44.0591], [-123.5455, 44.1275], [-123.4884, 44.1675], [-123.4863, 44.2082], [-123.4259, 44.23], [-123.441, 44.338], [-123.5006, 44.4076], [-123.4869, 44.4615], [-123.5833, 44.5083], [-123.6494, 44.5978], [-123.6451, 44.6284], [-123.5978, 44.6173], [-123.5744, 44.6451], [-123.5675, 44.7325], [-123.6542, 44.7708], [-123.6366, 44.8161], [-123.5924, 44.8218], [-123.5844, 44.8534], [-123.6378, 44.8741], [-123.5841, 44.9367], [-123.6478, 44.9703], [-123.7542, 44.9667], [-123.7583, 44.9917], [-123.7042, 45.0099], [-123.7036, 45.0613], [-123.7583, 45.1375], [-123.7105, 45.2078], [-123.6417, 45.1792], [-123.6117, 45.2118], [-123.5395, 45.2089], [-123.4174, 45.3134], [-123.4491, 45.3908], [-123.4104, 45.4292], [-123.3458, 45.4167], [-123.4089, 45.5009], [-123.3608, 45.5746], [-123.3006, 45.6033], [-123.3824, 45.6254], [-123.4042, 45.6917], [-123.3342, 45.6841], [-123.2625, 45.7083], [-123.2409, 45.7492], [-123.1458, 45.75], [-123.05, 45.7958], [-123.0369, 45.9176], [-123.1135, 45.9827], [-123.3101, 46.083], [-123.4491, 46.084], [-123.4417, 46.225], [-123.4667, 46.2625], [-123.3135, 46.284], [-123.3035, 46.3111], [-123.35, 46.3667], [-123.2125, 46.4042], [-123.1703, 46.3799], [-123.1618, 46.3286], [-123.0078, 46.4909], [-123.0314, 46.5411], [-122.9534, 46.5244], [-122.8434, 46.5587], [-122.6809, 46.5587], [-122.5634, 46.5924], [-122.4708, 46.675], [-122.1728, 46.6661], [-122.1696, 46.6203], [-122.1051, 46.6285], [-122.0649, 46.5962], [-121.9976, 46.5962], [-121.9483, 46.6705], [-121.8417, 46.6542], [-121.8244, 46.6989], [-121.7292, 46.7583], [-121.7417, 46.85], [-121.5208, 46.875], [-121.3756, 47.0561], [-121.4042, 47.1208], [-121.3, 47.1417], [-121.3131, 47.2064], [-121.3625, 47.2265], [-121.3375, 47.275], [-121.4177, 47.2869], [-121.4619, 47.3605], [-121.2333, 47.5667], [-121.1125, 47.5958], [-121.1256, 47.6798], [-121.0625, 47.7167], [-121.1208, 47.7833], [-121.0798, 47.823], [-121.175, 47.8792], [-121.1203, 48.0049], [-121.15, 48.0417], [-121.0083, 48.075], [-120.9551, 48.109], [-120.9574, 48.1493], [-120.9042, 48.1667], [-120.9667, 48.2083], [-121.0036, 48.2988], [-121.0667, 48.3167], [-121.0375, 48.3583], [-121.0631, 48.3865], [-121.0535, 48.4813], [-120.8505, 48.5506], [-120.7691, 48.5038], [-120.7101, 48.5212], [-120.6828, 48.5674], [-120.7564, 48.5797], [-120.7881, 48.6201], [-120.6583, 48.7292], [-120.7328, 48.7853], [-120.7328, 48.8592], [-120.7712, 48.8809], [-120.7536, 48.9385], [-120.8792, 48.9625], [-120.8545, 48.9892], [-120.8716, 49.0493], [-120.9618, 49.0927], [-120.8593, 49.1296], [-120.8913, 49.1938], [-120.8174, 49.2549], [-120.8175, 49.2908], [-120.8708, 49.325], [-120.975, 49.2708], [-121.0008, 49.3116], [-121.0965, 49.345], [-121.0621, 49.3555], [-121.1, 49.4063], [-121.0583, 49.4813], [-121.0788, 49.5191], [-120.9676, 49.6128], [-120.959, 49.7425], [-120.8707, 49.853], [-120.785, 49.867], [-120.7684, 49.9087], [-120.7267, 49.8788], [-120.6917, 49.8917], [-120.6417, 49.9875], [-120.5917, 49.9542], [-120.5729, 49.8214], [-120.5158, 49.884], [-120.3524, 49.908], [-120.2667, 49.8792], [-120.2564, 49.8464], [-120.1937, 49.8667], [-120.0591, 49.8425], [-119.9914, 49.9366], [-119.9537, 49.9202], [-119.7717, 50.0092], [-119.7955, 50.0358], [-119.7333, 50.1083], [-119.7917, 50.1167], [-119.7917, 50.2], [-119.7458, 50.2042], [-119.7542, 50.2625], [-119.6837, 50.2684], [-119.6369, 50.3799], [-119.6659, 50.4364], [-119.5708, 50.4625], [-119.4408, 50.4048], [-119.2966, 50.4174], [-119.2925, 50.4572], [-119.3298, 50.4755], [-119.2708, 50.65], [-119.1827, 50.5839], [-119.212, 50.5479], [-119.1366, 50.3757], [-119.0133, 50.3368], [-119.0661, 50.248], [-119.0712, 50.1635], [-119.1828, 50.1272], [-119.1456, 50.1154], [-119.1792, 50.0542], [-118.8812, 50.0535], [-118.8171, 50.0202], [-118.6733, 50.0913], [-118.535, 50.1129], [-118.5042, 50.0917], [-118.3908, 50.1619], [-118.2979, 50.1338], [-118.2542, 50.1625], [-118.2619, 50.3257], [-118.3042, 50.3375], [-118.308, 50.3733], [-118.2667, 50.4333], [-118.2092, 50.4289], [-118.1833, 50.5], [-118.2131, 50.5407], [-118.175, 50.5625], [-118.1661, 50.6155], [-118.2913, 50.8559], [-118.2675, 50.8908], [-118.3113, 50.8869], [-118.3875, 51.0042], [-118.425, 51.0], [-118.4379, 51.0691], [-118.5006, 51.1201], [-118.4744, 51.1696], [-118.5658, 51.1925], [-118.5417, 51.2167], [-118.5746, 51.2483], [-118.5417, 51.3042], [-118.6119, 51.3228], [-118.6212, 51.4615], [-118.7074, 51.4757], [-118.6959, 51.5057], [-118.7301, 51.5285], [-118.8333, 51.5292], [-118.817, 51.6274], [-118.925, 51.6833], [-118.8958, 51.7833], [-118.9451, 51.7925], [-118.9549, 51.8533], [-118.9908, 51.8675], [-118.9661, 51.8843], [-118.9869, 51.9366], [-118.8964, 51.9436], [-118.9702, 51.9897], [-118.9316, 52.0371], [-118.8507, 52.0467], [-118.8662, 52.1021], [-118.8042, 52.1833], [-118.8868, 52.2617], [-118.7875, 52.3096], [-118.92, 52.3467], [-118.9417, 52.3875], [-118.9411, 52.448], [-118.8869, 52.4905], [-118.93, 52.5658], [-119.0397, 52.5964], [-119.1142, 52.683], [-119.1574, 52.6743], [-119.1958, 52.6], [-119.3542, 52.5875], [-119.3687, 52.6583], [-119.5323, 52.6285], [-119.6176, 52.7035], [-119.6792, 52.7042], [-119.7287, 52.7729], [-119.6301, 52.8089], [-119.4396, 52.7632], [-119.2892, 52.7712], [-118.9759, 52.8881], [-118.866, 52.7884], [-118.75, 52.7417], [-118.725, 52.6875], [-118.505, 52.6866], [-118.4965, 52.6426], [-118.5375, 52.5958], [-118.5149, 52.5587], [-118.4301, 52.5618], [-118.3375, 52.5083], [-118.2809, 52.5288], [-118.2011, 52.4878], [-118.2545, 52.4428], [-118.2149, 52.367], [-118.1384, 52.4089], [-118.05, 52.4042], [-118.0492, 52.4535], [-117.9932, 52.5], [-117.9108, 52.4337], [-117.7173, 52.3866], [-117.7465, 52.3217], [-117.8407, 52.2746], [-117.8167, 52.2167], [-117.7062, 52.188], [-117.6426, 52.2035], [-117.6024, 52.1337], [-117.5116, 52.1547], [-117.3576, 52.1328], [-117.3167, 52.1875], [-117.2983, 52.0664], [-117.2174, 52.0327], [-117.234, 52.0111], [-117.1899, 51.9754], [-117.0708, 51.9417], [-116.9208, 51.7167], [-116.8125, 51.7042], [-116.7534, 51.816], [-116.6587, 51.799], [-116.6408, 51.7423], [-116.5882, 51.72], [-116.5907, 51.6628], [-116.516, 51.6092], [-116.4708, 51.6208], [-116.4705, 51.5725], [-116.3911, 51.5446], [-116.382, 51.4874], [-116.291, 51.4616], [-116.3076, 51.3759], [-116.2564, 51.3047], [-116.054, 51.2484], [-116.0091, 51.2201], [-116.0297, 51.1674], [-116.0075, 51.1257], [-115.7623, 51.0694], [-115.7689, 51.0422], [-115.6967, 51.0282], [-115.6042, 50.9583], [-115.6038, 50.9184], [-115.5661, 50.8988], [-115.6491, 50.8741], [-115.641, 50.8426], [-115.5717, 50.8452], [-115.548, 50.7964], [-115.4302, 50.7535], [-115.4119, 50.7134], [-115.3083, 50.7208], [-115.2786, 50.6507], [-115.3086, 50.632], [-115.2064, 50.5339], [-115.1689, 50.5703], [-115.0267, 50.5913], [-114.8576, 50.3968], [-114.7705, 50.3559], [-114.792, 50.3309], [-114.7246, 50.1845], [-114.7324, 50.1172], [-114.6577, 50.0254], [-114.6923, 49.8886], [-114.6369, 49.7882], [-114.6591, 49.6547], [-114.7458, 49.6042], [-114.6937, 49.5463], [-114.575, 49.5583], [-114.5917, 49.3958], [-114.4926, 49.3532], [-114.4494, 49.2677], [-114.3869, 49.253], [-114.3939, 49.2089], [-114.2265, 49.1916], [-114.1625, 49.1542], [-114.1538, 49.0975], [-114.0577, 49.0445], [-114.0703, 48.9978], [-114.0173, 48.923], [-114.0417, 48.8875], [-113.988, 48.8479], [-114.0042, 48.8333], [-113.7841, 48.8451], [-113.7705, 48.7851], [-113.7042, 48.7167], [-113.7381, 48.6943], [-113.7408, 48.6092], [-113.4714, 48.5491], [-113.4792, 48.45], [-113.3542, 48.425], [-113.3492, 48.2966], [-113.2296, 48.2365], [-113.2283, 48.1715], [-113.1333, 48.1375], [-113.0675, 48.1534], [-113.05, 48.1208], [-112.997, 48.1334], [-112.9949, 48.0961], [-112.9369, 48.0588], [-112.9525, 48.0372], [-112.8965, 48.0188], [-112.8786, 47.9802], [-112.9083, 47.95], [-113.0913, 47.9108], [-113.0619, 47.8671], [-113.0673, 47.7803], [-113.0853, 47.7464], [-113.1672, 47.728], [-113.1161, 47.4978], [-113.0208, 47.4875], [-112.916, 47.3799], [-112.9333, 47.3417], [-112.7302, 47.2869], [-112.7417, 47.2375], [-112.6049, 47.2241], [-112.5507, 47.166], [-112.4417, 47.1625], [-112.3125, 47.0208], [-112.4917, 46.9167], [-112.5004, 46.8845], [-112.4634, 46.8592], [-112.5167, 46.8333], [-112.5375, 46.7708], [-112.4691, 46.7212], [-112.3217, 46.7243], [-112.2911, 46.5302], [-112.3134, 46.4172], [-112.4116, 46.3826], [-112.45, 46.3292], [-112.5316, 46.333], [-112.5917, 46.2333], [-112.575, 46.1792], [-112.5083, 46.1833], [-112.5208, 46.1396], [-112.4708, 46.1], [-112.4042, 45.8833], [-112.45, 45.8167], [-112.4992, 45.8241], [-112.523, 45.7922], [-112.5875, 45.8333], [-112.6083, 45.9], [-112.6882, 45.8786], [-112.7583, 45.925], [-112.9149, 45.9254], [-112.9542, 46.025], [-113.1542, 46.0667], [-113.2792, 46.0583], [-113.3309, 46.0045], [-113.3771, 46.0208], [-113.4618, 45.9824], [-113.5395, 45.8756], [-113.7007, 45.8422], [-113.8187, 45.7505], [-113.8708, 45.7792], [-113.9084, 45.757], [-113.9039, 45.7008], [-113.9328, 45.6853], [-113.9, 45.6208], [-113.8042, 45.6042], [-113.825, 45.525], [-113.7673, 45.5199], [-113.775, 45.4083], [-113.7328, 45.3924], [-113.7369, 45.3259], [-113.5911, 45.1802], [-113.5742, 45.1258], [-113.5142, 45.1163], [-113.5163, 45.0892], [-113.4547, 45.0564], [-113.4465, 44.9593], [-113.4917, 44.9292], [-113.4583, 44.8667], [-113.375, 44.8375], [-113.3399, 44.7837], [-113.2559, 44.8212], [-113.1339, 44.7741], [-113.0506, 44.6397], [-113.0792, 44.6], [-113.009, 44.5283], [-113.008, 44.4601], [-112.8524, 44.3587], [-112.8125, 44.3792], [-112.8339, 44.4257], [-112.7824, 44.4827], [-112.7059, 44.5038], [-112.3833, 44.45], [-112.3574, 44.5369], [-112.2949, 44.5702], [-112.1131, 44.5245], [-111.8625, 44.5625], [-111.8208, 44.5125], [-111.7083, 44.5583], [-111.4674, 44.5424], [-111.5159, 44.5675], [-111.5256, 44.6153], [-111.4744, 44.6657], [-111.4868, 44.6991], [-111.4059, 44.7129], [-111.3833, 44.7583], [-111.2744, 44.6821], [-111.2781, 44.6506], [-111.1708, 44.525], [-111.0006, 44.4741], [-110.8823, 44.3369], [-110.7259, 44.4215], [-110.7333, 44.4833], [-110.6353, 44.4953], [-110.6131, 44.4594], [-110.6625, 44.425], [-110.5608, 44.3337], [-110.3917, 44.3375], [-110.3577, 44.3049], [-110.3868, 44.2175], [-110.3254, 44.2283], [-110.2772, 44.1839], [-110.2, 44.1792], [-110.2047, 44.0613], [-110.1689, 44.0214], [-110.1184, 43.9955], [-110.0478, 44.0078], [-109.9983, 43.9504], [-109.8583, 43.9583], [-109.87, 43.9216], [-109.8217, 43.859], [-109.8884, 43.809], [-110.0199, 43.7951], [-110.0792, 43.7417], [-110.0328, 43.6738], [-110.0589, 43.6592], [-110.0375, 43.6125], [-110.0577, 43.5926], [-109.9551, 43.5494], [-109.9446, 43.4703], [-109.8988, 43.4881], [-109.802, 43.4619], [-109.7661, 43.4174], [-109.7875, 43.3875], [-109.8725, 43.383], [-110.0083, 43.4542], [-110.0825, 43.4491], [-110.1092, 43.3759], [-110.1649, 43.383], [-110.2625, 43.3333], [-110.2458, 43.2875], [-110.175, 43.275], [-110.158, 43.235], [-110.2006, 43.2073], [-110.2091, 43.1049], [-110.2854, 43.0671], [-110.3814, 43.0661], [-110.5559, 42.967], [-110.5759, 42.9994], [-110.6375, 42.9958], [-110.5713, 42.8229], [-110.5934, 42.792], [-110.6369, 42.8033], [-110.6167, 42.5625], [-110.6392, 42.5295], [-110.6941, 42.5295], [-110.7529, 42.6044], [-110.8583, 42.4875], [-110.9583, 42.5417], [-111.0146, 42.5005], [-111.2333, 42.475], [-111.2417, 42.5958], [-111.2803, 42.5497], [-111.3411, 42.5676], [-111.4532, 42.6504], [-111.5216, 42.7785], [-111.5813, 42.7756], [-111.6592, 42.8547], [-111.7256, 42.7325], [-111.659, 42.6926], [-111.9366, 42.5452], [-111.9922, 42.352], [-112.0772, 42.3411], [-112.0958, 42.2708], [-112.2091, 42.3506], [-112.3225, 42.3246], [-112.2965, 42.4534], [-112.3708, 42.4596], [-112.4458, 42.5625], [-112.4839, 42.5174], [-112.525, 42.3333], [-112.6533, 42.3842], [-112.6542, 42.4708], [-112.6958, 42.4625], [-112.725, 42.3667], [-112.7994, 42.3407], [-112.8218, 42.2632], [-113.017, 42.2215], [-113.1253, 42.153], [-113.1046, 42.0937], [-113.2625, 41.9208], [-113.5476, 41.8629], [-113.6458, 41.8708], [-113.7125, 41.75], [-113.7803, 41.8586], [-113.8741, 41.891], [-113.9542, 41.7917], [-114.0451, 41.7908], [-114.1, 41.6875], [-114.1958, 41.7167], [-114.2625, 41.6792], [-114.2923, 41.7366], [-114.448, 41.8494], [-114.483, 41.8275], [-114.4924, 41.7385], [-114.625, 41.6583], [-114.684, 41.4967], [-114.7688, 41.5037], [-114.9341, 41.4411], [-115.0, 41.4625], [-115.0458, 41.5625], [-115.1292, 41.5833], [-115.1926, 41.6659], [-115.3375, 41.6917], [-115.3417, 41.7583], [-115.428, 41.7839], [-115.4167, 41.5792], [-115.3587, 41.5233], [-115.4133, 41.4091], [-115.4491, 41.3967], [-115.5375, 41.5208], [-115.6077, 41.5593], [-115.6216, 41.6243], [-115.6958, 41.6208], [-115.7221, 41.5085], [-115.7583, 41.5], [-115.8226, 41.558], [-115.9855, 41.6036], [-116.0042, 41.5708], [-115.9708, 41.5208], [-116.0042, 41.4708], [-115.9577, 41.3799], [-116.0167, 41.3042], [-115.9875, 41.2396], [-116.1396, 41.2078], [-116.2042, 41.1292], [-116.3042, 41.1771], [-116.3042, 41.2479], [-116.3458, 41.3083], [-116.33, 41.3659], [-116.5167, 41.425], [-116.625, 41.3792], [-116.7625, 41.6958], [-116.8355, 41.6911], [-116.9395, 41.6131], [-117.0716, 41.6203], [-117.1591, 41.7243], [-117.2909, 41.7674], [-117.3375, 41.9667], [-117.4408, 41.9965], [-117.5917, 42.0958], [-117.6038, 42.185], [-117.6621, 42.2392], [-117.6633, 42.3159], [-117.7208, 42.3292], [-117.8417, 42.2833], [-117.8759, 42.3241], [-117.9532, 42.3257], [-118.0329, 42.4479], [-118.0458, 42.6292], [-118.0858, 42.6212], [-118.152, 42.7119], [-118.2701, 42.6883], [-118.2584, 42.7321], [-118.18, 42.751], [-118.1917, 42.8417], [-118.1417, 42.8292], [-118.1375, 42.8646], [-118.1535, 42.9784], [-118.0792, 43.025], [-118.2226, 43.108], [-118.3375, 43.1125], [-118.4083, 43.0417], [-118.4792, 43.1042], [-118.4742, 43.1368], [-118.3958, 43.1687], [-118.4583, 43.2], [-118.5286, 43.3936], [-118.5327, 43.4824], [-118.5, 43.5375], [-118.5417, 43.6104], [-118.5295, 43.6608], [-118.7022, 43.7172], [-118.8413, 43.8601], [-118.8208, 43.9208], [-118.8496, 44.0108], [-118.8007, 44.0467], [-118.7823, 44.12], [-118.7083, 44.1333], [-118.7256, 44.1658], [-118.684, 44.1966], [-118.7, 44.275], [-118.827, 44.1881], [-119.1091, 44.3006], [-119.1759, 44.2464], [-119.2573, 44.2327], [-119.2875, 44.1625], [-119.1837, 44.0399], [-119.2346, 43.9208], [-119.3161, 43.9049], [-119.33, 43.9336], [-119.3792, 43.9], [-119.425, 43.9542], [-119.6667, 43.95], [-119.7411, 43.8699], [-119.7458, 43.8], [-119.8158, 43.7866], [-119.8119, 43.6177], [-119.9083, 43.5792], [-119.8703, 43.5301], [-119.9034, 43.4828], [-120.0708, 43.5583], [-120.1059, 43.5295], [-120.2708, 43.5208], [-120.4007, 43.5922], [-120.5434, 43.5705], [-120.6, 43.625], [-120.6504, 43.591], [-120.6729, 43.616], [-120.7689, 43.6089], [-120.7885, 43.6368], [-120.8417, 43.6083], [-120.8896, 43.6333], [-120.9792, 43.6125]], [[-123.3447, 45.4121], [-123.3411, 45.4155], [-123.3458, 45.4167], [-123.3447, 45.4121]]]}}, {"type": "Feature", "properties": {"id": "sacramento", "name": "Sacramento", "country": "United States"}, "geometry": {"type": "Polygon", "coordinates": [[[-121.4949, 37.5048], [-121.5009, 37.5201], [-121.5439, 37.5297], [-121.5923, 37.5908], [-121.6199, 37.6046], [-121.6256, 37.6343], [-121.6131, 37.6478], [-121.6125, 37.6708], [-121.6618, 37.7134], [-121.6578, 37.7341], [-121.6676, 37.7577], [-121.6897, 37.7589], [-121.7091, 37.7714], [-121.7382, 37.7619], [-121.8311, 37.8369], [-121.8479, 37.838], [-121.8716, 37.8547], [-121.88, 37.8425], [-121.9, 37.8417], [-121.9333, 37.8583], [-121.925, 37.8792], [-121.9004, 37.8934], [-121.875, 37.9292], [-121.8792, 37.9417], [-121.923, 37.9631], [-121.9384, 37.9867], [-121.9533, 37.9924], [-121.9422, 38.0103], [-121.9458, 38.0583], [-121.92, 38.0494], [-121.9049, 38.0593], [-121.9002, 38.0776], [-121.8799, 38.0758], [-121.8785, 38.0949], [-121.8258, 38.1175], [-121.8125, 38.1417], [-121.8176, 38.1534], [-121.8321, 38.1499], [-121.8452, 38.1687], [-121.8506, 38.188], [-121.8456, 38.1949], [-121.8659, 38.205], [-121.8843, 38.2657], [-121.9238, 38.2876], [-121.9562, 38.3202], [-121.9866, 38.3241], [-121.9884, 38.3089], [-121.9988, 38.2996], [-122.0009, 38.3076], [-122.0353, 38.3244], [-122.0625, 38.3292], [-122.0708, 38.3625], [-122.1083, 38.4125], [-122.1226, 38.4246], [-122.1566, 38.4295], [-122.1684, 38.4455], [-122.1787, 38.4229], [-122.1703, 38.4113], [-122.1715, 38.3967], [-122.2201, 38.3967], [-122.2214, 38.4064], [-122.2705, 38.4601], [-122.2619, 38.476], [-122.2744, 38.4895], [-122.2797, 38.5147], [-122.2951, 38.5259], [-122.2965, 38.5366], [-122.3395, 38.5619], [-122.3658, 38.5673], [-122.3674, 38.5513], [-122.3986, 38.559], [-122.4055, 38.5458], [-122.4293, 38.5821], [-122.4783, 38.605], [-122.4801, 38.6119], [-122.5042, 38.6125], [-122.5093, 38.6202], [-122.5312, 38.6171], [-122.5767, 38.6496], [-122.6167, 38.6583], [-122.6464, 38.7032], [-122.6952, 38.7134], [-122.6964, 38.7272], [-122.7125, 38.7375], [-122.7455, 38.7892], [-122.7467, 38.8075], [-122.8105, 38.8422], [-122.8259, 38.8619], [-122.8625, 38.8667], [-122.8667, 38.875], [-122.8897, 38.8797], [-122.9145, 38.9036], [-122.9574, 38.9132], [-122.9786, 38.9436], [-122.9754, 38.9733], [-122.9875, 38.9792], [-122.9881, 38.9897], [-122.9968, 38.9993], [-123.0408, 39.0134], [-123.0619, 39.0343], [-123.0578, 39.047], [-123.0964, 39.0762], [-123.0755, 39.1312], [-123.078, 39.1579], [-123.0647, 39.1703], [-123.05, 39.1667], [-123.0382, 39.1759], [-123.0325, 39.195], [-123.0179, 39.2045], [-123.0208, 39.2167], [-122.9917, 39.2417], [-123.0161, 39.2853], [-123.0208, 39.3167], [-123.0147, 39.3203], [-122.9855, 39.3089], [-122.9478, 39.3119], [-122.873, 39.2589], [-122.8593, 39.2577], [-122.8458, 39.2417], [-122.7975, 39.2629], [-122.7642, 39.2455], [-122.7476, 39.2462], [-122.725, 39.2667], [-122.725, 39.275], [-122.7576, 39.2842], [-122.7756, 39.3176], [-122.7411, 39.3696], [-122.7667, 39.3792], [-122.7759, 39.3993], [-122.8075, 39.4007], [-122.8089, 39.4089], [-122.7875, 39.4417], [-122.7757, 39.4327], [-122.7509, 39.434], [-122.7381, 39.4563], [-122.7367, 39.491], [-122.725, 39.4917], [-122.7161, 39.5189], [-122.677, 39.5256], [-122.6667, 39.5458], [-122.7035, 39.5592], [-122.6994, 39.5799], [-122.7238, 39.596], [-122.7213, 39.6063], [-122.7301, 39.616], [-122.7708, 39.625], [-122.7767, 39.6371], [-122.7983, 39.642], [-122.8121, 39.6559], [-122.8119, 39.6907], [-122.8036, 39.7007], [-122.8162, 39.7188], [-122.8083, 39.7292], [-122.8564, 39.7339], [-122.8723, 39.75], [-122.8897, 39.7506], [-122.9411, 39.802], [-122.9463, 39.8354], [-122.9583, 39.8458], [-122.95, 39.8625], [-122.9493, 39.9115], [-122.9216, 39.9174], [-122.9125, 39.9333], [-122.9243, 39.9426], [-122.9297, 39.9772], [-122.9494, 39.9967], [-122.9547, 40.0564], [-122.975, 40.0792], [-122.966, 40.1044], [-122.9758, 40.1409], [-122.9875, 40.1417], [-122.9828, 40.1772], [-122.9708, 40.1875], [-122.9788, 40.2059], [-122.9746, 40.2392], [-122.9934, 40.2538], [-123.0621, 40.2767], [-123.0661, 40.3397], [-123.0216, 40.3758], [-123.0201, 40.3909], [-123.0006, 40.3968], [-123.0, 40.4208], [-122.9716, 40.4161], [-122.9426, 40.4257], [-122.9272, 40.4494], [-122.901, 40.4506], [-122.8825, 40.4783], [-122.8561, 40.4839], [-122.8453, 40.4966], [-122.85, 40.5042], [-122.7967, 40.5132], [-122.7875, 40.5458], [-122.7772, 40.5536], [-122.752, 40.5547], [-122.7316, 40.5746], [-122.6983, 40.5705], [-122.692, 40.5767], [-122.709, 40.6199], [-122.7375, 40.639], [-122.7328, 40.6593], [-122.749, 40.6952], [-122.7216, 40.6965], [-122.72, 40.7076], [-122.7083, 40.7083], [-122.7172, 40.7424], [-122.7033, 40.7575], [-122.6676, 40.7715], [-122.6589, 40.7853], [-122.662, 40.7979], [-122.6542, 40.8083], [-122.6619, 40.8313], [-122.6383, 40.8468], [-122.6242, 40.8784], [-122.6095, 40.8834], [-122.5994, 40.9049], [-122.609, 40.9255], [-122.5952, 40.974], [-122.5686, 40.9839], [-122.5479, 41.0037], [-122.5298, 41.0051], [-122.5255, 41.0229], [-122.5375, 41.075], [-122.5149, 41.0871], [-122.4542, 41.0958], [-122.4458, 41.1208], [-122.4542, 41.1438], [-122.4496, 41.1559], [-122.4726, 41.1746], [-122.4941, 41.1754], [-122.5, 41.1833], [-122.4958, 41.1917], [-122.52, 41.2092], [-122.5078, 41.2507], [-122.5131, 41.2841], [-122.5006, 41.2926], [-122.4994, 41.3116], [-122.4917, 41.3167], [-122.4684, 41.3254], [-122.4375, 41.325], [-122.4079, 41.3699], [-122.3741, 41.3839], [-122.3491, 41.3661], [-122.3208, 41.3833], [-122.2842, 41.3884], [-122.2542, 41.4167], [-122.2, 41.4042], [-122.1613, 41.4791], [-122.1465, 41.4841], [-122.1397, 41.5119], [-122.1189, 41.5006], [-122.0801, 41.4994], [-122.0589, 41.473], [-122.0522, 41.4506], [-122.01, 41.4712], [-121.9687, 41.4631], [-121.9563, 41.4744], [-121.9103, 41.4756], [-121.8966, 41.4843], [-121.8909, 41.5118], [-121.852, 41.5215], [-121.8397, 41.5327], [-121.8177, 41.534], [-121.8, 41.5542], [-121.7799, 41.5453], [-121.7634, 41.5465], [-121.7614, 41.5544], [-121.7465, 41.5467], [-121.7451, 41.5574], [-121.7271, 41.5704], [-121.6801, 41.5715], [-121.6635, 41.5922], [-121.6478, 41.5881], [-121.6167, 41.6167], [-121.6024, 41.6205], [-121.5375, 41.6125], [-121.5292, 41.6083], [-121.528, 41.5953], [-121.5089, 41.5989], [-121.508, 41.5767], [-121.4868, 41.5343], [-121.4744, 41.528], [-121.4715, 41.4759], [-121.4786, 41.4741], [-121.4833, 41.4432], [-121.4646, 41.4255], [-121.427, 41.4286], [-121.3895, 41.4214], [-121.3549, 41.4464], [-121.3408, 41.434], [-121.298, 41.4214], [-121.2382, 41.4161], [-121.2009, 41.4257], [-121.1855, 41.4453], [-121.1632, 41.4506], [-121.1426, 41.4451], [-121.1325, 41.43], [-121.1167, 41.425], [-121.1125, 41.4438], [-121.125, 41.4667], [-121.1203, 41.5189], [-121.0341, 41.5384], [-121.0375, 41.5583], [-121.0198, 41.5869], [-120.9811, 41.5964], [-120.9649, 41.6121], [-120.9509, 41.5991], [-120.9542, 41.5708], [-120.8667, 41.5292], [-120.8619, 41.5658], [-120.8426, 41.5798], [-120.8366, 41.5951], [-120.8259, 41.5965], [-120.8246, 41.6316], [-120.8083, 41.6604], [-120.8167, 41.6792], [-120.8075, 41.6952], [-120.7759, 41.6965], [-120.725, 41.7417], [-120.7021, 41.738], [-120.6801, 41.7465], [-120.6426, 41.7715], [-120.6282, 41.7993], [-120.6, 41.8098], [-120.6042, 41.8208], [-120.5792, 41.825], [-120.584, 41.8573], [-120.5715, 41.8591], [-120.5755, 41.8926], [-120.5672, 41.9061], [-120.5661, 41.9384], [-120.5792, 41.9625], [-120.5975, 41.958], [-120.6228, 41.9744], [-120.6466, 41.9703], [-120.6647, 41.9756], [-120.6717, 41.9868], [-120.6983, 41.992], [-120.7087, 42.01], [-120.6958, 42.0375], [-120.7233, 42.042], [-120.7384, 42.0577], [-120.7647, 42.0631], [-120.775, 42.0833], [-120.8059, 42.0545], [-120.835, 42.0413], [-120.8642, 42.0413], [-120.88, 42.0572], [-120.9076, 42.0633], [-120.8994, 42.093], [-120.9048, 42.1079], [-120.8963, 42.1173], [-120.8715, 42.1117], [-120.8699, 42.0923], [-120.8493, 42.0911], [-120.8339, 42.1061], [-120.8214, 42.1686], [-120.8244, 42.223], [-120.7955, 42.2553], [-120.8241, 42.2756], [-120.8369, 42.298], [-120.8125, 42.3375], [-120.7579, 42.3465], [-120.7396, 42.3339], [-120.7091, 42.3466], [-120.7, 42.3667], [-120.675, 42.3458], [-120.6343, 42.3634], [-120.632, 42.3715], [-120.6171, 42.366], [-120.5966, 42.3716], [-120.5949, 42.3836], [-120.5713, 42.3619], [-120.5378, 42.3675], [-120.5292, 42.3875], [-120.4958, 42.3917], [-120.5004, 42.4059], [-120.4795, 42.4184], [-120.4792, 42.4292], [-120.4542, 42.4292], [-120.4186, 42.4161], [-120.3812, 42.388], [-120.3583, 42.3875], [-120.3215, 42.3438], [-120.3243, 42.3091], [-120.3132, 42.3075], [-120.2871, 42.2434], [-120.3, 42.2292], [-120.2994, 42.2176], [-120.2839, 42.2022], [-120.275, 42.1625], [-120.2583, 42.1583], [-120.2379, 42.1274], [-120.2375, 42.0542], [-120.2256, 42.0438], [-120.2159, 42.0133], [-120.2049, 42.0117], [-120.2033, 41.9967], [-120.1881, 41.9814], [-120.1926, 41.9674], [-120.2292, 41.95], [-120.2301, 41.9382], [-120.2449, 41.9368], [-120.2536, 41.9272], [-120.2542, 41.9042], [-120.2366, 41.8675], [-120.2172, 41.8522], [-120.2046, 41.8063], [-120.2174, 41.7591], [-120.2367, 41.7534], [-120.2458, 41.7292], [-120.2742, 41.7199], [-120.2756, 41.7093], [-120.2633, 41.7075], [-120.2619, 41.6951], [-120.2714, 41.6842], [-120.2917, 41.6792], [-120.2911, 41.6344], [-120.2667, 41.6083], [-120.275, 41.5875], [-120.2712, 41.5601], [-120.2875, 41.525], [-120.2411, 41.4677], [-120.2451, 41.4467], [-120.23, 41.4366], [-120.2208, 41.4167], [-120.2288, 41.385], [-120.2167, 41.3792], [-120.2116, 41.3423], [-120.2, 41.3417], [-120.1996, 41.2851], [-120.1875, 41.2708], [-120.1875, 41.2521], [-120.1684, 41.233], [-120.1417, 41.2333], [-120.133, 41.2142], [-120.1379, 41.1809], [-120.1708, 41.1375], [-120.1792, 41.1375], [-120.167, 41.1267], [-120.1879, 41.085], [-120.2337, 41.0559], [-120.2304, 41.0244], [-120.2605, 41.0297], [-120.2951, 41.0506], [-120.3199, 41.041], [-120.3436, 41.0131], [-120.3649, 41.0045], [-120.3833, 41.0208], [-120.4047, 41.0616], [-120.441, 41.0801], [-120.4458, 41.1042], [-120.4593, 41.0911], [-120.4884, 41.0964], [-120.5267, 41.0795], [-120.5667, 41.0833], [-120.5881, 41.0341], [-120.584, 41.0008], [-120.6371, 40.9781], [-120.6542, 40.9583], [-120.699, 40.9548], [-120.725, 40.9792], [-120.7385, 40.9548], [-120.7559, 40.9621], [-120.7983, 40.958], [-120.8167, 40.9458], [-120.8381, 40.9134], [-120.8247, 40.8928], [-120.8464, 40.876], [-120.8343, 40.8425], [-120.8542, 40.825], [-120.8833, 40.8167], [-120.8926, 40.8007], [-120.9074, 40.7993], [-120.94, 40.7538], [-120.9691, 40.758], [-120.9858, 40.7371], [-121.0083, 40.7458], [-121.025, 40.7375], [-121.0892, 40.7371], [-121.1167, 40.75], [-121.1046, 40.7313], [-121.1214, 40.7113], [-121.1202, 40.6968], [-121.1006, 40.6855], [-121.0869, 40.6468], [-121.0509, 40.6256], [-121.0816, 40.6163], [-121.0968, 40.5964], [-121.1491, 40.5952], [-121.1506, 40.5759], [-121.1686, 40.5631], [-121.1938, 40.5588], [-121.2116, 40.5659], [-121.2413, 40.5358], [-121.245, 40.4967], [-121.2225, 40.4996], [-121.1729, 40.4708], [-121.1434, 40.4837], [-121.085, 40.483], [-121.0684, 40.4621], [-121.0542, 40.4667], [-121.0176, 40.4493], [-121.0042, 40.4292], [-120.977, 40.4244], [-120.9189, 40.3922], [-120.8895, 40.3869], [-120.8675, 40.3741], [-120.8619, 40.3507], [-120.8698, 40.3299], [-120.8592, 40.3285], [-120.8424, 40.3116], [-120.8366, 40.2925], [-120.8189, 40.2797], [-120.7884, 40.284], [-120.7605, 40.3161], [-120.7375, 40.3167], [-120.7066, 40.3004], [-120.6991, 40.3116], [-120.6853, 40.3119], [-120.6592, 40.3077], [-120.6522, 40.2964], [-120.6333, 40.2958], [-120.6146, 40.2838], [-120.6063, 40.2912], [-120.5843, 40.2826], [-120.57, 40.2634], [-120.5509, 40.2576], [-120.5358, 40.242], [-120.5017, 40.2371], [-120.4792, 40.2], [-120.4517, 40.1955], [-120.4407, 40.1759], [-120.4119, 40.1615], [-120.4203, 40.1396], [-120.4153, 40.1285], [-120.3812, 40.1327], [-120.3507, 40.116], [-120.338, 40.1215], [-120.2968, 40.1078], [-120.2757, 40.1131], [-120.2605, 40.0922], [-120.2167, 40.0708], [-120.2, 40.0125], [-120.1844, 40.0119], [-120.1743, 39.9884], [-120.1583, 39.975], [-120.158, 39.96], [-120.135, 39.9538], [-120.124, 39.9337], [-120.1048, 39.9241], [-120.1045, 39.8934], [-120.1208, 39.8646], [-120.1167, 39.8458], [-120.1036, 39.8343], [-120.1048, 39.8009], [-120.1131, 39.7988], [-120.1042, 39.7792], [-120.1259, 39.7425], [-120.1506, 39.7321], [-120.1455, 39.7059], [-120.1375, 39.7], [-120.1369, 39.6478], [-120.109, 39.6158], [-120.1006, 39.5853], [-120.1217, 39.559], [-120.1826, 39.5411], [-120.2191, 39.5413], [-120.2257, 39.5257], [-120.2521, 39.5243], [-120.2814, 39.5119], [-120.2884, 39.5006], [-120.3604, 39.5079], [-120.3812, 39.4963], [-120.4145, 39.5161], [-120.4417, 39.5167], [-120.4422, 39.4853], [-120.451, 39.4629], [-120.4616, 39.4575], [-120.4625, 39.4333], [-120.4528, 39.4244], [-120.4296, 39.4298], [-120.4236, 39.4202], [-120.3716, 39.4284], [-120.3625, 39.4083], [-120.3658, 39.3842], [-120.3467, 39.3658], [-120.3285, 39.3135], [-120.3161, 39.3071], [-120.3241, 39.2842], [-120.3004, 39.2699], [-120.2661, 39.2302], [-120.2833, 39.1917], [-120.2507, 39.1784], [-120.2453, 39.1228], [-120.2338, 39.1104], [-120.2506, 39.0927], [-120.2493, 39.0842], [-120.2042, 39.0583], [-120.1958, 39.0292], [-120.2089, 39.0176], [-120.1824, 38.9799], [-120.1604, 38.9787], [-120.1464, 38.9689], [-120.1506, 38.9301], [-120.1631, 38.9216], [-120.1505, 38.8896], [-120.175, 38.8625], [-120.1583, 38.85], [-120.1083, 38.8583], [-120.1077, 38.8343], [-120.0966, 38.8286], [-120.0882, 38.8339], [-120.0426, 38.8285], [-120.0328, 38.8176], [-120.0496, 38.7983], [-120.0542, 38.7417], [-120.0392, 38.7371], [-120.0191, 38.7129], [-119.9958, 38.7083], [-119.983, 38.6809], [-119.9866, 38.6634], [-119.9757, 38.6578], [-119.964, 38.6625], [-119.9441, 38.642], [-119.9208, 38.6333], [-119.9161, 38.6257], [-119.9214, 38.6174], [-119.9071, 38.5953], [-119.8926, 38.6047], [-119.8509, 38.6035], [-119.8324, 38.5586], [-119.8052, 38.545], [-119.7855, 38.5215], [-119.7715, 38.5201], [-119.7705, 38.4892], [-119.7608, 38.4712], [-119.7333, 38.4708], [-119.7284, 38.4466], [-119.6925, 38.4493], [-119.6839, 38.4397], [-119.6786, 38.3978], [-119.6417, 38.3542], [-119.6333, 38.3542], [-119.6339, 38.3353], [-119.6454, 38.3188], [-119.6454, 38.2896], [-119.6164, 38.2614], [-119.6204, 38.2562], [-119.6119, 38.2468], [-119.6295, 38.2059], [-119.6233, 38.192], [-119.585, 38.1871], [-119.5712, 38.1733], [-119.5708, 38.1583], [-119.5458, 38.1458], [-119.5066, 38.1371], [-119.4976, 38.1496], [-119.4868, 38.1342], [-119.4667, 38.1292], [-119.4625, 38.0958], [-119.4478, 38.0964], [-119.4271, 38.112], [-119.3978, 38.1078], [-119.3833, 38.0917], [-119.3458, 38.0833], [-119.3174, 38.0617], [-119.3038, 38.0225], [-119.3204, 37.9688], [-119.3115, 37.9504], [-119.2923, 37.9408], [-119.2917, 37.9333], [-119.2719, 37.9327], [-119.2659, 37.909], [-119.2354, 37.9077], [-119.2135, 37.8949], [-119.2083, 37.8833], [-119.2173, 37.8671], [-119.216, 37.8466], [-119.2035, 37.8448], [-119.2049, 37.826], [-119.2131, 37.8236], [-119.2042, 37.8167], [-119.201, 37.7965], [-119.2407, 37.7742], [-119.2542, 37.7417], [-119.2663, 37.7392], [-119.2167, 37.7125], [-119.1892, 37.7379], [-119.1351, 37.7371], [-119.1142, 37.7288], [-119.0587, 37.6774], [-119.058, 37.6517], [-119.0439, 37.6339], [-119.0342, 37.6326], [-119.025, 37.5833], [-118.9801, 37.5618], [-118.978, 37.5536], [-118.9521, 37.5662], [-118.9314, 37.5506], [-118.9167, 37.55], [-118.8899, 37.517], [-118.8583, 37.5042], [-118.8583, 37.4833], [-118.8517, 37.4788], [-118.7892, 37.4871], [-118.783, 37.4725], [-118.7625, 37.4583], [-118.7629, 37.4351], [-118.783, 37.4149], [-118.7875, 37.3958], [-118.7667, 37.3667], [-118.787, 37.3437], [-118.778, 37.3203], [-118.7604, 37.3245], [-118.7466, 37.3161], [-118.7127, 37.3238], [-118.6958, 37.3042], [-118.6952, 37.2926], [-118.6792, 37.2833], [-118.6667, 37.2542], [-118.683, 37.2441], [-118.6837, 37.2275], [-118.6788, 37.2017], [-118.6663, 37.1892], [-118.6705, 37.1684], [-118.6542, 37.1375], [-118.5934, 37.1371], [-118.5608, 37.1129], [-118.5292, 37.1125], [-118.4816, 37.0754], [-118.4379, 37.0608], [-118.4366, 37.0384], [-118.4213, 37.0188], [-118.4208, 36.9937], [-118.4087, 36.9816], [-118.4042, 36.95], [-118.384, 36.9408], [-118.3625, 36.8896], [-118.3633, 36.8466], [-118.3923, 36.832], [-118.3867, 36.8132], [-118.3754, 36.8066], [-118.3792, 36.7833], [-118.3705, 36.7559], [-118.3375, 36.7333], [-118.3379, 36.7059], [-118.3663, 36.6892], [-118.3366, 36.655], [-118.3167, 36.6458], [-118.3161, 36.6302], [-118.3009, 36.62], [-118.2875, 36.5917], [-118.2958, 36.5771], [-118.291, 36.5592], [-118.2506, 36.5396], [-118.2493, 36.5216], [-118.2417, 36.5208], [-118.242, 36.4934], [-118.25, 36.4833], [-118.2212, 36.4608], [-118.2125, 36.4333], [-118.1684, 36.4295], [-118.1562, 36.4375], [-118.1423, 36.4241], [-118.1426, 36.3968], [-118.1536, 36.3896], [-118.1488, 36.3793], [-118.1341, 36.3742], [-118.125, 36.3458], [-118.1049, 36.3452], [-118.1036, 36.3325], [-118.1202, 36.3073], [-118.1201, 36.251], [-118.1045, 36.2233], [-118.1089, 36.2155], [-118.063, 36.1731], [-118.0631, 36.1509], [-118.0756, 36.1424], [-118.0661, 36.0885], [-118.0506, 36.073], [-118.0324, 36.0007], [-118.0176, 35.9993], [-118.0083, 35.9875], [-118.0116, 35.9507], [-118.0009, 35.9493], [-117.9869, 35.9299], [-117.9922, 35.9216], [-117.9875, 35.8708], [-118.0038, 35.8566], [-118.0045, 35.8226], [-118.0129, 35.81], [-118.0, 35.7667], [-118.008, 35.7608], [-118.0004, 35.7441], [-118.0042, 35.7271], [-117.9875, 35.6917], [-118.0246, 35.6691], [-118.033, 35.6566], [-118.0333, 35.6333], [-118.0517, 35.6288], [-118.0688, 35.6375], [-118.0875, 35.6292], [-118.0883, 35.6216], [-118.1158, 35.6158], [-118.1167, 35.5875], [-118.1292, 35.5792], [-118.1254, 35.5642], [-118.142, 35.5434], [-118.125, 35.5146], [-118.1337, 35.4975], [-118.1458, 35.4917], [-118.1592, 35.4465], [-118.1699, 35.4451], [-118.1792, 35.4292], [-118.227, 35.4536], [-118.2549, 35.4589], [-118.2741, 35.4491], [-118.2924, 35.4217], [-118.3292, 35.4167], [-118.3241, 35.4007], [-118.3093, 35.3993], [-118.2964, 35.3855], [-118.2911, 35.352], [-118.2715, 35.3283], [-118.2661, 35.3132], [-118.275, 35.2875], [-118.2417, 35.275], [-118.2504, 35.2642], [-118.2371, 35.235], [-118.2417, 35.2208], [-118.2684, 35.2121], [-118.2767, 35.2205], [-118.3309, 35.2212], [-118.3642, 35.2087], [-118.4059, 35.2129], [-118.4208, 35.2042], [-118.4292, 35.1958], [-118.4286, 35.177], [-118.4078, 35.1571], [-118.4172, 35.0936], [-118.4292, 35.075], [-118.4385, 35.0789], [-118.4417, 35.0708], [-118.4649, 35.0705], [-118.4833, 35.05], [-118.4871, 35.0351], [-118.475, 35.0125], [-118.5392, 34.9879], [-118.6042, 34.9833], [-118.6036, 34.9634], [-118.5875, 34.9542], [-118.5965, 34.9426], [-118.6483, 34.9246], [-118.677, 34.9006], [-118.7147, 34.8953], [-118.766, 34.8616], [-118.7674, 34.8509], [-118.7892, 34.8337], [-118.8108, 34.8288], [-118.8167, 34.8042], [-118.8674, 34.809], [-118.9088, 34.7785], [-118.9615, 34.7923], [-118.9668, 34.7762], [-118.9899, 34.7712], [-119.0858, 34.8004], [-119.1042, 34.8208], [-119.1774, 34.8129], [-119.2083, 34.8333], [-119.208, 34.8684], [-119.2142, 34.8746], [-119.2343, 34.862], [-119.2741, 34.8714], [-119.3356, 34.8672], [-119.3583, 34.875], [-119.3667, 34.9], [-119.3816, 34.9004], [-119.4108, 34.917], [-119.4246, 34.9309], [-119.4292, 34.95], [-119.4689, 34.9547], [-119.5125, 34.9875], [-119.5441, 34.992], [-119.5517, 34.9996], [-119.5939, 34.9964], [-119.6009, 35.0075], [-119.6396, 35.0287], [-119.6739, 35.0247], [-119.7191, 35.0295], [-119.7438, 35.0417], [-119.7521, 35.0333], [-119.7608, 35.0379], [-119.8184, 35.0955], [-119.8542, 35.1083], [-119.8684, 35.1246], [-119.9038, 35.1434], [-119.9163, 35.1601], [-119.917, 35.1816], [-119.9496, 35.2142], [-119.9458, 35.2333], [-119.9619, 35.2384], [-119.9631, 35.2616], [-120.0191, 35.2795], [-120.0396, 35.2958], [-120.0542, 35.2917], [-120.0542, 35.3], [-120.0743, 35.3135], [-120.0801, 35.3326], [-120.0908, 35.334], [-120.0869, 35.3571], [-120.1086, 35.3678], [-120.1036, 35.3843], [-120.1208, 35.4125], [-120.1087, 35.4184], [-120.0996, 35.4441], [-120.0712, 35.4767], [-120.0717, 35.4866], [-120.0991, 35.505], [-120.1132, 35.5449], [-120.1532, 35.5712], [-120.1881, 35.6074], [-120.2241, 35.6256], [-120.2292, 35.6458], [-120.2129, 35.66], [-120.2131, 35.6772], [-120.2257, 35.7116], [-120.2336, 35.7136], [-120.2158, 35.7493], [-120.201, 35.7507], [-120.1917, 35.7625], [-120.2167, 35.7917], [-120.2212, 35.8191], [-120.2399, 35.8254], [-120.2538, 35.8434], [-120.2417, 35.8687], [-120.2462, 35.8816], [-120.2767, 35.908], [-120.3191, 35.9087], [-120.3375, 35.9208], [-120.3375, 35.9375], [-120.3575, 35.9466], [-120.3675, 35.966], [-120.4042, 35.975], [-120.4351, 35.9705], [-120.4925, 36.0158], [-120.5233, 36.0212], [-120.55, 36.05], [-120.5908, 36.0717], [-120.5911, 36.0884], [-120.6006, 36.0991], [-120.6434, 36.0996], [-120.6583, 36.1125], [-120.6699, 36.1664], [-120.655, 36.1716], [-120.6337, 36.2108], [-120.6833, 36.2521], [-120.6788, 36.2684], [-120.6875, 36.2792], [-120.6647, 36.3161], [-120.6226, 36.317], [-120.5922, 36.3355], [-120.6083, 36.35], [-120.6242, 36.3507], [-120.63, 36.3659], [-120.648, 36.3714], [-120.6551, 36.3827], [-120.6978, 36.4036], [-120.7155, 36.4047], [-120.7176, 36.3965], [-120.7382, 36.3869], [-120.7676, 36.416], [-120.7814, 36.4131], [-120.7967, 36.4408], [-120.8157, 36.4504], [-120.83, 36.47], [-120.8718, 36.4881], [-120.8937, 36.4713], [-120.9042, 36.475], [-120.9092, 36.4991], [-120.9355, 36.5047], [-120.9509, 36.52], [-121.0208, 36.55], [-121.034, 36.5785], [-121.0112, 36.6292], [-120.9924, 36.6341], [-120.9824, 36.6789], [-120.9667, 36.6875], [-120.9714, 36.7091], [-120.9578, 36.7196], [-120.9868, 36.7342], [-120.9958, 36.7625], [-121.0312, 36.7667], [-121.0625, 36.7542], [-121.1159, 36.7674], [-121.1077, 36.8088], [-121.1367, 36.8211], [-121.1423, 36.8521], [-121.1826, 36.8927], [-121.1833, 36.9083], [-121.225, 36.9125], [-121.233, 36.9316], [-121.2125, 36.9583], [-121.2404, 36.9749], [-121.2452, 36.9854], [-121.2368, 37.0127], [-121.2502, 37.0367], [-121.2209, 37.0429], [-121.2244, 37.0479], [-121.2118, 37.0652], [-121.2365, 37.0843], [-121.2167, 37.1167], [-121.2366, 37.1384], [-121.2417, 37.1583], [-121.2659, 37.159], [-121.2674, 37.1699], [-121.2875, 37.1833], [-121.2929, 37.1661], [-121.3314, 37.1672], [-121.3583, 37.1833], [-121.3966, 37.1536], [-121.4241, 37.1884], [-121.4203, 37.2052], [-121.4451, 37.2259], [-121.4537, 37.2437], [-121.4589, 37.2882], [-121.4458, 37.3083], [-121.4191, 37.3038], [-121.4087, 37.3142], [-121.4087, 37.3358], [-121.425, 37.3604], [-121.4125, 37.3833], [-121.4399, 37.3837], [-121.4746, 37.4226], [-121.4703, 37.453], [-121.4961, 37.47], [-121.4715, 37.4801], [-121.4712, 37.4899], [-121.4792, 37.5042], [-121.4949, 37.5048]]]}}, {"type": "Feature", "properties": {"id": "amazon", "name": "Amazon", "country": "Brazil"}, "geometry": {"type": "Polygon", "coordinates": [[[-67.3339, -17.1439], [-67.3292, -17.2792], [-67.5267, -17.2629], [-67.5833, -17.1958], [-67.6333, -17.25], [-67.6858, -17.258], [-67.75, -17.1875], [-67.8417, -17.1583], [-67.9092, -17.0134], [-68.0533, -16.8866], [-68.0922, -16.8137], [-68.0634, -16.7425], [-68.1117, -16.7159], [-68.1375, -16.625], [-68.192, -16.5767], [-68.1042, -16.2958], [-68.2115, -16.2207], [-68.2413, -16.1316], [-68.3, -16.0958], [-68.2958, -16.0542], [-68.4576, -15.9241], [-68.4811, -15.8631], [-68.5458, -15.8583], [-68.55, -15.9208], [-68.6022, -15.9285], [-68.6757, -15.8717], [-68.7816, -15.8663], [-68.8, -15.8167], [-68.8833, -15.7583], [-68.9, -15.7792], [-69.0167, -15.725], [-69.0462, -15.5184], [-69.0922, -15.4845], [-69.0631, -15.372], [-69.0089, -15.302], [-69.1411, -15.1408], [-69.0545, -15.0017], [-69.1246, -14.9566], [-69.1036, -14.8929], [-69.1785, -14.8117], [-69.175, -14.7167], [-69.2292, -14.6583], [-69.3458, -14.6542], [-69.35, -14.6208], [-69.4451, -14.6118], [-69.4601, -14.5837], [-69.5159, -14.5993], [-69.5875, -14.55], [-69.58, -14.4925], [-69.6301, -14.4964], [-69.6884, -14.4173], [-69.7155, -14.4253], [-69.7288, -14.3441], [-69.7837, -14.276], [-69.9309, -14.2795], [-70.0469, -14.1841], [-70.1034, -14.1741], [-70.1842, -14.0632], [-70.2583, -14.0875], [-70.3292, -14.175], [-70.3937, -14.1954], [-70.4271, -14.1755], [-70.477, -14.2203], [-70.5559, -14.1504], [-70.6917, -14.125], [-70.7125, -14.075], [-70.7917, -14.0833], [-70.8208, -14.1417], [-70.8875, -14.1708], [-70.8785, -14.262], [-70.9091, -14.3366], [-70.9833, -14.3792], [-70.9625, -14.4375], [-70.9912, -14.4562], [-70.9911, -14.5189], [-70.9667, -14.5667], [-71.1167, -14.65], [-71.0468, -14.7547], [-71.0146, -14.738], [-70.9746, -14.765], [-71.009, -14.9954], [-70.9505, -15.0729], [-70.9792, -15.1042], [-70.9625, -15.2167], [-71.0, -15.2458], [-71.1022, -15.2089], [-71.18, -15.2798], [-71.2, -15.2458], [-71.1453, -15.1243], [-71.1684, -15.0962], [-71.2505, -15.0577], [-71.325, -15.1208], [-71.3975, -15.042], [-71.4553, -15.0411], [-71.525, -15.075], [-71.5672, -15.3439], [-71.6045, -15.4071], [-71.6542, -15.4125], [-71.6875, -15.5208], [-71.7605, -15.5203], [-71.7875, -15.4625], [-71.8667, -15.4583], [-71.8578, -15.3387], [-71.9177, -15.2465], [-71.9458, -15.25], [-71.8908, -15.1384], [-71.8385, -15.116], [-71.8458, -15.0792], [-71.9434, -15.1087], [-71.9854, -15.075], [-72.01, -15.092], [-72.0542, -15.0292], [-72.1508, -14.9757], [-72.2809, -14.9629], [-72.3121, -14.9358], [-72.3125, -14.8333], [-72.4159, -14.8201], [-72.4785, -14.7658], [-72.4708, -14.6583], [-72.5917, -14.7125], [-72.6007, -14.6758], [-72.6917, -14.6875], [-72.7257, -14.6466], [-72.7917, -14.65], [-72.8417, -14.7583], [-72.8725, -14.7045], [-73.0326, -14.6257], [-73.0479, -14.6577], [-73.0993, -14.651], [-73.1049, -14.6909], [-73.1591, -14.6786], [-73.2833, -14.7375], [-73.3491, -14.7035], [-73.3559, -14.6129], [-73.4625, -14.6125], [-73.5441, -14.5087], [-73.5871, -14.5309], [-73.6092, -14.6033], [-73.7202, -14.6592], [-73.7267, -14.733], [-73.7923, -14.691], [-73.8208, -14.7292], [-73.825, -14.6542], [-73.855, -14.63], [-73.9833, -14.575], [-74.0217, -14.5175], [-74.1241, -14.5283], [-74.1667, -14.4625], [-74.2083, -14.4542], [-74.1673, -14.3948], [-74.1833, -14.2958], [-74.3199, -14.2756], [-74.3001, -14.332], [-74.3899, -14.4121], [-74.5208, -14.3708], [-74.5674, -14.2549], [-74.651, -14.2328], [-74.6833, -14.2583], [-74.7705, -14.0983], [-74.7875, -13.9292], [-74.7583, -13.8312], [-74.7881, -13.7645], [-74.8333, -13.7375], [-74.9708, -13.7542], [-75.0492, -13.6784], [-75.0917, -13.5958], [-75.0868, -13.5549], [-75.0375, -13.5458], [-75.0958, -13.475], [-75.0667, -13.4], [-75.1417, -13.3818], [-75.116, -13.3245], [-75.1417, -13.2542], [-75.2208, -13.236], [-75.2167, -13.1708], [-75.1301, -13.166], [-75.1118, -13.1175], [-75.0425, -13.0842], [-75.2392, -12.8837], [-75.341, -12.9324], [-75.3536, -12.8679], [-75.4689, -12.8411], [-75.5413, -12.765], [-75.5746, -12.715], [-75.5506, -12.6812], [-75.5708, -12.5854], [-75.6167, -12.575], [-75.6119, -12.4868], [-75.6458, -12.4167], [-75.6371, -12.3642], [-75.5875, -12.325], [-75.6672, -12.1928], [-75.6298, -12.1301], [-75.7434, -12.0462], [-75.7667, -12.0625], [-75.8853, -11.9923], [-76.025, -11.975], [-76.05, -11.8875], [-76.1994, -11.7324], [-76.1792, -11.6125], [-76.205, -11.5759], [-76.2292, -11.5583], [-76.2958, -11.5917], [-76.3091, -11.5424], [-76.3492, -11.541], [-76.4295, -11.3351], [-76.4744, -11.2939], [-76.458, -11.2697], [-76.5083, -11.1667], [-76.4911, -11.0908], [-76.575, -11.0125], [-76.5881, -10.8395], [-76.6202, -10.8158], [-76.725, -10.475], [-76.8616, -10.3741], [-76.9083, -10.2667], [-76.9167, -10.1125], [-76.9625, -10.1042], [-77.0631, -9.8686], [-77.2417, -9.8083], [-77.2292, -9.7083], [-77.3077, -9.5782], [-77.3254, -9.4733], [-77.3042, -9.4542], [-77.333, -9.3649], [-77.3167, -9.3042], [-77.5167, -9.2417], [-77.5288, -9.1601], [-77.4926, -9.0964], [-77.575, -9.0875], [-77.5797, -9.0061], [-77.6205, -8.9691], [-77.5795, -8.9274], [-77.6042, -8.8708], [-77.5833, -8.7667], [-77.7246, -8.6483], [-77.6922, -8.5603], [-77.7833, -8.3792], [-77.742, -8.3608], [-77.7631, -8.3012], [-77.725, -8.2625], [-77.7754, -8.1608], [-77.7375, -8.1193], [-77.7464, -8.0801], [-77.953, -8.0544], [-77.9887, -7.9833], [-78.0875, -8.0083], [-78.25, -7.9708], [-78.2625, -7.7542], [-78.383, -7.6316], [-78.3578, -7.527], [-78.325, -7.5042], [-78.3417, -7.4], [-78.3833, -7.3708], [-78.359, -7.327], [-78.6243, -7.1408], [-78.6035, -7.0509], [-78.5045, -6.9684], [-78.6033, -6.895], [-78.625, -6.7917], [-78.6871, -6.7524], [-78.6549, -6.7285], [-78.6592, -6.6632], [-78.7583, -6.6083], [-78.8217, -6.5257], [-78.9158, -6.52], [-78.9417, -6.4542], [-79.0625, -6.4542], [-79.0843, -6.4006], [-79.1833, -6.4042], [-79.2253, -6.3157], [-79.2212, -6.2184], [-79.2533, -6.22], [-79.275, -6.1542], [-79.3146, -6.138], [-79.4042, -6.175], [-79.4283, -6.1491], [-79.4121, -6.0191], [-79.4708, -5.9833], [-79.4337, -5.9441], [-79.4464, -5.902], [-79.6119, -5.7147], [-79.5426, -5.6618], [-79.5417, -5.5958], [-79.4542, -5.5083], [-79.5208, -5.425], [-79.5708, -5.2792], [-79.5363, -5.1078], [-79.4958, -5.1042], [-79.466, -4.9884], [-79.4049, -4.9491], [-79.3958, -4.8375], [-79.4333, -4.75], [-79.334, -4.6063], [-79.325, -4.5083], [-79.2833, -4.475], [-79.2083, -4.5083], [-79.1083, -4.4021], [-79.1042, -4.1833], [-79.225, -4.0792], [-79.2667, -3.9875], [-79.2625, -3.8625], [-79.3115, -3.8329], [-79.3506, -3.7424], [-79.2583, -3.6708], [-79.1592, -3.7159], [-79.1535, -3.6633], [-79.0504, -3.5816], [-79.0631, -3.4305], [-79.0066, -3.367], [-78.9417, -3.35], [-78.9542, -3.3], [-78.925, -3.2708], [-79.0424, -3.1466], [-79.2042, -3.0917], [-79.2292, -3.0542], [-79.3284, -3.0576], [-79.3583, -3.0042], [-79.2797, -2.8939], [-79.2875, -2.85], [-79.2292, -2.811], [-79.245, -2.755], [-79.1458, -2.7333], [-79.1132, -2.6865], [-79.1292, -2.6458], [-79.047, -2.6039], [-79.0208, -2.6375], [-78.9875, -2.6], [-78.8588, -2.6631], [-78.8493, -2.6341], [-78.775, -2.6333], [-78.7453, -2.4387], [-78.7958, -2.4167], [-78.7911, -2.3686], [-78.7521, -2.3255], [-78.6646, -2.3412], [-78.6208, -2.3], [-78.6833, -2.2083], [-78.6297, -2.102], [-78.8422, -1.9924], [-78.8121, -1.9483], [-78.8538, -1.9274], [-78.8333, -1.7583], [-78.8667, -1.7125], [-78.8369, -1.599], [-78.875, -1.5333], [-78.8375, -1.4667], [-78.9118, -1.4284], [-78.9375, -1.3542], [-78.8875, -1.2792], [-78.8825, -1.2092], [-78.7917, -1.1417], [-78.8458, -1.0833], [-78.8325, -1.0216], [-78.7911, -0.9924], [-78.808, -0.8142], [-78.7125, -0.6625], [-78.5958, -0.65], [-78.5083, -0.5875], [-78.4674, -0.6051], [-78.4375, -0.6833], [-78.3299, -0.6576], [-78.3167, -0.575], [-78.2795, -0.5649], [-78.2333, -0.4583], [-78.2542, -0.4083], [-78.1922, -0.3199], [-78.1917, -0.2083], [-78.1392, -0.1663], [-78.0717, -0.1826], [-77.9917, -0.1083], [-78.0083, 0.0458], [-77.9667, 0.1583], [-77.8759, 0.2048], [-77.8292, 0.2708], [-77.85, 0.3], [-77.7958, 0.3729], [-77.8083, 0.4292], [-77.667, 0.5851], [-77.6958, 0.625], [-77.6413, 0.678], [-77.6702, 0.7283], [-77.5659, 0.7286], [-77.4792, 0.7917], [-77.3967, 0.805], [-77.4047, 0.8674], [-77.325, 0.9792], [-77.252, 0.9922], [-77.2132, 1.0343], [-77.1825, 1.1783], [-77.125, 1.2167], [-77.0875, 1.1792], [-77.0342, 1.1965], [-76.9792, 1.2292], [-76.9741, 1.2868], [-76.9135, 1.3087], [-76.9292, 1.5], [-76.8583, 1.5208], [-76.8455, 1.6691], [-76.7333, 1.775], [-76.7083, 1.9583], [-76.6259, 1.9744], [-76.5796, 1.8979], [-76.5917, 1.8667], [-76.4625, 1.8167], [-76.4208, 1.7333], [-76.3706, 1.7447], [-76.375, 1.6667], [-76.2479, 1.6792], [-76.1958, 1.575], [-76.1142, 1.5587], [-76.0353, 1.5881], [-75.9042, 1.7208], [-75.7384, 1.7798], [-75.5333, 2.1167], [-75.4417, 2.1458], [-75.3955, 2.3066], [-75.3042, 2.3625], [-75.225, 2.5083], [-75.175, 2.5083], [-75.134, 2.5927], [-75.1496, 2.7149], [-75.0809, 2.7337], [-74.9358, 2.908], [-74.9009, 2.8923], [-74.8, 2.9375], [-74.7708, 2.8708], [-74.675, 2.8875], [-74.6367, 2.6966], [-74.5875, 2.6667], [-74.6839, 2.5591], [-74.6542, 2.4958], [-74.7491, 2.28], [-74.6875, 2.2875], [-74.6572, 2.2134], [-74.5966, 2.2034], [-74.5917, 2.1333], [-74.3885, 2.0785], [-74.3583, 2.0208], [-74.2708, 2.0292], [-74.2021, 1.9839], [-73.9908, 1.9465], [-73.9208, 1.9667], [-73.8833, 1.9208], [-73.6566, 2.0663], [-73.5708, 2.0667], [-73.553, 2.0286], [-73.4917, 2.0083], [-73.4458, 2.0667], [-73.3875, 2.0667], [-73.3175, 2.0544], [-73.3074, 2.0215], [-73.228, 2.0504], [-73.1792, 1.975], [-73.15, 2.0375], [-73.0812, 2.0213], [-73.0333, 2.0554], [-72.9417, 2.2542], [-72.9083, 2.2417], [-72.8799, 2.2881], [-72.8042, 2.2792], [-72.6866, 2.1256], [-72.6042, 2.1292], [-72.5699, 2.0799], [-72.3792, 1.9917], [-72.3491, 1.8799], [-72.2298, 1.8074], [-72.1899, 1.7254], [-72.0799, 1.6744], [-72.0007, 1.6881], [-71.9, 1.6167], [-71.859, 1.6342], [-71.8125, 1.7458], [-71.727, 1.7131], [-71.6333, 1.7792], [-71.5988, 1.7411], [-71.4509, 1.7035], [-71.4574, 1.6254], [-71.38, 1.6116], [-71.3355, 1.5172], [-71.2345, 1.5036], [-71.1833, 1.5833], [-71.1, 1.6292], [-70.9917, 1.6208], [-70.9958, 1.6667], [-70.8851, 1.6587], [-70.7896, 1.7369], [-70.6091, 1.7381], [-70.5843, 1.7078], [-70.5103, 1.7256], [-70.4367, 1.8074], [-70.376, 1.8131], [-70.3699, 1.8911], [-70.3008, 1.8966], [-70.2333, 1.9667], [-70.0823, 1.9161], [-70.045, 2.0075], [-69.9715, 2.026], [-69.9284, 2.0992], [-69.8593, 2.1253], [-69.7633, 2.2174], [-69.7667, 2.25], [-69.7051, 2.2801], [-69.6659, 2.3617], [-69.6035, 2.3619], [-69.5733, 2.4205], [-69.5125, 2.4458], [-69.4101, 2.4254], [-69.3803, 2.4545], [-69.275, 2.425], [-69.2158, 2.4743], [-69.1553, 2.4622], [-69.1155, 2.5128], [-69.0392, 2.442], [-68.8924, 2.5301], [-68.8066, 2.6663], [-68.7175, 2.6509], [-68.6875, 2.675], [-68.6958, 2.7333], [-68.5675, 2.7509], [-68.5408, 2.8244], [-68.4792, 2.8708], [-68.4458, 2.85], [-68.4042, 2.9083], [-68.325, 2.9417], [-68.2896, 2.9208], [-68.2062, 2.9579], [-68.0678, 2.9121], [-67.8446, 3.0422], [-67.7417, 3.0125], [-67.7, 2.9625], [-67.6559, 3.0004], [-67.5456, 2.9782], [-67.5451, 2.9299], [-67.4966, 2.92], [-67.509, 2.8544], [-67.4656, 2.791], [-67.3542, 2.7833], [-67.2296, 2.7202], [-67.0333, 2.8083], [-67.0021, 2.9037], [-66.9466, 2.8744], [-66.9155, 2.8922], [-66.8792, 2.85], [-66.8613, 2.8964], [-66.8092, 2.8759], [-66.8116, 2.9452], [-66.7462, 2.9673], [-66.4261, 2.9628], [-66.4366, 2.9176], [-66.375, 2.8417], [-66.309, 2.8493], [-66.2883, 2.7799], [-66.2589, 2.859], [-66.1559, 2.842], [-66.1375, 2.9], [-66.025, 2.8625], [-66.0411, 2.9146], [-65.9887, 2.93], [-66.009, 2.9881], [-65.9625, 3.0458], [-65.7033, 2.8634], [-65.6689, 2.8953], [-65.6017, 2.8837], [-65.5792, 2.9375], [-65.5659, 2.9091], [-65.5333, 2.925], [-65.4583, 2.8542], [-65.42, 2.7509], [-65.375, 2.7625], [-65.375, 2.6432], [-65.4295, 2.5858], [-65.3661, 2.503], [-65.3579, 2.3218], [-65.372, 2.2543], [-65.4583, 2.1583], [-65.3924, 2.1237], [-65.3798, 2.0593], [-65.4548, 1.9495], [-65.4292, 1.875], [-65.4701, 1.8825], [-65.4958, 1.7792], [-65.5827, 1.7344], [-65.5116, 1.6217], [-65.4272, 1.5797], [-65.3577, 1.5903], [-65.3908, 1.534], [-65.2892, 1.5379], [-65.2298, 1.5759], [-65.223, 1.6244], [-65.1675, 1.6299], [-65.1282, 1.7324], [-65.0508, 1.7331], [-65.0493, 1.7664], [-64.9809, 1.7795], [-64.9701, 1.8243], [-64.9091, 1.8426], [-64.9417, 1.8958], [-64.8809, 1.9004], [-64.8608, 1.9413], [-64.7889, 1.9285], [-64.7367, 2.0201], [-64.6167, 1.9917], [-64.6423, 1.9713], [-64.6167, 1.925], [-64.5167, 1.9208], [-64.4187, 2.0038], [-64.3718, 1.9881], [-64.3458, 2.0208], [-64.2676, 2.009], [-64.1466, 2.0493], [-64.0795, 1.9983], [-64.0854, 1.9167], [-63.9675, 1.9881], [-63.8343, 1.9702], [-63.6965, 2.0506], [-63.6674, 2.026], [-63.6673, 2.0615], [-63.5667, 2.1375], [-63.4292, 2.1208], [-63.3713, 2.2438], [-63.3664, 2.4095], [-63.4167, 2.45], [-63.4655, 2.4036], [-63.4843, 2.441], [-63.7507, 2.4411], [-63.8333, 2.4917], [-63.9507, 2.4578], [-64.0488, 2.496], [-63.9879, 2.6476], [-64.0077, 2.7074], [-63.9786, 2.7237], [-64.0825, 2.8717], [-64.1167, 2.9917], [-64.15, 2.9833], [-64.1413, 3.0309], [-64.2202, 3.1145], [-64.1, 3.3042], [-64.1583, 3.3833], [-64.1257, 3.4009], [-64.1203, 3.4677], [-64.174, 3.5087], [-64.1833, 3.5792], [-64.2427, 3.6577], [-64.2967, 3.6536], [-64.3884, 3.7702], [-64.4458, 3.775], [-64.5201, 3.8384], [-64.55, 3.925], [-64.7616, 4.0507], [-64.7546, 4.0979], [-64.8297, 4.2009], [-64.7907, 4.2923], [-64.7254, 4.2649], [-64.6274, 4.1129], [-64.5049, 4.1078], [-64.475, 4.1375], [-64.4333, 4.1167], [-64.4151, 4.1416], [-64.3159, 4.1244], [-64.2917, 4.1625], [-64.2382, 4.1161], [-64.125, 4.1], [-64.0535, 3.9717], [-64.0122, 3.978], [-63.9667, 3.8708], [-63.9285, 3.9283], [-63.8593, 3.9547], [-63.6667, 3.9125], [-63.7, 3.9474], [-63.6917, 4.0292], [-63.5167, 3.85], [-63.4792, 3.8792], [-63.4345, 3.8675], [-63.4358, 3.9788], [-63.2051, 3.9494], [-63.2214, 3.8365], [-63.1009, 3.7908], [-63.0578, 3.7447], [-63.0782, 3.6921], [-62.9554, 3.6161], [-62.8375, 3.7375], [-62.7583, 3.675], [-62.742, 3.6892], [-62.7458, 3.8042], [-62.7881, 3.8995], [-62.7463, 3.9729], [-62.7714, 4.0113], [-62.7533, 4.0325], [-62.6292, 4.0542], [-62.5625, 4.0167], [-62.5292, 4.05], [-62.5535, 4.1032], [-62.5073, 4.1423], [-62.4625, 4.1333], [-62.4625, 4.175], [-62.3517, 4.1705], [-62.3274, 4.1337], [-62.2051, 4.1243], [-62.1437, 4.0755], [-62.0757, 4.1206], [-62.075, 4.1542], [-61.9833, 4.1792], [-61.9387, 4.1036], [-61.9201, 4.1576], [-61.826, 4.159], [-61.7667, 4.25], [-61.5551, 4.2507], [-61.5077, 4.3163], [-61.524, 4.3832], [-61.4755, 4.4381], [-61.3426, 4.4256], [-61.275, 4.4667], [-61.3244, 4.505], [-61.3191, 4.5371], [-61.1725, 4.5371], [-61.1333, 4.4958], [-61.0583, 4.5417], [-61.0146, 4.5213], [-60.9583, 4.5458], [-60.9125, 4.7125], [-60.8532, 4.7078], [-60.725, 4.7792], [-60.5958, 4.925], [-60.6578, 5.1468], [-60.6799, 5.1866], [-60.7417, 5.2042], [-60.6841, 5.2297], [-60.4462, 5.1744], [-60.4049, 5.2048], [-60.3178, 5.1997], [-60.2147, 5.2703], [-60.1708, 5.2208], [-60.085, 5.2379], [-60.0375, 5.2833], [-59.9939, 5.2339], [-59.925, 5.25], [-59.892, 5.2274], [-59.9006, 5.1368], [-59.8417, 5.0875], [-59.9129, 4.9725], [-59.9125, 4.9167], [-59.8625, 4.925], [-59.8617, 4.8747], [-59.7792, 4.8708], [-59.7571, 4.8328], [-59.6958, 4.8417], [-59.7167, 4.7625], [-59.6475, 4.7455], [-59.5875, 4.7792], [-59.5792, 4.7167], [-59.4837, 4.7024], [-59.4828, 4.5926], [-59.5256, 4.5339], [-59.4587, 4.5059], [-59.5333, 4.45], [-59.4375, 4.4354], [-59.4792, 4.3125], [-59.4512, 4.2834], [-59.5083, 4.225], [-59.3375, 4.2583], [-59.3548, 4.1885], [-59.416, 4.1407], [-59.4172, 4.0905], [-59.3264, 4.15], [-59.2833, 4.1333], [-59.2792, 4.0833], [-59.2929, 4.0161], [-59.3625, 3.9708], [-59.4423, 3.9768], [-59.4798, 3.8843], [-59.5161, 3.8814], [-59.5, 3.8125], [-59.5368, 3.8115], [-59.4212, 3.6976], [-59.4965, 3.5965], [-59.4994, 3.5354], [-59.4625, 3.4917], [-59.4922, 3.4387], [-59.4673, 3.3551], [-59.5792, 3.2625], [-59.5456, 3.2408], [-59.5548, 3.1885], [-59.516, 3.1701], [-59.6379, 3.0053], [-59.5993, 2.8884], [-59.5625, 2.8625], [-59.5756, 2.7353], [-59.6333, 2.6167], [-59.6875, 2.575], [-59.6667, 2.4792], [-59.5875, 2.4375], [-59.5618, 2.2509], [-59.4053, 2.1706], [-59.3772, 2.1994], [-59.2712, 2.2225], [-59.3395, 2.109], [-59.4949, 2.0451], [-59.5132, 2.0009], [-59.5952, 1.9533], [-59.5962, 1.9059], [-59.6583, 1.8667], [-59.6463, 1.8229], [-59.6833, 1.7625], [-59.5173, 1.7074], [-59.4868, 1.6343], [-59.4384, 1.616], [-59.4321, 1.5668], [-59.3333, 1.5167], [-59.3292, 1.4583], [-59.2875, 1.4583], [-59.2905, 1.4036], [-58.9809, 1.3038], [-58.9174, 1.3201], [-58.8869, 1.2632], [-58.9033, 1.2299], [-58.8241, 1.1717], [-58.7417, 1.2042], [-58.6833, 1.2958], [-58.5017, 1.2754], [-58.4538, 1.372], [-58.4994, 1.401], [-58.4917, 1.4625], [-58.3889, 1.4577], [-58.3708, 1.4875], [-58.3958, 1.525], [-58.3541, 1.5302], [-58.3367, 1.6044], [-58.3042, 1.5583], [-58.1882, 1.5617], [-58.1257, 1.4994], [-58.0094, 1.5049], [-57.9708, 1.5583], [-57.9991, 1.6535], [-57.9145, 1.6464], [-57.8057, 1.6833], [-57.7833, 1.725], [-57.5625, 1.6875], [-57.5, 1.7833], [-57.4417, 1.8125], [-57.4333, 1.9042], [-57.3009, 1.9964], [-57.2292, 1.9417], [-57.1826, 1.9951], [-57.0833, 2.0208], [-57.0773, 1.966], [-56.9825, 1.8967], [-56.9167, 1.9333], [-56.7875, 1.85], [-56.7147, 1.9244], [-56.6701, 1.9119], [-56.625, 1.9458], [-56.5645, 1.909], [-56.45, 1.95], [-56.3875, 1.9167], [-56.3375, 1.9375], [-56.2572, 1.8747], [-56.1632, 1.8922], [-56.1091, 1.8536], [-55.9708, 1.8417], [-55.9006, 1.8978], [-55.9334, 1.9762], [-55.9077, 2.0421], [-55.9458, 2.1083], [-56.0, 2.1125], [-56.0042, 2.1583], [-56.05, 2.1875], [-56.0385, 2.2326], [-56.1333, 2.264], [-56.0866, 2.3577], [-56.0208, 2.3432], [-55.9736, 2.5298], [-55.7756, 2.4532], [-55.7105, 2.3964], [-55.4934, 2.442], [-55.375, 2.4083], [-55.35, 2.4515], [-55.3703, 2.473], [-55.3208, 2.525], [-55.2613, 2.4788], [-55.2083, 2.5], [-55.1917, 2.5708], [-55.1424, 2.5659], [-55.1237, 2.5126], [-54.9395, 2.6161], [-54.9259, 2.5842], [-54.9705, 2.5559], [-54.8631, 2.4688], [-54.8958, 2.4208], [-54.7911, 2.416], [-54.7783, 2.4715], [-54.6978, 2.4578], [-54.7126, 2.3821], [-54.6575, 2.3257], [-54.552, 2.3285], [-54.5129, 2.2816], [-54.5375, 2.2625], [-54.473, 2.2131], [-54.3667, 2.225], [-54.3608, 2.1629], [-54.2792, 2.1417], [-54.1917, 2.1708], [-54.1495, 2.1118], [-54.1042, 2.1125], [-54.0614, 2.1919], [-54.0167, 2.1792], [-53.9382, 2.2175], [-53.9368, 2.2573], [-53.7691, 2.3705], [-53.7301, 2.3619], [-53.7422, 2.3095], [-53.7032, 2.2872], [-53.4667, 2.2542], [-53.3214, 2.349], [-53.2292, 2.2667], [-53.2744, 2.2314], [-53.2783, 2.1842], [-53.2083, 2.1667], [-53.1875, 2.0792], [-53.1417, 2.0833], [-53.1535, 2.0216], [-53.0625, 1.9625], [-53.0583, 1.8583], [-53.0167, 1.8083], [-53.0381, 1.7299], [-52.9591, 1.5951], [-52.9698, 1.5465], [-52.875, 1.5333], [-52.9284, 1.395], [-52.9208, 1.2708], [-52.984, 1.2338], [-52.95, 1.075], [-52.9092, 1.066], [-52.9, 0.9792], [-52.8292, 0.9667], [-52.775, 0.9083], [-52.7297, 0.8012], [-52.6161, 0.7446], [-52.6339, 0.7159], [-52.5467, 0.6491], [-52.5458, 0.5792], [-52.4119, 0.4338], [-52.4243, 0.4093], [-52.3917, 0.4], [-52.3744, 0.3363], [-52.3827, 0.2676], [-52.3507, 0.2409], [-52.3583, 0.0917], [-52.2702, -0.0202], [-52.2417, -0.1208], [-52.2875, -0.161], [-52.25, -0.2208], [-52.3452, -0.2676], [-52.4285, -0.4134], [-52.3792, -0.5042], [-52.4042, -0.575], [-52.3754, -0.6351], [-52.3783, -0.9158], [-52.2917, -0.9083], [-52.1254, -1.0051], [-52.0507, -1.0881], [-51.9476, -1.058], [-51.8743, -0.9426], [-51.8017, -0.9379], [-51.7333, -1.0154], [-51.7917, -1.0625], [-51.7218, -1.0922], [-51.6423, -1.0592], [-51.7083, -1.15], [-51.7118, -1.2535], [-51.6884, -1.2533], [-51.6409, -1.1872], [-51.5958, -1.2167], [-51.548, -1.1631], [-51.4382, -1.1324], [-51.4286, -1.0885], [-51.3715, -1.0616], [-51.3588, -0.9979], [-51.3843, -0.959], [-51.5083, -0.9625], [-51.4785, -0.8954], [-51.517, -0.8441], [-51.4625, -0.8167], [-51.4333, -0.6958], [-51.3792, -0.6917], [-51.3463, -0.6494], [-51.2958, -0.6667], [-51.2819, -0.6168], [-51.2384, -0.5965], [-51.1992, -0.6741], [-51.0875, -0.6583], [-51.1116, -0.7077], [-51.0517, -0.717], [-50.999, -0.8079], [-50.9506, -0.8228], [-50.9333, -0.875], [-50.9783, -0.9455], [-50.8966, -0.9825], [-50.9798, -1.0218], [-50.983, -1.0691], [-50.9354, -1.0994], [-50.877, -1.0797], [-50.8613, -1.1541], [-50.8202, -1.1701], [-50.8542, -1.2125], [-50.8934, -1.1996], [-50.9767, -1.258], [-51.0184, -1.2129], [-51.0917, -1.2333], [-51.2299, -1.3908], [-51.2917, -1.3625], [-51.3574, -1.3965], [-51.3542, -1.475], [-51.3941, -1.4795], [-51.4333, -1.5333], [-51.45, -1.6375], [-51.498, -1.6339], [-51.5333, -1.6833], [-51.7208, -1.6917], [-51.7507, -1.7366], [-51.9075, -1.7465], [-51.9506, -1.8097], [-51.9327, -1.9157], [-51.8622, -1.9261], [-51.9204, -2.0646], [-51.875, -2.1792], [-51.9369, -2.2397], [-51.8619, -2.3657], [-51.883, -2.4399], [-51.8288, -2.7066], [-51.7917, -2.7208], [-51.7417, -2.8125], [-51.7542, -2.8417], [-51.6921, -2.8687], [-51.6586, -2.9614], [-51.6246, -2.965], [-51.6333, -3.0], [-51.5375, -3.0833], [-51.5413, -3.1316], [-51.4215, -3.2853], [-51.4619, -3.3564], [-51.4316, -3.4544], [-51.3875, -3.4833], [-51.4297, -3.5409], [-51.3542, -3.5792], [-51.375, -3.6333], [-51.3375, -3.6833], [-51.3633, -3.7377], [-51.425, -3.7542], [-51.3214, -3.8186], [-51.3547, -3.8576], [-51.3325, -3.9575], [-51.2064, -4.1494], [-51.0521, -4.237], [-50.9917, -4.2125], [-50.995, -4.3575], [-50.9173, -4.3885], [-50.916, -4.4284], [-50.88, -4.4467], [-50.9125, -4.4958], [-50.8916, -4.5074], [-50.9328, -4.6895], [-50.9083, -4.7292], [-50.9423, -4.7576], [-50.8946, -4.8714], [-50.8589, -4.8811], [-50.8504, -4.9774], [-50.9282, -5.1454], [-50.8649, -5.1746], [-50.7446, -5.1536], [-50.7205, -5.1816], [-50.725, -5.2167], [-50.7714, -5.2339], [-50.7591, -5.3076], [-50.8089, -5.3368], [-50.7875, -5.4], [-50.8875, -5.4333], [-50.875, -5.4875], [-50.9547, -5.5345], [-50.9575, -5.6075], [-50.875, -5.6333], [-50.8542, -5.7083], [-50.895, -5.705], [-50.9675, -5.7908], [-51.0437, -5.763], [-51.0875, -5.7792], [-51.1167, -5.8083], [-51.1215, -5.9115], [-51.1669, -5.9261], [-51.1762, -5.9672], [-51.2771, -5.9917], [-51.3542, -5.9625], [-51.3996, -6.0274], [-51.284, -6.1009], [-51.2095, -6.196], [-51.1946, -6.1749], [-51.1463, -6.2104], [-51.1549, -6.2616], [-51.1962, -6.2858], [-51.1333, -6.4125], [-51.1792, -6.4667], [-51.0833, -6.7], [-50.9216, -6.7466], [-50.8667, -6.9375], [-50.8059, -6.9504], [-50.7738, -7.0047], [-50.702, -7.0006], [-50.6535, -7.0533], [-50.564, -7.075], [-50.5042, -7.1917], [-50.3839, -7.2353], [-50.3913, -7.4358], [-50.3458, -7.4833], [-50.3875, -7.5417], [-50.341, -7.6037], [-50.3458, -7.6542], [-50.3908, -7.6412], [-50.5672, -7.8345], [-50.5375, -7.9625], [-50.5121, -7.965], [-50.5244, -8.0157], [-50.4958, -8.0125], [-50.5254, -8.0983], [-50.5583, -8.1042], [-50.5508, -8.1409], [-50.6375, -8.1875], [-50.65, -8.2417], [-50.75, -8.2333], [-50.8871, -8.3559], [-50.8708, -8.4167], [-50.9458, -8.5042], [-50.9598, -8.6256], [-51.0033, -8.6122], [-51.0462, -8.6733], [-51.0333, -8.8479], [-51.1083, -8.9292], [-51.0458, -8.9958], [-51.1035, -9.0258], [-51.1167, -9.1208], [-51.05, -9.2042], [-51.0833, -9.2625], [-51.0587, -9.4441], [-51.1241, -9.5009], [-51.1341, -9.5493], [-51.1855, -9.5215], [-51.2619, -9.577], [-51.3173, -9.8354], [-51.3794, -9.9072], [-51.3423, -9.9573], [-51.4075, -10.02], [-51.3254, -10.0899], [-51.35, -10.1667], [-51.4375, -10.2625], [-51.3757, -10.3216], [-51.3679, -10.4547], [-51.4917, -10.425], [-51.5767, -10.3504], [-51.6615, -10.3465], [-51.6939, -10.3786], [-51.8701, -10.3216], [-51.9083, -10.5125], [-52.0408, -10.5673], [-52.0544, -10.541], [-52.1215, -10.588], [-52.0962, -10.6525], [-52.1628, -10.7678], [-52.1628, -10.8322], [-52.1333, -10.8292], [-52.1589, -10.8659], [-52.1333, -10.9375], [-52.0625, -10.9917], [-52.0667, -11.0542], [-52.0292, -11.1042], [-52.0703, -11.1478], [-52.0824, -11.2365], [-52.0125, -11.2625], [-52.0048, -11.3848], [-51.9442, -11.4068], [-51.8899, -11.4955], [-51.8549, -11.4966], [-51.8243, -11.5824], [-51.7716, -11.6089], [-51.6833, -11.5917], [-51.6833, -11.6458], [-51.6089, -11.7061], [-51.625, -11.7375], [-51.5801, -11.7423], [-51.6298, -11.7996], [-51.5708, -11.8667], [-51.7411, -11.8593], [-51.7453, -12.0407], [-51.7792, -12.05], [-51.7583, -12.1125], [-51.7133, -12.1051], [-51.7201, -12.1824], [-51.6342, -12.2467], [-51.6631, -12.3076], [-51.6369, -12.3409], [-51.6506, -12.5063], [-51.7542, -12.625], [-51.742, -12.6566], [-51.7881, -12.7409], [-51.7495, -12.7718], [-51.7869, -12.7801], [-51.7792, -12.8542], [-51.825, -12.8542], [-51.7953, -12.9814], [-51.75, -13.0208], [-51.8333, -13.2167], [-51.8004, -13.3316], [-51.8545, -13.4447], [-51.8205, -13.4613], [-51.8464, -13.4826], [-51.8129, -13.5149], [-51.9092, -13.6744], [-51.9583, -13.65], [-52.0583, -13.7042], [-52.0642, -13.758], [-52.1336, -13.78], [-52.1371, -13.8316], [-52.0708, -13.9583], [-52.145, -13.9884], [-52.1549, -14.0242], [-52.3892, -14.058], [-52.4833, -14.1375], [-52.6, -14.1375], [-52.8208, -14.2125], [-52.7879, -14.3566], [-52.8295, -14.4524], [-52.9701, -14.5177], [-53.0083, -14.6], [-53.0592, -14.6284], [-53.1991, -14.6461], [-53.3075, -14.6092], [-53.3119, -14.6655], [-53.3833, -14.7375], [-53.5708, -14.7958], [-53.6608, -14.7629], [-53.6595, -14.8172], [-53.9743, -14.9131], [-54.0131, -14.8509], [-54.0833, -14.85], [-54.0964, -14.7926], [-54.1475, -14.7746], [-54.2583, -14.8125], [-54.3716, -14.7828], [-54.4042, -14.8], [-54.4059, -14.858], [-54.4958, -14.8583], [-54.6583, -14.9208], [-54.6954, -14.8062], [-54.6625, -14.7583], [-54.7708, -14.7292], [-54.7453, -14.6845], [-54.8314, -14.6661], [-54.8458, -14.6292], [-55.2792, -14.6167], [-55.2202, -14.5008], [-55.0458, -14.3792], [-55.0174, -14.3241], [-55.0337, -14.2351], [-55.0725, -14.2038], [-55.173, -14.2047], [-55.2467, -14.2533], [-55.4976, -14.3038], [-55.5809, -14.2705], [-55.6975, -14.2788], [-55.7625, -14.3083], [-55.7744, -14.3616], [-55.6767, -14.4288], [-55.7958, -14.4583], [-55.8271, -14.4042], [-55.9083, -14.4167], [-55.9396, -14.3838], [-56.1033, -14.4634], [-56.2137, -14.5587], [-56.2381, -14.5387], [-56.2095, -14.4456], [-56.241, -14.4616], [-56.2875, -14.3833], [-56.325, -14.4083], [-56.4024, -14.3788], [-56.4962, -14.2517], [-56.5625, -14.2167], [-56.7784, -14.2326], [-56.7958, -14.1458], [-56.8875, -14.1667], [-56.9146, -14.1458], [-57.0059, -14.2004], [-57.153, -14.1619], [-57.176, -14.1869], [-57.2375, -14.1625], [-57.3396, -14.1875], [-57.3816, -14.1462], [-57.4958, -14.2333], [-57.5522, -14.2328], [-57.5759, -14.2006], [-57.6483, -14.2212], [-57.7259, -14.3116], [-57.8875, -14.3083], [-57.95, -14.4083], [-58.0792, -14.4375], [-58.1184, -14.3795], [-58.1608, -14.3795], [-58.2167, -14.475], [-58.2895, -14.5077], [-58.3571, -14.4744], [-58.4333, -14.5167], [-58.4425, -14.4884], [-58.5111, -14.4785], [-58.5934, -14.5705], [-58.6816, -14.5545], [-58.6917, -14.6], [-58.7708, -14.6083], [-58.7583, -14.725], [-58.8, -14.7708], [-58.7875, -14.85], [-58.8798, -15.0159], [-58.8786, -15.1439], [-58.842, -15.2066], [-58.9592, -15.3577], [-59.0125, -15.375], [-59.0299, -15.4409], [-59.095, -15.4509], [-59.1129, -15.6149], [-59.1625, -15.6375], [-59.1542, -15.7375], [-59.2242, -15.7925], [-59.3052, -15.9413], [-59.3952, -16.005], [-59.4083, -16.0625], [-59.5285, -16.0717], [-59.4708, -16.15], [-59.4983, -16.192], [-59.5875, -16.2125], [-59.6605, -16.1797], [-59.687, -16.2715], [-59.7939, -16.2756], [-59.8167, -16.3125], [-59.9024, -16.292], [-59.9603, -16.3703], [-60.1, -16.3417], [-60.2885, -16.4171], [-60.428, -16.3994], [-60.4976, -16.4371], [-60.5975, -16.4371], [-60.6634, -16.5535], [-60.7083, -16.5292], [-60.7493, -16.5634], [-60.6051, -16.7089], [-60.5625, -16.6875], [-60.4467, -16.734], [-60.324, -16.9035], [-60.2392, -16.917], [-60.135, -16.992], [-60.1324, -17.0331], [-60.0424, -17.0968], [-60.0, -17.1708], [-59.9875, -17.2417], [-60.0125, -17.2792], [-59.975, -17.3375], [-60.0449, -17.3715], [-60.0631, -17.4199], [-60.1542, -17.4333], [-60.1625, -17.6], [-60.2162, -17.6771], [-60.1875, -17.7792], [-60.1958, -17.9458], [-60.2908, -17.93], [-60.3159, -18.0408], [-60.2542, -18.0417], [-60.2583, -18.0667], [-60.3917, -18.1792], [-60.3583, -18.275], [-60.3913, -18.3017], [-60.392, -18.3899], [-60.4701, -18.4425], [-60.4587, -18.5024], [-60.5583, -18.7208], [-60.6705, -18.7642], [-60.7176, -18.8795], [-60.7708, -18.8875], [-60.7667, -18.9458], [-60.9012, -18.9918], [-60.9325, -18.9868], [-60.9333, -18.95], [-61.0083, -18.9917], [-61.0436, -18.9547], [-61.2458, -18.95], [-61.2669, -18.8952], [-61.3438, -18.9452], [-61.4459, -18.947], [-61.5458, -19.0417], [-61.6189, -19.0328], [-61.6625, -18.9542], [-61.6967, -19.0131], [-61.7455, -19.0119], [-61.7542, -19.0375], [-61.8583, -18.9708], [-61.9104, -19.0037], [-62.0218, -18.9994], [-62.05, -19.0458], [-62.0292, -19.1], [-62.0758, -19.1868], [-62.202, -19.2494], [-62.2458, -19.2417], [-62.2841, -19.345], [-62.4034, -19.4091], [-62.5295, -19.7024], [-62.6642, -19.8496], [-62.8417, -19.9333], [-62.8637, -19.9714], [-62.9405, -19.9703], [-63.0855, -20.0297], [-63.2083, -20.1479], [-63.1958, -20.2], [-63.3208, -20.2292], [-63.4091, -20.3172], [-63.5208, -20.3208], [-63.5854, -20.4167], [-63.6083, -20.3792], [-63.6458, -20.3833], [-63.6542, -20.4625], [-63.75, -20.4417], [-63.773, -20.4785], [-63.8083, -20.4125], [-63.8975, -20.3746], [-63.9256, -20.4783], [-64.0646, -20.4746], [-64.1091, -20.3799], [-64.2208, -20.3917], [-64.2708, -20.3125], [-64.3667, -20.3042], [-64.3801, -20.2131], [-64.4417, -20.2375], [-64.4708, -20.0167], [-64.5413, -19.9691], [-64.5792, -19.875], [-64.5795, -19.6559], [-64.6667, -19.5375], [-64.65, -19.4625], [-64.7217, -19.2717], [-64.803, -19.2582], [-64.8542, -19.15], [-64.925, -19.1708], [-64.9792, -19.1458], [-64.9882, -19.1743], [-65.1333, -19.1708], [-65.1708, -19.2], [-65.2716, -18.9882], [-65.3491, -18.9825], [-65.3667, -18.9542], [-65.403, -18.992], [-65.4504, -18.8684], [-65.5675, -18.705], [-65.5975, -18.7788], [-65.6468, -18.7881], [-65.71, -18.7455], [-65.8083, -18.7833], [-65.75, -18.8625], [-65.8354, -18.9167], [-65.8625, -18.9042], [-65.8631, -18.9658], [-65.95, -18.9167], [-66.0708, -18.9542], [-66.0412, -19.0074], [-66.1101, -19.0913], [-66.325, -19.0625], [-66.3783, -19.0035], [-66.3621, -18.9775], [-66.4, -18.9458], [-66.4325, -18.963], [-66.4951, -18.8697], [-66.5382, -18.7091], [-66.6034, -18.6451], [-66.6506, -18.4645], [-66.8288, -18.2066], [-66.775, -18.1583], [-66.8375, -18.0542], [-66.7342, -17.9785], [-66.7167, -17.9], [-66.8042, -17.8193], [-66.7917, -17.7792], [-66.8913, -17.6649], [-66.8712, -17.6226], [-66.9458, -17.5125], [-67.0125, -17.4667], [-67.0366, -17.5033], [-67.1375, -17.4193], [-67.1464, -17.3436], [-67.2125, -17.2417], [-67.2316, -17.2538], [-67.3339, -17.1439]], [[-69.1613, -14.7671], [-69.1578, -14.7637], [-69.1625, -14.7625], [-69.1613, -14.7671]], [[-62.0899, -3.3621], [-62.0667, -3.3625], [-62.0667, -3.3625], [-62.0899, -3.3621]], [[-61.1958, -3.9875], [-61.1936, -3.9881], [-61.1964, -3.9853], [-61.1958, -3.9875]], [[-58.6625, -9.8708], [-58.6774, -9.8705], [-58.6625, -9.8667], [-58.6625, -9.8708]], [[-66.125, -4.3917], [-66.125, -4.3917], [-66.1226, -4.3913], [-66.125, -4.3917]], [[-76.0042, -10.4875], [-75.9976, -10.4871], [-76.0042, -10.4875], [-76.0042, -10.4875]], [[-74.425, -9.975], [-74.425, -9.975], [-74.4208, -9.975], [-74.425, -9.975]], [[-77.5625, -6.05], [-77.5634, -6.0465], [-77.5509, -6.0494], [-77.5625, -6.05]], [[-70.1, -2.3333], [-70.1, -2.3333], [-70.1024, -2.333], [-70.1, -2.3333]], [[-71.8125, -2.0167], [-71.8439, -2.0161], [-71.8125, -2.0125], [-71.8125, -2.0167]], [[-64.0199, -0.9327], [-64.0125, -0.9333], [-64.0125, -0.9333], [-64.0199, -0.9327]], [[-58.4833, -2.0125], [-58.4858, -2.0121], [-58.475, -2.0125], [-58.4833, -2.0125]], [[-57.9603, -1.9911], [-57.9625, -1.9917], [-57.9625, -1.9917], [-57.9603, -1.9911]], [[-54.0625, -3.1375], [-54.0619, -3.1353], [-54.0917, -3.1375], [-54.0625, -3.1375]]]}}, {"type": "Feature", "properties": {"id": "sao-francisco", "name": "Sao Francisco", "country": "Brazil"}, "geometry": {"type": "Polygon", "coordinates": [[[-44.7458, -20.6167], [-44.7833, -20.6958], [-44.8655, -20.6881], [-44.9312, -20.5963], [-44.9791, -20.6057], [-44.9766, -20.6375], [-45.0583, -20.6375], [-45.0917, -20.5625], [-45.1507, -20.5672], [-45.2033, -20.5158], [-45.2115, -20.4925], [-45.159, -20.4615], [-45.1667, -20.425], [-45.2176, -20.4702], [-45.3022, -20.4536], [-45.3208, -20.3458], [-45.3488, -20.3672], [-45.3896, -20.3338], [-45.4383, -20.3868], [-45.5542, -20.3917], [-45.6032, -20.4964], [-45.7167, -20.5083], [-45.7383, -20.4715], [-45.8917, -20.4542], [-45.8958, -20.5375], [-45.9542, -20.5667], [-46.0796, -20.5327], [-46.1566, -20.5663], [-46.2229, -20.5088], [-46.2881, -20.5574], [-46.3417, -20.5542], [-46.416, -20.4823], [-46.425, -20.4167], [-46.5866, -20.3366], [-46.55, -20.261], [-46.6703, -20.1772], [-46.6125, -20.0292], [-46.6284, -19.9419], [-46.5833, -19.8917], [-46.5458, -19.9], [-46.5309, -19.858], [-46.4625, -19.8833], [-46.3156, -19.8714], [-46.3282, -19.7962], [-46.1717, -19.7452], [-46.1743, -19.705], [-46.067, -19.6399], [-46.1417, -19.55], [-46.1083, -19.5292], [-46.1292, -19.4958], [-46.1077, -19.4718], [-46.1586, -19.3928], [-46.1257, -19.3742], [-46.1583, -19.2667], [-46.1328, -19.1868], [-46.1667, -19.0875], [-46.2208, -19.0708], [-46.2176, -19.034], [-46.2952, -18.9616], [-46.3042, -18.8958], [-46.2375, -18.8438], [-46.2417, -18.8083], [-46.2909, -18.7952], [-46.2792, -18.7167], [-46.3048, -18.6467], [-46.3455, -18.6316], [-46.3625, -18.475], [-46.425, -18.4125], [-46.4214, -18.3717], [-46.5204, -18.3365], [-46.5417, -18.2542], [-46.5875, -18.25], [-46.6, -18.2167], [-46.7283, -18.2215], [-46.7708, -18.1875], [-46.8833, -18.2375], [-46.9295, -18.1952], [-46.9743, -18.2256], [-47.0083, -18.1958], [-47.0917, -18.2125], [-47.0922, -18.1103], [-47.1743, -17.999], [-47.1538, -17.8691], [-47.1917, -17.8417], [-47.1622, -17.7928], [-47.1881, -17.674], [-47.1132, -17.5533], [-47.117, -17.4809], [-47.2074, -17.3954], [-47.2167, -17.2333], [-47.2869, -17.1603], [-47.2542, -17.1167], [-47.1559, -17.083], [-47.1, -17.1042], [-47.0254, -17.0316], [-47.0172, -16.9561], [-47.1042, -16.875], [-47.0083, -16.7667], [-46.9964, -16.6978], [-47.021, -16.6346], [-47.0756, -16.6204], [-47.0619, -16.5552], [-47.0995, -16.5354], [-47.0545, -16.4684], [-47.1208, -16.3833], [-47.4663, -16.2274], [-47.4879, -16.1267], [-47.6417, -15.8333], [-47.6408, -15.7881], [-47.6048, -15.7824], [-47.6167, -15.7333], [-47.4871, -15.66], [-47.4667, -15.5042], [-47.3618, -15.5506], [-47.3142, -15.5254], [-47.2351, -15.5746], [-47.2375, -15.5417], [-47.1462, -15.5316], [-47.1608, -15.4879], [-47.0009, -15.4866], [-46.959, -15.4407], [-46.9447, -15.3247], [-46.8468, -15.3454], [-46.8333, -15.3208], [-46.8875, -15.2333], [-46.9285, -15.2365], [-46.8792, -15.1125], [-46.925, -15.0562], [-46.8908, -15.0298], [-46.7833, -15.0125], [-46.6533, -15.0827], [-46.5542, -15.0583], [-46.5093, -15.0796], [-46.4872, -15.0345], [-46.5286, -15.0022], [-46.55, -14.8958], [-46.5244, -14.8555], [-46.5667, -14.7833], [-46.5024, -14.7129], [-46.4728, -14.7047], [-46.3167, -14.8167], [-46.3208, -14.8987], [-46.2855, -14.9285], [-46.1795, -14.9506], [-46.1616, -14.9162], [-46.0892, -14.9413], [-46.0007, -14.795], [-45.9955, -14.7025], [-46.0208, -14.6813], [-45.984, -14.6658], [-45.9708, -14.5333], [-46.0131, -14.4657], [-45.9, -14.3625], [-45.9917, -14.2458], [-46.0489, -14.2409], [-46.0517, -14.192], [-46.0896, -14.1954], [-46.1312, -14.1417], [-46.1816, -14.1496], [-46.22, -14.1075], [-46.2173, -13.9729], [-46.2669, -13.9428], [-46.2285, -13.8343], [-46.2659, -13.7925], [-46.2212, -13.7733], [-46.2625, -13.7417], [-46.2295, -13.7108], [-46.2496, -13.6892], [-46.1625, -13.6083], [-46.1716, -13.5757], [-46.2368, -13.5742], [-46.2042, -13.4583], [-46.2366, -13.4259], [-46.1301, -13.3785], [-46.0714, -13.2853], [-46.1299, -13.2661], [-46.2949, -13.3119], [-46.3167, -13.2417], [-46.292, -13.1483], [-46.3125, -13.1], [-46.2701, -13.0175], [-46.1992, -13.0131], [-46.1042, -12.9292], [-46.2879, -12.9113], [-46.2583, -12.7208], [-46.2838, -12.6885], [-46.2506, -12.6656], [-46.2708, -12.5833], [-46.1458, -12.5167], [-46.16, -12.4712], [-46.25, -12.4917], [-46.2417, -12.4], [-46.3369, -12.3314], [-46.3167, -12.2917], [-46.3672, -12.2466], [-46.3705, -12.0601], [-46.3466, -12.0369], [-46.2345, -12.0589], [-46.1296, -11.9271], [-46.2217, -11.8299], [-46.3333, -11.8542], [-46.3083, -11.7792], [-46.3458, -11.75], [-46.2994, -11.6784], [-46.3292, -11.6292], [-46.1892, -11.6795], [-46.0833, -11.6458], [-46.1145, -11.6047], [-46.2, -11.5833], [-46.2434, -11.5212], [-46.3333, -11.5458], [-46.3673, -11.4467], [-46.4468, -11.4547], [-46.5101, -11.3962], [-46.5754, -11.4157], [-46.5495, -11.3781], [-46.6042, -11.3542], [-46.6042, -11.2542], [-46.3092, -10.9701], [-46.216, -10.7259], [-46.1672, -10.6814], [-46.1788, -10.635], [-46.0642, -10.6038], [-45.825, -10.425], [-45.8417, -10.3833], [-45.9075, -10.3825], [-45.8949, -10.2629], [-45.7771, -10.262], [-45.7083, -10.1833], [-45.6167, -10.1792], [-45.55, -10.2292], [-45.5417, -10.3083], [-45.4337, -10.3392], [-45.4714, -10.4257], [-45.4, -10.45], [-45.4464, -10.4865], [-45.4495, -10.5771], [-45.341, -10.7449], [-45.2158, -10.8285], [-45.0708, -10.8333], [-44.9312, -10.9287], [-44.8083, -10.8708], [-44.7708, -10.7958], [-44.6792, -10.7625], [-44.6741, -10.6715], [-44.6267, -10.6746], [-44.5625, -10.625], [-44.5059, -10.6538], [-44.4524, -10.6004], [-44.422, -10.6214], [-44.3417, -10.5375], [-44.2958, -10.5542], [-44.2696, -10.6214], [-44.205, -10.6174], [-44.1625, -10.65], [-44.1257, -10.6324], [-44.0587, -10.5441], [-44.075, -10.4958], [-44.0298, -10.4574], [-44.0333, -10.3917], [-43.9125, -10.4208], [-43.9117, -10.3719], [-43.8292, -10.3], [-43.8539, -10.2635], [-43.784, -10.1949], [-43.7708, -10.0792], [-43.6917, -10.075], [-43.6629, -10.0191], [-43.7083, -9.9167], [-43.6458, -9.8292], [-43.7866, -9.7494], [-43.7922, -9.6936], [-43.8454, -9.6354], [-43.853, -9.5462], [-43.7542, -9.4292], [-43.6218, -9.3785], [-43.5993, -9.3134], [-43.5425, -9.3075], [-43.4522, -9.2214], [-43.3869, -9.3448], [-43.2833, -9.4292], [-43.2233, -9.4004], [-43.1875, -9.4208], [-43.1625, -9.3792], [-43.1137, -9.3703], [-43.0583, -9.4125], [-42.9811, -9.4089], [-42.95, -9.5167], [-42.9006, -9.5219], [-42.8951, -9.5574], [-42.8375, -9.5708], [-42.7841, -9.6297], [-42.7167, -9.5333], [-42.6625, -9.55], [-42.5958, -9.5042], [-42.484, -9.4951], [-42.4875, -9.4583], [-42.4422, -9.4616], [-42.3491, -9.3465], [-42.2392, -9.283], [-42.1428, -9.2961], [-42.0208, -9.2458], [-41.913, -9.2784], [-41.8353, -9.2411], [-41.7875, -9.1292], [-41.7295, -9.0899], [-41.7288, -9.0184], [-41.603, -8.9541], [-41.5458, -8.9625], [-41.5042, -8.8625], [-41.417, -8.7899], [-41.3908, -8.705], [-41.3458, -8.7125], [-41.2866, -8.6581], [-41.2137, -8.6501], [-41.1991, -8.5965], [-41.105, -8.5325], [-41.0729, -8.4713], [-41.05, -8.4792], [-40.9991, -8.4009], [-40.9226, -8.4455], [-40.8962, -8.3553], [-40.8351, -8.3788], [-40.7754, -8.2983], [-40.7792, -8.2542], [-40.5967, -8.1408], [-40.5464, -7.9605], [-40.5619, -7.8853], [-40.5167, -7.7917], [-40.5728, -7.7672], [-40.6701, -7.7824], [-40.6703, -7.7061], [-40.6167, -7.6026], [-40.725, -7.5042], [-40.6708, -7.4167], [-40.6103, -7.4328], [-40.5634, -7.3993], [-40.5167, -7.3167], [-40.4674, -7.3301], [-40.4083, -7.4042], [-40.3042, -7.2917], [-40.2292, -7.3042], [-40.2333, -7.3333], [-40.1771, -7.3662], [-40.1145, -7.3578], [-40.0458, -7.2917], [-39.9767, -7.3496], [-39.9032, -7.2676], [-39.8561, -7.2756], [-39.65, -7.4667], [-39.5792, -7.4667], [-39.4167, -7.6], [-39.1299, -7.7301], [-39.0875, -7.8583], [-39.0196, -7.8119], [-38.9559, -7.8496], [-38.9358, -7.7545], [-38.8299, -7.7201], [-38.8159, -7.6674], [-38.7167, -7.625], [-38.6384, -7.6922], [-38.5958, -7.6917], [-38.595, -7.7533], [-38.4976, -7.7496], [-38.4517, -7.7121], [-38.4101, -7.7288], [-38.3542, -7.6792], [-38.2729, -7.837], [-38.1375, -7.7833], [-38.078, -7.8379], [-38.0667, -7.7583], [-37.9635, -7.7699], [-37.8524, -7.6462], [-37.7603, -7.6328], [-37.7083, -7.55], [-37.5342, -7.4741], [-37.4833, -7.3946], [-37.4949, -7.3633], [-37.3811, -7.3578], [-37.3417, -7.2917], [-37.2254, -7.2718], [-37.1699, -7.3381], [-37.025, -7.3875], [-36.9833, -7.4875], [-37.1625, -7.5667], [-37.2, -7.6375], [-37.15, -7.7042], [-37.15, -7.7833], [-37.2292, -7.8042], [-37.242, -7.865], [-37.3533, -7.9744], [-37.2088, -7.9535], [-37.1465, -8.0103], [-37.1621, -8.1608], [-37.1167, -8.1708], [-37.1371, -8.2316], [-37.0799, -8.2203], [-37.078, -8.2672], [-37.0375, -8.2583], [-37.0208, -8.3625], [-36.6708, -8.3083], [-36.6257, -8.3759], [-36.6208, -8.425], [-36.7167, -8.4708], [-36.7833, -8.6], [-36.7244, -8.6075], [-36.7038, -8.7316], [-36.6667, -8.7417], [-36.7285, -8.8176], [-36.7162, -8.9021], [-36.6246, -8.9608], [-36.6333, -9.0], [-36.6949, -9.0216], [-36.75, -9.1667], [-36.6917, -9.2417], [-36.6871, -9.3108], [-36.7254, -9.365], [-36.6911, -9.4618], [-36.733, -9.5226], [-36.7297, -9.6451], [-36.6733, -9.7246], [-36.4708, -9.8083], [-36.4875, -9.8833], [-36.3807, -9.9458], [-36.308, -10.0608], [-36.3087, -10.165], [-36.3496, -10.2309], [-36.3131, -10.298], [-36.3583, -10.3417], [-36.3454, -10.3843], [-36.4042, -10.4667], [-36.573, -10.5006], [-36.6853, -10.6078], [-36.7772, -10.6453], [-36.875, -10.6042], [-36.863, -10.5062], [-36.8965, -10.4091], [-36.9702, -10.3866], [-36.9884, -10.3465], [-37.05, -10.3417], [-37.1708, -10.225], [-37.2896, -10.237], [-37.385, -10.1996], [-37.4966, -10.2214], [-37.7229, -10.1662], [-37.8833, -9.9875], [-37.97, -9.9616], [-38.0184, -9.9004], [-38.0718, -9.9078], [-38.1146, -9.9583], [-38.2125, -9.9333], [-38.2042, -9.8958], [-38.2843, -9.9327], [-38.3583, -9.8875], [-38.4061, -9.9244], [-38.4392, -9.8879], [-38.4701, -9.9116], [-38.5042, -9.8271], [-38.5542, -9.825], [-38.5843, -9.7465], [-38.6333, -9.8042], [-38.651, -9.7715], [-38.7375, -9.7792], [-38.7417, -9.7083], [-38.7792, -9.6958], [-38.7958, -9.6375], [-38.8813, -9.6088], [-39.0309, -9.6587], [-39.2802, -9.6339], [-39.3441, -9.6004], [-39.3542, -9.6583], [-39.4542, -9.6583], [-39.5458, -9.7333], [-39.6417, -9.7292], [-39.6333, -9.8], [-39.7375, -9.8958], [-39.7458, -9.9583], [-39.8042, -9.9458], [-39.8708, -10.1583], [-39.9341, -10.1369], [-40.1208, -10.2333], [-40.1689, -10.1797], [-40.2458, -10.2542], [-40.3883, -10.2132], [-40.42, -10.23], [-40.4464, -10.3118], [-40.4292, -10.3583], [-40.5172, -10.5618], [-40.5089, -10.6147], [-40.5833, -10.6875], [-40.5756, -10.8533], [-40.6125, -10.9875], [-40.6788, -11.0767], [-40.7, -11.2375], [-40.8077, -11.2676], [-40.8167, -11.375], [-40.8699, -11.3372], [-40.8925, -11.3743], [-40.9574, -11.3798], [-40.9919, -11.4571], [-41.0804, -11.4374], [-41.1176, -11.4672], [-41.1625, -11.3958], [-41.2408, -11.4634], [-41.3083, -11.5875], [-41.2708, -11.6583], [-41.2866, -11.7491], [-41.2467, -11.7506], [-41.2369, -11.8034], [-41.275, -11.9458], [-41.6125, -11.8875], [-41.6729, -11.925], [-41.72, -11.9009], [-41.8129, -12.0191], [-41.7966, -12.0951], [-41.8913, -12.1059], [-41.825, -12.2708], [-41.8452, -12.3463], [-41.8833, -12.3833], [-41.8799, -12.4325], [-41.9826, -12.4383], [-41.9785, -12.4795], [-42.0316, -12.4879], [-42.0417, -12.525], [-42.0285, -12.7617], [-41.8838, -12.9271], [-41.9007, -12.9949], [-41.9667, -13.0375], [-41.9175, -13.1075], [-41.9792, -13.1458], [-41.8798, -13.3134], [-41.8708, -13.3875], [-41.9007, -13.4409], [-41.9658, -13.4509], [-41.9851, -13.5371], [-42.05, -13.5042], [-42.0472, -13.5751], [-42.1517, -13.4795], [-42.2713, -13.4811], [-42.3083, -13.6458], [-42.3542, -13.6625], [-42.3379, -13.7816], [-42.4625, -13.8625], [-42.4423, -13.9157], [-42.5089, -13.9702], [-42.525, -14.075], [-42.475, -14.1312], [-42.541, -14.277], [-42.5327, -14.3382], [-42.575, -14.3583], [-42.5458, -14.4083], [-42.584, -14.4755], [-42.5589, -14.5271], [-42.5788, -14.5899], [-42.5542, -14.6083], [-42.5792, -14.8125], [-42.4917, -14.8375], [-42.5256, -14.8655], [-42.4921, -14.9562], [-42.5937, -15.066], [-42.6524, -15.0379], [-42.8038, -15.2017], [-42.7453, -15.4493], [-42.8083, -15.5917], [-42.7675, -15.8201], [-42.808, -15.8476], [-42.8292, -15.9542], [-42.9157, -16.0172], [-43.0066, -16.0129], [-43.0083, -16.075], [-43.0836, -16.0884], [-43.1131, -16.2491], [-43.1577, -16.2884], [-43.1884, -16.391], [-43.3299, -16.4297], [-43.3825, -16.4092], [-43.4337, -16.6316], [-43.4922, -16.7324], [-43.4417, -16.95], [-43.5343, -16.9714], [-43.5488, -16.9494], [-43.5717, -17.0158], [-43.648, -17.0131], [-43.7233, -17.067], [-43.7212, -17.2024], [-43.7639, -17.259], [-43.8075, -17.2632], [-43.8167, -17.3333], [-43.726, -17.3673], [-43.7161, -17.4159], [-43.7839, -17.5591], [-43.7536, -17.7054], [-43.7839, -17.7968], [-43.7542, -17.8917], [-43.7964, -17.9657], [-43.7954, -18.0687], [-43.7379, -18.0934], [-43.7294, -18.2386], [-43.6881, -18.2686], [-43.6874, -18.3485], [-43.6244, -18.4201], [-43.6411, -18.4689], [-43.5208, -18.6042], [-43.4869, -18.7243], [-43.5186, -18.7661], [-43.591, -18.7468], [-43.6042, -18.8292], [-43.6618, -18.8383], [-43.6452, -18.8944], [-43.6958, -18.9417], [-43.5525, -19.1753], [-43.5123, -19.1675], [-43.5049, -19.2242], [-43.5375, -19.2583], [-43.4833, -19.4417], [-43.5417, -19.5333], [-43.526, -19.9256], [-43.6366, -19.9592], [-43.6964, -20.0674], [-43.4673, -20.3699], [-43.56, -20.3663], [-43.5958, -20.4333], [-43.6824, -20.4299], [-43.6879, -20.4947], [-43.6465, -20.5051], [-43.6333, -20.5875], [-43.7053, -20.7207], [-43.7577, -20.7551], [-43.7714, -20.8439], [-43.8068, -20.8834], [-43.9884, -20.9326], [-44.0863, -20.9297], [-44.235, -20.8712], [-44.2958, -20.7708], [-44.4458, -20.7958], [-44.5167, -20.7458], [-44.527, -20.7786], [-44.5908, -20.7825], [-44.7177, -20.6173], [-44.7458, -20.6167]], [[-44.0083, -12.3083], [-44.0083, -12.3083], [-44.0083, -12.3125], [-44.0083, -12.3083]]]}}, {"type": "Feature", "properties": {"id": "tocantins", "name": "Tocantins", "country": "Brazil"}, "geometry": {"type": "Polygon", "coordinates": [[[-50.05, -16.2083], [-50.1833, -16.2208], [-50.2326, -16.2591], [-50.2208, -16.3988], [-50.3042, -16.5583], [-50.3, -16.6875], [-50.3524, -16.6879], [-50.3833, -16.725], [-50.3757, -16.8159], [-50.4257, -16.899], [-50.4875, -16.9167], [-50.6083, -16.875], [-50.6554, -16.9631], [-50.8017, -17.0045], [-50.8809, -16.942], [-50.9417, -16.9417], [-51.0042, -16.8667], [-51.0542, -16.8625], [-51.0545, -16.9608], [-51.0958, -16.9833], [-51.0842, -17.0576], [-51.1534, -17.1256], [-51.2161, -17.1176], [-51.2976, -17.2246], [-51.5216, -17.1869], [-51.5655, -17.2047], [-51.6542, -17.1667], [-51.6809, -17.2246], [-51.7741, -17.241], [-51.7759, -17.1967], [-51.908, -17.14], [-51.9383, -17.0508], [-51.9949, -17.066], [-52.0208, -17.0375], [-52.0466, -17.1201], [-52.125, -17.1583], [-52.113, -17.2854], [-52.1396, -17.3292], [-52.1841, -17.2911], [-52.27, -17.3283], [-52.3988, -17.2619], [-52.5149, -17.3045], [-52.5566, -17.3837], [-52.6108, -17.3788], [-52.6625, -17.3167], [-52.6841, -17.3576], [-52.7354, -17.35], [-52.7392, -17.3871], [-52.848, -17.4089], [-52.8783, -17.4618], [-52.8271, -17.5162], [-52.7667, -17.5083], [-52.762, -17.5866], [-52.7996, -17.6142], [-52.7792, -17.675], [-52.8208, -17.7083], [-52.8951, -17.7008], [-52.9413, -17.7476], [-52.9379, -17.8066], [-53.0449, -17.8549], [-53.0538, -17.9108], [-53.008, -17.9275], [-53.0042, -18.0125], [-53.0608, -18.0538], [-53.1092, -18.0134], [-53.1667, -18.0208], [-53.3333, -17.7083], [-53.3632, -17.7781], [-53.4116, -17.7741], [-53.3667, -17.6042], [-53.4172, -17.5615], [-53.355, -17.5451], [-53.3006, -17.4811], [-53.3667, -17.4292], [-53.3632, -17.3466], [-53.3993, -17.3448], [-53.3875, -17.2792], [-53.475, -17.2667], [-53.4375, -17.2437], [-53.484, -17.1931], [-53.4591, -17.1867], [-53.4833, -17.15], [-53.4422, -17.0645], [-53.4917, -17.0292], [-53.4792, -16.9875], [-53.5171, -17.0006], [-53.5817, -16.9668], [-53.6292, -16.8375], [-53.6991, -16.8575], [-53.7458, -16.75], [-53.717, -16.6934], [-53.7744, -16.6282], [-53.7833, -16.5542], [-53.8788, -16.5024], [-53.875, -16.4708], [-53.7792, -16.4236], [-53.8589, -16.2613], [-53.7883, -16.1757], [-53.8451, -16.1368], [-53.8119, -16.0868], [-53.8708, -16.0042], [-53.7842, -15.9868], [-53.775, -15.8875], [-53.827, -15.8506], [-53.9575, -15.8491], [-53.9956, -15.7883], [-54.0681, -15.7922], [-54.0809, -15.7545], [-54.1228, -15.8036], [-54.1783, -15.7908], [-54.1536, -15.6781], [-54.2158, -15.6327], [-54.1869, -15.5576], [-54.209, -15.5259], [-54.3667, -15.5917], [-54.4625, -15.5458], [-54.5167, -15.5625], [-54.522, -15.533], [-54.603, -15.5589], [-54.6716, -15.491], [-54.8667, -15.5417], [-54.895, -15.5201], [-54.8917, -15.4667], [-54.9613, -15.4703], [-55.0321, -15.5214], [-55.0688, -15.484], [-55.1667, -15.5417], [-55.1875, -15.6458], [-55.2705, -15.7392], [-55.2542, -15.8542], [-55.3042, -15.8667], [-55.3311, -15.8256], [-55.4083, -15.8167], [-55.3632, -15.7615], [-55.35, -15.65], [-55.2964, -15.6064], [-55.3129, -15.5275], [-55.2087, -15.4024], [-55.225, -15.3417], [-55.1512, -15.3082], [-55.1417, -15.1792], [-54.9208, -15.1292], [-54.9191, -15.1004], [-54.6583, -14.9208], [-54.4958, -14.8583], [-54.4059, -14.858], [-54.4042, -14.8], [-54.3716, -14.7828], [-54.2917, -14.8125], [-54.1103, -14.7839], [-54.0833, -14.85], [-54.0131, -14.8509], [-53.9743, -14.9131], [-53.6595, -14.8172], [-53.6608, -14.7629], [-53.5708, -14.7958], [-53.3833, -14.7375], [-53.3119, -14.6655], [-53.3075, -14.6092], [-53.1991, -14.6461], [-53.0592, -14.6284], [-53.0083, -14.6], [-52.9701, -14.5177], [-52.8295, -14.4524], [-52.7879, -14.3566], [-52.8208, -14.2125], [-52.6, -14.1375], [-52.4833, -14.1375], [-52.3892, -14.058], [-52.1729, -14.0292], [-52.1218, -13.9703], [-52.0965, -13.9824], [-52.0667, -13.9333], [-52.1371, -13.8316], [-52.1336, -13.78], [-52.0642, -13.758], [-52.0583, -13.7042], [-51.9583, -13.65], [-51.9092, -13.6744], [-51.8129, -13.5149], [-51.8464, -13.4826], [-51.8205, -13.4613], [-51.8545, -13.4447], [-51.8004, -13.3316], [-51.8333, -13.2167], [-51.75, -13.0208], [-51.7953, -12.9814], [-51.825, -12.8542], [-51.7792, -12.8542], [-51.7869, -12.7801], [-51.7495, -12.7718], [-51.7881, -12.7409], [-51.742, -12.6566], [-51.7542, -12.625], [-51.6506, -12.5063], [-51.6369, -12.3409], [-51.6631, -12.3076], [-51.634, -12.2867], [-51.6342, -12.2467], [-51.7328, -12.1605], [-51.7133, -12.1051], [-51.7583, -12.1125], [-51.7792, -12.05], [-51.7453, -12.0407], [-51.725, -11.8417], [-51.5717, -11.8702], [-51.6298, -11.7996], [-51.5792, -11.7458], [-51.625, -11.7375], [-51.6089, -11.7061], [-51.6833, -11.6458], [-51.6833, -11.5917], [-51.7716, -11.6089], [-51.8243, -11.5824], [-51.8549, -11.4966], [-51.8899, -11.4955], [-51.9442, -11.4068], [-52.0048, -11.3848], [-52.0125, -11.2625], [-52.0824, -11.2365], [-52.0703, -11.1478], [-52.0292, -11.1042], [-52.0667, -11.0542], [-52.0625, -10.9917], [-52.1333, -10.9375], [-52.1589, -10.8659], [-52.1333, -10.8292], [-52.1628, -10.8322], [-52.1628, -10.7678], [-52.0962, -10.6525], [-52.1215, -10.588], [-52.0544, -10.541], [-52.0408, -10.5673], [-51.9083, -10.5125], [-51.8701, -10.3216], [-51.6939, -10.3786], [-51.6615, -10.3465], [-51.5767, -10.3504], [-51.4917, -10.425], [-51.3679, -10.4547], [-51.3757, -10.3216], [-51.4375, -10.2625], [-51.35, -10.1667], [-51.3254, -10.0899], [-51.4075, -10.02], [-51.3423, -9.9573], [-51.3794, -9.9072], [-51.3173, -9.8354], [-51.2619, -9.577], [-51.1855, -9.5215], [-51.1341, -9.5493], [-51.1241, -9.5009], [-51.0587, -9.4441], [-51.0833, -9.2625], [-51.05, -9.2042], [-51.1167, -9.1208], [-51.1035, -9.0258], [-51.0458, -8.9958], [-51.1083, -8.9292], [-51.0333, -8.8479], [-51.0462, -8.6733], [-51.0033, -8.6122], [-50.9598, -8.6256], [-50.9458, -8.5042], [-50.8708, -8.4167], [-50.8871, -8.3559], [-50.75, -8.2333], [-50.65, -8.2417], [-50.6375, -8.1875], [-50.5508, -8.1409], [-50.5583, -8.1042], [-50.5254, -8.0983], [-50.4958, -8.0125], [-50.5244, -8.0157], [-50.5121, -7.965], [-50.5375, -7.9625], [-50.5672, -7.8345], [-50.3908, -7.6412], [-50.3458, -7.6542], [-50.341, -7.6037], [-50.3875, -7.5417], [-50.3458, -7.4833], [-50.3913, -7.4358], [-50.3839, -7.2353], [-50.5042, -7.1917], [-50.564, -7.075], [-50.6535, -7.0533], [-50.702, -7.0006], [-50.7738, -7.0047], [-50.8059, -6.9504], [-50.8667, -6.9375], [-50.9216, -6.7466], [-51.0833, -6.7], [-51.1792, -6.4667], [-51.1333, -6.4125], [-51.1962, -6.2858], [-51.1549, -6.2616], [-51.1463, -6.2104], [-51.2425, -6.1714], [-51.284, -6.1009], [-51.3958, -6.0333], [-51.3953, -5.9978], [-51.3542, -5.9625], [-51.2771, -5.9917], [-51.1762, -5.9672], [-51.1669, -5.9261], [-51.1215, -5.9115], [-51.1167, -5.8083], [-51.0875, -5.7792], [-51.0437, -5.763], [-50.9675, -5.7908], [-50.895, -5.705], [-50.8542, -5.7083], [-50.875, -5.6333], [-50.9575, -5.6075], [-50.9547, -5.5345], [-50.875, -5.4875], [-50.8875, -5.4333], [-50.7875, -5.4], [-50.8089, -5.3368], [-50.7591, -5.3076], [-50.7714, -5.2339], [-50.725, -5.2167], [-50.7283, -5.1717], [-50.5167, -5.1792], [-50.5131, -5.1157], [-50.4754, -5.0941], [-50.4667, -4.9458], [-50.3792, -4.9708], [-50.3521, -4.9296], [-50.2958, -4.95], [-50.325, -4.9042], [-50.2828, -4.8659], [-50.3167, -4.8292], [-50.2542, -4.7167], [-50.2996, -4.6858], [-50.2964, -4.4658], [-50.1991, -4.3507], [-50.1595, -4.3714], [-50.1297, -4.3272], [-50.1542, -4.1542], [-50.0958, -4.0667], [-50.125, -3.9875], [-50.0218, -3.9329], [-49.967, -3.8274], [-49.9498, -3.7763], [-49.9875, -3.7417], [-49.9917, -3.6833], [-49.909, -3.6116], [-49.8772, -3.5339], [-49.838, -3.5437], [-49.8458, -3.575], [-49.8125, -3.5417], [-49.8333, -3.5196], [-49.8077, -3.4759], [-49.8783, -3.42], [-49.9458, -3.2208], [-49.8551, -3.1615], [-49.8045, -3.0309], [-49.899, -2.9409], [-49.8625, -2.8917], [-49.9244, -2.8438], [-49.9409, -2.73], [-49.9092, -2.7215], [-49.8583, -2.8125], [-49.8532, -2.6369], [-49.8083, -2.6958], [-49.7636, -2.6456], [-49.7417, -2.6875], [-49.674, -2.576], [-49.5426, -2.5743], [-49.4167, -2.1958], [-49.3174, -2.2381], [-49.2833, -2.2], [-49.1882, -2.1784], [-49.1864, -2.1372], [-49.1135, -2.141], [-49.0967, -2.1119], [-49.0661, -2.122], [-49.0756, -2.1855], [-49.1375, -2.2042], [-49.1542, -2.275], [-49.0625, -2.275], [-49.055, -2.32], [-49.1034, -2.3216], [-49.1127, -2.3404], [-49.0718, -2.3496], [-49.1536, -2.3936], [-49.1785, -2.4782], [-49.1369, -2.5009], [-49.1958, -2.5042], [-49.1792, -2.55], [-49.2213, -2.5809], [-49.1952, -2.6065], [-49.2711, -2.6322], [-49.2285, -2.6788], [-49.275, -2.7583], [-49.2711, -2.7905], [-49.2375, -2.7917], [-49.2714, -2.8701], [-49.2375, -2.9125], [-49.2125, -3.0833], [-49.3297, -3.3907], [-49.301, -3.4913], [-49.4042, -3.5083], [-49.4375, -3.575], [-49.496, -3.5595], [-49.4999, -3.6595], [-49.5833, -3.7625], [-49.5255, -3.741], [-49.4841, -3.7677], [-49.4958, -3.8333], [-49.5542, -3.8958], [-49.5167, -3.975], [-49.5074, -4.1367], [-49.3369, -4.2387], [-49.3548, -4.3955], [-49.3007, -4.3924], [-49.3, -4.475], [-49.225, -4.3958], [-49.176, -4.3882], [-49.0542, -4.6], [-48.9267, -4.6379], [-48.903, -4.6756], [-48.8646, -4.6671], [-48.8417, -4.725], [-48.7892, -4.7087], [-48.6466, -4.8089], [-48.5049, -4.8176], [-48.4564, -4.8869], [-48.425, -4.8542], [-48.2733, -4.9246], [-48.1667, -4.9125], [-48.1375, -4.9583], [-48.0934, -4.9337], [-47.9292, -5.05], [-47.876, -5.0119], [-47.7059, -5.0754], [-47.577, -5.0839], [-47.4091, -5.2174], [-47.4, -5.2542], [-47.2759, -5.3093], [-47.27, -5.3618], [-47.1796, -5.3718], [-47.0996, -5.5066], [-47.0869, -5.5951], [-47.1125, -5.65], [-47.0574, -5.7077], [-46.9966, -5.6967], [-46.9208, -5.7792], [-46.8992, -5.9118], [-46.7833, -5.9], [-46.7792, -5.9792], [-46.7458, -5.9708], [-46.7083, -6.1125], [-46.6509, -6.0966], [-46.5922, -6.1978], [-46.5875, -6.2292], [-46.6839, -6.3034], [-46.6798, -6.3813], [-46.7163, -6.4059], [-46.7621, -6.5976], [-46.7417, -6.6792], [-46.6458, -6.725], [-46.5765, -6.7041], [-46.4958, -6.8083], [-46.4467, -6.7881], [-46.3926, -6.8257], [-46.325, -6.925], [-46.3645, -6.9994], [-46.4326, -7.0009], [-46.4375, -7.0625], [-46.4868, -7.0551], [-46.6537, -7.2687], [-46.6256, -7.327], [-46.6417, -7.4042], [-46.575, -7.4167], [-46.5423, -7.668], [-46.4841, -7.6924], [-46.4333, -7.7985], [-46.4535, -7.8283], [-46.4213, -7.8979], [-46.45, -7.925], [-46.4078, -7.9866], [-46.4214, -8.0843], [-46.3875, -8.2083], [-46.4161, -8.2342], [-46.4129, -8.3608], [-46.5009, -8.4256], [-46.5708, -8.3917], [-46.6104, -8.4244], [-46.6396, -8.3964], [-46.6983, -8.4163], [-46.7792, -8.3708], [-46.7922, -8.4522], [-46.8417, -8.4792], [-46.8382, -8.5271], [-46.8909, -8.5997], [-46.8798, -8.6813], [-46.9208, -8.7333], [-46.9004, -8.8358], [-46.9833, -8.8792], [-46.9706, -8.9239], [-47.0462, -9.0441], [-46.9038, -9.0738], [-46.925, -9.1333], [-46.8932, -9.1208], [-46.8219, -9.1882], [-46.8458, -9.2917], [-46.8091, -9.3007], [-46.7458, -9.4208], [-46.7008, -9.4421], [-46.6993, -9.4136], [-46.6417, -9.3917], [-46.6494, -9.4449], [-46.5625, -9.475], [-46.5788, -9.5149], [-46.5375, -9.5583], [-46.5917, -9.5833], [-46.6491, -9.7325], [-46.5754, -9.7551], [-46.5743, -9.8034], [-46.5083, -9.8], [-46.4458, -10.075], [-46.3795, -10.1226], [-46.375, -10.1708], [-46.2059, -10.1712], [-46.1299, -10.2547], [-46.0299, -10.1884], [-46.0506, -10.2446], [-46.0164, -10.2553], [-45.9741, -10.3577], [-45.8882, -10.3964], [-45.8417, -10.3833], [-45.8254, -10.4184], [-46.0642, -10.6038], [-46.1788, -10.635], [-46.1672, -10.6814], [-46.216, -10.7259], [-46.3092, -10.9701], [-46.475, -11.1125], [-46.617, -11.2941], [-46.6042, -11.3542], [-46.5495, -11.3781], [-46.5625, -11.425], [-46.5101, -11.3962], [-46.4468, -11.4547], [-46.377, -11.4422], [-46.3333, -11.5458], [-46.2434, -11.5212], [-46.2, -11.5833], [-46.1145, -11.6047], [-46.0833, -11.6458], [-46.1892, -11.6795], [-46.3292, -11.6292], [-46.2994, -11.6784], [-46.3458, -11.75], [-46.3083, -11.7792], [-46.3333, -11.8542], [-46.2217, -11.8299], [-46.1296, -11.9271], [-46.2345, -12.0589], [-46.3466, -12.0369], [-46.3705, -12.0601], [-46.3672, -12.2466], [-46.3167, -12.2917], [-46.3369, -12.3314], [-46.2417, -12.4], [-46.25, -12.4917], [-46.16, -12.4712], [-46.1458, -12.5167], [-46.2708, -12.5833], [-46.2506, -12.6656], [-46.2838, -12.6885], [-46.2583, -12.7208], [-46.2879, -12.9113], [-46.1042, -12.9292], [-46.1992, -13.0131], [-46.2701, -13.0175], [-46.3125, -13.1], [-46.292, -13.1483], [-46.3167, -13.2417], [-46.2949, -13.3119], [-46.1299, -13.2661], [-46.0714, -13.2853], [-46.1301, -13.3785], [-46.2366, -13.4259], [-46.2042, -13.4583], [-46.2368, -13.5742], [-46.1716, -13.5757], [-46.1625, -13.6083], [-46.2496, -13.6892], [-46.2295, -13.7108], [-46.2625, -13.7417], [-46.2212, -13.7733], [-46.2659, -13.7925], [-46.2285, -13.8343], [-46.2669, -13.9428], [-46.2173, -13.9729], [-46.22, -14.1075], [-46.1816, -14.1496], [-46.1312, -14.1417], [-46.0896, -14.1954], [-46.0517, -14.192], [-46.0489, -14.2409], [-45.9917, -14.2458], [-45.9, -14.3625], [-46.0131, -14.4657], [-45.9708, -14.5333], [-45.984, -14.6658], [-46.0208, -14.6813], [-45.9955, -14.7025], [-46.0007, -14.795], [-46.0837, -14.9358], [-46.2855, -14.9285], [-46.3208, -14.8987], [-46.3167, -14.8167], [-46.4728, -14.7047], [-46.5024, -14.7129], [-46.5667, -14.7833], [-46.5244, -14.8555], [-46.55, -14.8958], [-46.5286, -15.0022], [-46.4872, -15.0345], [-46.5093, -15.0796], [-46.5542, -15.0583], [-46.6533, -15.0827], [-46.8186, -15.0089], [-46.9149, -15.0462], [-46.8792, -15.1125], [-46.9285, -15.2365], [-46.8875, -15.2333], [-46.8333, -15.3208], [-46.8667, -15.3583], [-46.9447, -15.3247], [-46.959, -15.4407], [-47.0083, -15.4917], [-47.1475, -15.483], [-47.1517, -15.5371], [-47.2375, -15.5417], [-47.25, -15.575], [-47.3142, -15.5254], [-47.3618, -15.5506], [-47.4667, -15.5042], [-47.4667, -15.4583], [-47.5, -15.4542], [-47.5759, -15.5908], [-47.6157, -15.5785], [-47.6042, -15.5375], [-47.7007, -15.5536], [-47.8551, -15.6672], [-48.0167, -15.5708], [-48.0351, -15.6163], [-48.1042, -15.5833], [-48.2458, -15.6083], [-48.2465, -15.6699], [-48.2842, -15.7158], [-48.4189, -15.7214], [-48.4884, -15.7785], [-48.653, -15.7369], [-48.7208, -15.7667], [-48.8947, -15.7497], [-48.8908, -15.7786], [-48.8328, -15.7951], [-48.8993, -15.9051], [-48.9173, -16.074], [-49.0119, -16.1426], [-49.0728, -16.2452], [-49.175, -16.2125], [-49.1925, -16.1715], [-49.2979, -16.2285], [-49.4042, -16.2083], [-49.4091, -16.18], [-49.5042, -16.125], [-49.5399, -16.1371], [-49.5583, -16.1042], [-49.6667, -16.1958], [-49.7771, -16.1875], [-49.8125, -16.25], [-49.9125, -16.2208], [-49.9809, -16.2462], [-50.05, -16.2083]], [[-50.075, -4.7875], [-50.0591, -4.7882], [-50.075, -4.7833], [-50.075, -4.7875]], [[-50.1316, -5.3996], [-50.1292, -5.4], [-50.1292, -5.4], [-50.1316, -5.3996]]]}}, {"type": "Feature", "properties": {"id": "parana", "name": "Parana", "country": "Brazil"}, "geometry": {"type": "Polygon", "coordinates": [[[-61.9216, -33.5506], [-62.0125, -33.5875], [-62.0212, -33.6441], [-62.1006, -33.7157], [-62.2167, -33.6958], [-62.2093, -33.7492], [-62.2843, -33.8535], [-62.3449, -33.8452], [-62.3958, -33.7958], [-62.4851, -33.8663], [-62.5421, -33.816], [-62.65, -33.875], [-62.7738, -33.8703], [-62.8542, -33.9417], [-62.875, -34.0208], [-62.9312, -34.037], [-62.9949, -34.0173], [-63.0921, -34.0548], [-63.1875, -33.975], [-63.2353, -34.0619], [-63.3236, -34.075], [-63.4167, -34.1792], [-63.498, -34.2119], [-63.5479, -34.1546], [-63.6439, -34.2286], [-63.8449, -34.1452], [-63.875, -34.0875], [-63.9583, -34.075], [-64.0216, -33.9675], [-64.1119, -33.9073], [-64.1462, -33.7358], [-64.0496, -33.5608], [-64.1129, -33.2892], [-64.1717, -33.1884], [-64.4035, -33.1199], [-64.4508, -32.9883], [-64.6042, -32.9208], [-64.773, -32.9256], [-64.8542, -33.0042], [-64.975, -33.0458], [-65.0211, -32.978], [-64.967, -32.8816], [-64.9455, -32.7225], [-64.9087, -32.6858], [-64.9339, -32.6176], [-64.8917, -32.5813], [-64.9208, -32.3292], [-64.9538, -32.2774], [-64.9292, -31.9333], [-64.8991, -31.966], [-64.7341, -31.9619], [-64.6924, -31.9881], [-64.5042, -31.9208], [-64.5083, -31.9958], [-64.4463, -32.0423], [-64.4153, -32.016], [-64.2375, -32.0458], [-64.1208, -32.0125], [-63.9958, -32.05], [-63.9309, -32.0246], [-63.7434, -32.0371], [-63.6395, -32.0119], [-63.5809, -31.9621], [-63.4713, -31.9881], [-63.2671, -31.9285], [-63.2313, -31.9578], [-63.0483, -31.8712], [-63.001, -31.9004], [-62.9145, -31.8673], [-62.8226, -31.9038], [-62.6667, -31.85], [-62.5717, -31.7533], [-62.5608, -31.692], [-62.3218, -31.5244], [-62.2604, -31.5375], [-62.2502, -31.4887], [-62.3533, -31.4536], [-62.3417, -31.3792], [-62.1917, -31.3375], [-62.225, -31.2875], [-62.1583, -31.2167], [-61.9583, -31.2208], [-61.941, -31.1176], [-61.8458, -31.075], [-61.8131, -30.9855], [-61.9542, -30.8667], [-61.8917, -30.7833], [-61.8625, -30.625], [-61.9215, -30.5662], [-61.8788, -30.4441], [-61.9458, -30.425], [-61.9579, -30.3521], [-61.8674, -30.2073], [-61.8621, -30.1275], [-61.9368, -30.0616], [-61.95, -29.9833], [-62.074, -29.9746], [-62.0542, -29.875], [-62.1142, -29.867], [-62.1825, -29.7953], [-62.1533, -29.7048], [-62.0792, -29.6542], [-62.1006, -29.5241], [-62.0708, -29.4792], [-62.1113, -29.4797], [-62.125, -29.4292], [-62.2417, -29.425], [-62.2333, -29.4], [-62.2948, -29.3798], [-62.3994, -29.2703], [-62.47, -29.2993], [-62.6467, -29.1009], [-62.7591, -29.0994], [-62.7792, -29.1292], [-62.8134, -29.0956], [-62.8262, -29.1208], [-62.9167, -29.0917], [-62.9507, -28.9761], [-62.991, -28.9605], [-62.9577, -28.8802], [-63.0163, -28.8275], [-63.0122, -28.7759], [-63.1042, -28.7458], [-63.0964, -28.6395], [-63.166, -28.5032], [-63.1661, -28.4159], [-63.2532, -28.3704], [-63.2792, -28.225], [-63.3418, -28.1346], [-63.466, -28.0783], [-63.4841, -27.9966], [-63.5583, -27.9875], [-63.5714, -27.9145], [-63.6468, -27.8548], [-63.7259, -27.8411], [-63.7708, -27.875], [-63.8841, -27.784], [-64.1792, -27.7708], [-64.3074, -27.6826], [-64.3833, -27.5], [-64.5189, -27.4536], [-64.6129, -27.3511], [-64.8292, -27.2125], [-64.833, -27.1434], [-64.7958, -27.0792], [-64.8288, -27.0316], [-64.8337, -26.9267], [-64.8958, -26.8917], [-65.0083, -26.675], [-64.9538, -26.4858], [-65.0714, -26.4409], [-65.0161, -26.3407], [-65.0417, -26.2917], [-64.9436, -26.2661], [-64.8917, -26.1708], [-64.8875, -26.0417], [-65.0875, -26.0083], [-65.2521, -25.9083], [-65.2958, -25.8417], [-65.3576, -25.876], [-65.3917, -25.9417], [-65.4333, -25.95], [-65.4125, -25.8688], [-65.4421, -25.8494], [-65.5157, -25.8843], [-65.5425, -25.9451], [-65.6272, -25.9464], [-65.6179, -26.004], [-65.7, -26.1333], [-65.7292, -26.3875], [-65.7042, -26.4958], [-65.75, -26.5833], [-65.7333, -26.6167], [-65.7629, -26.635], [-65.7422, -26.6814], [-65.8542, -26.925], [-65.9618, -27.03], [-65.9833, -27.1125], [-66.0542, -27.1417], [-66.1892, -27.3163], [-66.3559, -27.3705], [-66.4625, -27.3292], [-66.4631, -27.2675], [-66.5246, -27.2525], [-66.5661, -27.1605], [-66.6131, -27.0382], [-66.5757, -26.8967], [-66.6631, -26.7345], [-66.5833, -26.675], [-66.5542, -26.4792], [-66.498, -26.5369], [-66.4577, -26.5258], [-66.4744, -26.4895], [-66.4297, -26.3728], [-66.5451, -26.3408], [-66.575, -26.175], [-66.6246, -26.1316], [-66.5833, -26.0625], [-66.6292, -25.9958], [-66.5963, -25.8646], [-66.633, -25.8316], [-66.65, -25.7375], [-66.7333, -25.7], [-66.767, -25.5441], [-66.5673, -25.3074], [-66.58, -25.2717], [-66.6458, -25.25], [-66.5996, -24.935], [-66.5342, -24.8701], [-66.5417, -24.8208], [-66.4125, -24.8042], [-66.417, -24.6691], [-66.3587, -24.5608], [-66.4298, -24.3801], [-66.4875, -24.375], [-66.516, -24.2949], [-66.4708, -24.1875], [-66.57, -24.1283], [-66.6205, -24.0149], [-66.5994, -23.6217], [-66.5242, -23.3715], [-66.4882, -23.3616], [-66.4875, -23.2292], [-66.4464, -23.1521], [-66.4958, -23.1333], [-66.4958, -23.0375], [-66.5605, -23.0203], [-66.6542, -22.9292], [-66.633, -22.8476], [-66.6042, -22.8417], [-66.6078, -22.7603], [-66.575, -22.7375], [-66.6129, -22.5642], [-66.7241, -22.5241], [-66.7333, -22.4833], [-66.7667, -22.4792], [-66.7592, -22.4423], [-66.8833, -22.4458], [-66.8921, -22.4051], [-67.0083, -22.3583], [-66.9875, -22.3167], [-66.8729, -22.3579], [-66.8042, -22.3417], [-66.795, -22.3008], [-66.7342, -22.2991], [-66.7369, -22.1951], [-66.775, -22.1417], [-66.7578, -22.0993], [-66.8899, -22.1205], [-66.9083, -22.0708], [-66.95, -22.0583], [-66.9462, -21.9983], [-66.8875, -21.9292], [-66.7434, -21.933], [-66.5551, -21.7951], [-66.4994, -21.6679], [-66.5408, -21.5967], [-66.4091, -21.5866], [-66.445, -21.4759], [-66.275, -21.4125], [-66.3173, -21.2872], [-66.3005, -21.2229], [-66.3371, -21.1983], [-66.2953, -21.0993], [-66.3125, -20.9958], [-66.3422, -20.9741], [-66.3119, -20.9324], [-66.3381, -20.8674], [-66.2634, -20.8285], [-66.258, -20.7309], [-66.2104, -20.7292], [-66.183, -20.69], [-66.1958, -20.6625], [-66.2324, -20.6881], [-66.2756, -20.6634], [-66.2875, -20.575], [-66.3667, -20.4583], [-66.3578, -20.4179], [-66.4033, -20.3785], [-66.409, -20.28], [-66.5113, -20.2366], [-66.5542, -20.1417], [-66.622, -20.1039], [-66.6684, -20.1129], [-66.7038, -20.0608], [-66.7083, -20.0125], [-66.6259, -19.9866], [-66.5938, -19.9292], [-66.5333, -19.9], [-66.5408, -19.8009], [-66.4875, -19.8], [-66.4333, -19.7458], [-66.4493, -19.6591], [-66.3589, -19.573], [-66.3797, -19.5637], [-66.3542, -19.4625], [-66.4785, -19.4116], [-66.4462, -19.2892], [-66.5408, -19.2408], [-66.5667, -19.1417], [-66.5208, -19.15], [-66.509, -19.0935], [-66.4508, -19.0784], [-66.3792, -19.0], [-66.325, -19.0625], [-66.1101, -19.0913], [-66.0412, -19.0074], [-66.0708, -18.9542], [-65.95, -18.9167], [-65.8631, -18.9658], [-65.8625, -18.9042], [-65.8354, -18.9167], [-65.75, -18.8625], [-65.8083, -18.7833], [-65.71, -18.7455], [-65.6468, -18.7881], [-65.5975, -18.7788], [-65.5675, -18.705], [-65.4504, -18.8684], [-65.403, -18.992], [-65.3667, -18.9542], [-65.3491, -18.9825], [-65.2716, -18.9882], [-65.1708, -19.2], [-65.1333, -19.1708], [-64.9882, -19.1743], [-64.9792, -19.1458], [-64.925, -19.1708], [-64.8542, -19.15], [-64.803, -19.2582], [-64.7217, -19.2717], [-64.65, -19.4625], [-64.6667, -19.5375], [-64.5795, -19.6559], [-64.5792, -19.875], [-64.5413, -19.9691], [-64.4708, -20.0167], [-64.4417, -20.2375], [-64.3801, -20.2131], [-64.3667, -20.3042], [-64.2708, -20.3125], [-64.2208, -20.3917], [-64.1091, -20.3799], [-64.0646, -20.4746], [-63.9256, -20.4783], [-63.8975, -20.3746], [-63.8083, -20.4125], [-63.7708, -20.4792], [-63.75, -20.4417], [-63.6542, -20.4625], [-63.6458, -20.3833], [-63.6083, -20.3792], [-63.5854, -20.4167], [-63.5208, -20.3208], [-63.4091, -20.3172], [-63.3208, -20.2292], [-63.1958, -20.2], [-63.2083, -20.1479], [-63.0855, -20.0297], [-62.9405, -19.9703], [-62.8637, -19.9714], [-62.8417, -19.9333], [-62.6923, -19.8741], [-62.5583, -19.75], [-62.4034, -19.4091], [-62.2841, -19.345], [-62.2458, -19.2417], [-62.202, -19.2494], [-62.0758, -19.1868], [-62.0292, -19.1], [-62.05, -19.0458], [-62.0218, -18.9994], [-61.9104, -19.0037], [-61.8583, -18.9708], [-61.7542, -19.0375], [-61.7455, -19.0119], [-61.6967, -19.0131], [-61.6625, -18.9542], [-61.6189, -19.0328], [-61.5458, -19.0417], [-61.4459, -18.947], [-61.3438, -18.9452], [-61.2669, -18.8952], [-61.2458, -18.95], [-61.0436, -18.9547], [-61.0199, -18.991], [-60.9563, -18.9506], [-60.9012, -18.9918], [-60.7809, -18.9538], [-60.7708, -18.8875], [-60.7176, -18.8795], [-60.6705, -18.7642], [-60.5506, -18.7105], [-60.4587, -18.5024], [-60.4701, -18.4425], [-60.4042, -18.4208], [-60.3913, -18.3017], [-60.3583, -18.275], [-60.3917, -18.1792], [-60.2548, -18.0533], [-60.3159, -18.0408], [-60.2908, -17.93], [-60.1958, -17.9458], [-60.1875, -17.7792], [-60.2162, -17.6771], [-60.1625, -17.6], [-60.1542, -17.4333], [-60.0631, -17.4199], [-60.0449, -17.3715], [-59.975, -17.3375], [-60.0125, -17.2792], [-59.9875, -17.2417], [-60.0, -17.1708], [-60.0424, -17.0968], [-60.1324, -17.0331], [-60.135, -16.992], [-60.2392, -16.917], [-60.324, -16.9035], [-60.4467, -16.734], [-60.5625, -16.6875], [-60.6051, -16.7089], [-60.7493, -16.5634], [-60.7083, -16.5292], [-60.6634, -16.5535], [-60.5975, -16.4371], [-60.4976, -16.4371], [-60.428, -16.3994], [-60.2885, -16.4171], [-60.1, -16.3417], [-59.9603, -16.3703], [-59.9024, -16.292], [-59.8167, -16.3125], [-59.7939, -16.2756], [-59.687, -16.2715], [-59.6605, -16.1797], [-59.5875, -16.2125], [-59.4983, -16.192], [-59.4708, -16.15], [-59.5285, -16.0717], [-59.4083, -16.0625], [-59.3952, -16.005], [-59.3052, -15.9413], [-59.2242, -15.7925], [-59.1542, -15.7375], [-59.1625, -15.6375], [-59.1129, -15.6149], [-59.095, -15.4509], [-59.0299, -15.4409], [-59.0125, -15.375], [-58.9592, -15.3577], [-58.842, -15.2066], [-58.875, -15.161], [-58.884, -15.0454], [-58.7875, -14.85], [-58.8, -14.7708], [-58.7583, -14.725], [-58.7708, -14.6083], [-58.6917, -14.6], [-58.6816, -14.5545], [-58.5934, -14.5705], [-58.5111, -14.4785], [-58.4425, -14.4884], [-58.4333, -14.5167], [-58.3571, -14.4744], [-58.2895, -14.5077], [-58.2167, -14.475], [-58.1608, -14.3795], [-58.1184, -14.3795], [-58.0792, -14.4375], [-57.95, -14.4083], [-57.8875, -14.3083], [-57.7259, -14.3116], [-57.6483, -14.2212], [-57.5759, -14.2006], [-57.5522, -14.2328], [-57.4958, -14.2333], [-57.3816, -14.1462], [-57.3396, -14.1875], [-57.2375, -14.1625], [-57.176, -14.1869], [-57.153, -14.1619], [-57.0059, -14.2004], [-56.9146, -14.1458], [-56.8875, -14.1667], [-56.7958, -14.1458], [-56.7784, -14.2326], [-56.5625, -14.2167], [-56.4962, -14.2517], [-56.4024, -14.3788], [-56.325, -14.4083], [-56.2875, -14.3833], [-56.241, -14.4616], [-56.2095, -14.4456], [-56.2381, -14.5387], [-56.2137, -14.5587], [-56.1033, -14.4634], [-55.9396, -14.3838], [-55.9083, -14.4167], [-55.8271, -14.4042], [-55.7958, -14.4583], [-55.6767, -14.4288], [-55.7744, -14.3616], [-55.7625, -14.3083], [-55.6975, -14.2788], [-55.5809, -14.2705], [-55.4976, -14.3038], [-55.2467, -14.2533], [-55.173, -14.2047], [-55.0642, -14.2045], [-55.0161, -14.3159], [-55.0458, -14.3792], [-55.2202, -14.5008], [-55.2792, -14.6167], [-54.8854, -14.6213], [-54.8314, -14.6661], [-54.7592, -14.6717], [-54.7708, -14.7292], [-54.6625, -14.7583], [-54.6954, -14.8062], [-54.659, -14.9283], [-54.9191, -15.1004], [-54.9208, -15.1292], [-55.1458, -15.1833], [-55.1512, -15.3082], [-55.225, -15.3417], [-55.2087, -15.4024], [-55.3129, -15.5275], [-55.2964, -15.6064], [-55.35, -15.65], [-55.3632, -15.7615], [-55.4083, -15.8167], [-55.3311, -15.8256], [-55.3042, -15.8667], [-55.2542, -15.8542], [-55.2705, -15.7392], [-55.1875, -15.6458], [-55.1667, -15.5417], [-55.0688, -15.484], [-55.0321, -15.5214], [-54.9613, -15.4703], [-54.8917, -15.4667], [-54.895, -15.5201], [-54.8667, -15.5417], [-54.6716, -15.491], [-54.603, -15.5589], [-54.522, -15.533], [-54.5167, -15.5625], [-54.4625, -15.5458], [-54.3667, -15.5917], [-54.209, -15.5259], [-54.1869, -15.5576], [-54.2158, -15.6327], [-54.1536, -15.6781], [-54.1783, -15.7908], [-54.1228, -15.8036], [-54.0809, -15.7545], [-54.0681, -15.7922], [-53.9956, -15.7883], [-53.9575, -15.8491], [-53.827, -15.8506], [-53.775, -15.8875], [-53.7842, -15.9868], [-53.8708, -16.0042], [-53.8119, -16.0868], [-53.8451, -16.1368], [-53.7883, -16.1757], [-53.8589, -16.2613], [-53.7792, -16.4236], [-53.875, -16.4708], [-53.8788, -16.5024], [-53.7833, -16.5542], [-53.7744, -16.6282], [-53.717, -16.6934], [-53.7458, -16.75], [-53.6991, -16.8575], [-53.6292, -16.8375], [-53.5817, -16.9668], [-53.5171, -17.0006], [-53.4792, -16.9875], [-53.4917, -17.0292], [-53.4422, -17.0645], [-53.4833, -17.15], [-53.4591, -17.1867], [-53.484, -17.1931], [-53.4375, -17.2437], [-53.475, -17.2667], [-53.3875, -17.2792], [-53.3993, -17.3448], [-53.3632, -17.3466], [-53.3667, -17.4292], [-53.3006, -17.4811], [-53.355, -17.5451], [-53.4172, -17.5615], [-53.3667, -17.6042], [-53.4116, -17.7741], [-53.3632, -17.7781], [-53.3333, -17.7083], [-53.1667, -18.0208], [-53.1092, -18.0134], [-53.0608, -18.0538], [-53.0042, -18.0125], [-53.008, -17.9275], [-53.0538, -17.9108], [-53.0449, -17.8549], [-52.9379, -17.8066], [-52.9413, -17.7476], [-52.8951, -17.7008], [-52.8208, -17.7083], [-52.7792, -17.675], [-52.7996, -17.6142], [-52.762, -17.5866], [-52.7667, -17.5083], [-52.8271, -17.5162], [-52.8792, -17.4583], [-52.848, -17.4089], [-52.7333, -17.3833], [-52.7354, -17.35], [-52.6841, -17.3576], [-52.6625, -17.3167], [-52.6108, -17.3788], [-52.5566, -17.3837], [-52.5149, -17.3045], [-52.3988, -17.2619], [-52.27, -17.3283], [-52.1841, -17.2911], [-52.1396, -17.3292], [-52.113, -17.2854], [-52.125, -17.1583], [-52.0466, -17.1201], [-52.0208, -17.0375], [-51.9949, -17.066], [-51.9383, -17.0508], [-51.908, -17.14], [-51.7759, -17.1967], [-51.7741, -17.241], [-51.6809, -17.2246], [-51.6542, -17.1667], [-51.5655, -17.2047], [-51.5216, -17.1869], [-51.2976, -17.2246], [-51.2161, -17.1176], [-51.1534, -17.1256], [-51.0842, -17.0576], [-51.0958, -16.9833], [-51.0545, -16.9608], [-51.0542, -16.8625], [-51.0042, -16.8667], [-50.9417, -16.9417], [-50.8809, -16.942], [-50.8017, -17.0045], [-50.6554, -16.9631], [-50.6083, -16.875], [-50.4875, -16.9167], [-50.4257, -16.899], [-50.3757, -16.8159], [-50.3833, -16.725], [-50.3524, -16.6879], [-50.3, -16.6875], [-50.3042, -16.5583], [-50.2208, -16.3988], [-50.241, -16.2802], [-50.1833, -16.2208], [-50.05, -16.2083], [-49.9809, -16.2462], [-49.9125, -16.2208], [-49.8125, -16.25], [-49.7771, -16.1875], [-49.6667, -16.1958], [-49.5583, -16.1042], [-49.5399, -16.1371], [-49.5042, -16.125], [-49.4091, -16.18], [-49.4042, -16.2083], [-49.2979, -16.2285], [-49.1925, -16.1715], [-49.175, -16.2125], [-49.0728, -16.2452], [-49.0119, -16.1426], [-48.9173, -16.074], [-48.8993, -15.9051], [-48.8328, -15.7951], [-48.8908, -15.7786], [-48.8947, -15.7497], [-48.7208, -15.7667], [-48.653, -15.7369], [-48.4884, -15.7785], [-48.4189, -15.7214], [-48.2842, -15.7158], [-48.2465, -15.6699], [-48.2458, -15.6083], [-48.1042, -15.5833], [-48.0351, -15.6163], [-48.0167, -15.5708], [-47.8551, -15.6672], [-47.7007, -15.5536], [-47.6042, -15.5375], [-47.6157, -15.5785], [-47.5759, -15.5908], [-47.5, -15.4542], [-47.4667, -15.4583], [-47.4871, -15.66], [-47.6167, -15.7333], [-47.6048, -15.7824], [-47.6408, -15.7881], [-47.6417, -15.8333], [-47.4879, -16.1267], [-47.4663, -16.2274], [-47.1208, -16.3833], [-47.0545, -16.4684], [-47.0995, -16.5354], [-47.0619, -16.5552], [-47.0756, -16.6204], [-47.021, -16.6346], [-46.9964, -16.6978], [-47.0083, -16.7667], [-47.1042, -16.875], [-47.0172, -16.9561], [-47.0254, -17.0316], [-47.1, -17.1042], [-47.1559, -17.083], [-47.2542, -17.1167], [-47.2869, -17.1603], [-47.2214, -17.2228], [-47.2205, -17.3066], [-47.1917, -17.3375], [-47.2074, -17.3954], [-47.1208, -17.4625], [-47.1083, -17.5375], [-47.1881, -17.674], [-47.1622, -17.7928], [-47.1917, -17.8417], [-47.15, -17.9083], [-47.1743, -17.999], [-47.0922, -18.1103], [-47.0917, -18.2125], [-47.0083, -18.1958], [-46.9743, -18.2256], [-46.9295, -18.1952], [-46.8833, -18.2375], [-46.7708, -18.1875], [-46.7283, -18.2215], [-46.6, -18.2167], [-46.5875, -18.25], [-46.5417, -18.2542], [-46.5204, -18.3365], [-46.4214, -18.3717], [-46.425, -18.4125], [-46.3625, -18.475], [-46.3455, -18.6316], [-46.3048, -18.6467], [-46.2792, -18.7167], [-46.2909, -18.7952], [-46.2417, -18.8083], [-46.2375, -18.8438], [-46.3042, -18.8958], [-46.2952, -18.9616], [-46.2176, -19.034], [-46.2208, -19.0708], [-46.1667, -19.0875], [-46.1328, -19.1868], [-46.1583, -19.2667], [-46.1257, -19.3742], [-46.1586, -19.3928], [-46.1077, -19.4718], [-46.1292, -19.4958], [-46.1083, -19.5292], [-46.1417, -19.55], [-46.067, -19.6399], [-46.1743, -19.705], [-46.1717, -19.7452], [-46.3282, -19.7962], [-46.3156, -19.8714], [-46.4625, -19.8833], [-46.5309, -19.858], [-46.5458, -19.9], [-46.5833, -19.8917], [-46.6284, -19.9419], [-46.6125, -20.0292], [-46.6619, -20.198], [-46.5542, -20.2542], [-46.5912, -20.3187], [-46.5708, -20.3625], [-46.5226, -20.3587], [-46.425, -20.4167], [-46.416, -20.4823], [-46.3417, -20.5542], [-46.2881, -20.5574], [-46.2229, -20.5088], [-46.1566, -20.5663], [-46.1111, -20.5327], [-45.9468, -20.566], [-45.8958, -20.5375], [-45.8917, -20.4542], [-45.7383, -20.4715], [-45.7167, -20.5083], [-45.6032, -20.4964], [-45.5542, -20.3917], [-45.4383, -20.3868], [-45.3896, -20.3338], [-45.3488, -20.3672], [-45.3208, -20.3458], [-45.3022, -20.4536], [-45.2176, -20.4702], [-45.1667, -20.425], [-45.159, -20.4615], [-45.2115, -20.4925], [-45.2033, -20.5158], [-45.1507, -20.5672], [-45.0917, -20.5625], [-45.0583, -20.6375], [-44.9766, -20.6375], [-44.9791, -20.6057], [-44.9312, -20.5963], [-44.8655, -20.6881], [-44.7833, -20.6958], [-44.7458, -20.6167], [-44.7177, -20.6173], [-44.5908, -20.7825], [-44.527, -20.7786], [-44.5167, -20.7458], [-44.4458, -20.7958], [-44.2925, -20.7717], [-44.2542, -20.8583], [-44.0863, -20.9297], [-43.9884, -20.9326], [-43.8208, -20.875], [-43.8208, -20.9333], [-43.7417, -20.9375], [-43.7208, -21.0708], [-43.6092, -21.1092], [-43.5952, -21.188], [-43.6423, -21.2588], [-43.5833, -21.3125], [-43.6392, -21.3788], [-43.7534, -21.4257], [-43.7637, -21.4922], [-43.8118, -21.476], [-43.8134, -21.5548], [-43.8706, -21.5425], [-43.9381, -21.626], [-43.8971, -21.7082], [-44.0075, -21.7675], [-44.0467, -21.8616], [-44.1286, -21.927], [-44.1083, -21.9917], [-44.3, -22.1125], [-44.3542, -22.1917], [-44.5657, -22.2382], [-44.666, -22.3176], [-44.6634, -22.3744], [-44.7316, -22.3587], [-44.9642, -22.4705], [-45.1684, -22.4996], [-45.172, -22.5372], [-45.2684, -22.608], [-45.3399, -22.6212], [-45.4375, -22.7083], [-45.6076, -22.7924], [-45.6708, -22.8792], [-45.7366, -22.8868], [-45.764, -22.8375], [-45.7896, -22.8537], [-45.8083, -22.8292], [-45.875, -22.8667], [-45.9083, -22.8125], [-45.9483, -22.8212], [-46.05, -22.8958], [-46.0504, -22.9608], [-46.1365, -23.0132], [-46.259, -23.1824], [-46.3118, -23.1967], [-46.3134, -23.2366], [-46.4369, -23.3395], [-46.3841, -23.3964], [-46.3134, -23.3881], [-46.2897, -23.4786], [-46.2375, -23.5], [-46.1119, -23.4592], [-46.145, -23.5032], [-46.075, -23.5125], [-46.0608, -23.5413], [-45.8386, -23.4706], [-45.7924, -23.5172], [-45.6634, -23.509], [-45.6465, -23.5365], [-45.7118, -23.5884], [-45.6967, -23.6325], [-45.7437, -23.666], [-45.7841, -23.6798], [-45.8387, -23.6458], [-45.9402, -23.6715], [-45.9583, -23.6042], [-46.0375, -23.6208], [-46.084, -23.7074], [-46.1208, -23.6667], [-46.2845, -23.7756], [-46.3992, -23.7676], [-46.3926, -23.8035], [-46.5022, -23.8172], [-46.5561, -23.9036], [-46.7274, -23.8879], [-46.7375, -23.9917], [-46.7853, -23.9422], [-46.9167, -23.9333], [-46.8863, -23.7703], [-47.1605, -23.8006], [-47.2093, -23.8381], [-47.3167, -23.7917], [-47.4384, -23.9158], [-47.5966, -23.9506], [-47.625, -23.9292], [-47.7208, -24.0042], [-47.85, -23.9542], [-47.9008, -24.0867], [-48.0292, -24.1208], [-48.0634, -24.1785], [-48.1341, -24.1911], [-48.1517, -24.2288], [-48.2566, -24.2587], [-48.3104, -24.3119], [-48.3552, -24.2786], [-48.3908, -24.3048], [-48.4049, -24.2549], [-48.46, -24.2538], [-48.5313, -24.3161], [-48.5653, -24.2869], [-48.7654, -24.5], [-48.81, -24.5129], [-48.9709, -24.347], [-49.0409, -24.3383], [-49.055, -24.3673], [-49.1188, -24.3255], [-49.4843, -24.5328], [-49.514, -24.6125], [-49.5458, -24.5708], [-49.5667, -24.625], [-49.6583, -24.6458], [-49.6871, -24.6809], [-49.6535, -24.7052], [-49.68, -24.77], [-49.7409, -24.7924], [-49.7554, -24.8422], [-49.8125, -24.8375], [-49.7875, -24.9083], [-49.809, -24.9449], [-49.8975, -24.9496], [-49.8958, -24.9917], [-49.9326, -24.9967], [-49.9827, -25.0677], [-49.975, -25.1292], [-49.8509, -25.2175], [-49.8076, -25.3408], [-49.7424, -25.3674], [-49.7006, -25.4396], [-49.7117, -25.4784], [-49.4175, -25.3533], [-49.3741, -25.2923], [-49.3122, -25.2739], [-49.3336, -25.2386], [-49.2966, -25.2244], [-49.2292, -25.2958], [-49.1601, -25.2879], [-49.0741, -25.3702], [-48.9958, -25.3917], [-49.0033, -25.4701], [-48.9625, -25.4917], [-49.0179, -25.6832], [-49.134, -25.812], [-49.0832, -25.9571], [-48.9875, -25.9292], [-48.9542, -26.0167], [-49.0534, -26.0258], [-49.0583, -26.0792], [-49.1783, -26.1299], [-49.21, -26.2246], [-49.2875, -26.225], [-49.4048, -26.318], [-49.4424, -26.4199], [-49.491, -26.4259], [-49.4465, -26.4949], [-49.5458, -26.525], [-49.5792, -26.5942], [-49.6199, -26.5966], [-49.6125, -26.7], [-49.7, -26.6917], [-49.8799, -26.4509], [-50.075, -26.4458], [-50.1926, -26.3756], [-50.2199, -26.3839], [-50.2337, -26.4608], [-50.2083, -26.6375], [-50.2547, -26.7302], [-50.2167, -26.8083], [-50.2542, -26.8542], [-50.5434, -26.7996], [-50.6397, -26.8244], [-51.1042, -26.6083], [-51.1583, -26.6042], [-51.18, -26.6616], [-51.2559, -26.7205], [-51.3479, -26.7083], [-51.3917, -26.7333], [-51.5017, -26.5795], [-51.6322, -26.5962], [-51.6674, -26.5578], [-51.8708, -26.6], [-52.0083, -26.5667], [-52.101, -26.4756], [-52.1853, -26.4464], [-52.4525, -26.4379], [-52.5167, -26.3958], [-52.6083, -26.4125], [-52.7351, -26.342], [-52.9917, -26.35], [-53.0917, -26.3917], [-53.2333, -26.3167], [-53.2833, -26.2542], [-53.3792, -26.2458], [-53.4892, -26.3038], [-53.5542, -26.2958], [-53.5875, -26.2583], [-53.7125, -26.2667], [-53.7629, -26.3775], [-53.85, -26.425], [-53.8792, -26.5], [-53.9366, -26.5134], [-53.955, -26.5658], [-54.1242, -26.6051], [-54.2561, -26.7411], [-54.3158, -26.7548], [-54.3218, -26.8159], [-54.4792, -26.9958], [-54.5562, -27.025], [-54.7042, -27.0167], [-54.7384, -27.0494], [-54.7917, -27.0292], [-54.8104, -27.0703], [-54.8908, -27.0924], [-54.934, -27.1784], [-55.0292, -27.1667], [-55.0867, -27.1924], [-55.0717, -27.2868], [-55.1241, -27.3092], [-55.1422, -27.3576], [-55.084, -27.4782], [-55.125, -27.5208], [-55.223, -27.5464], [-55.2917, -27.6208], [-55.3333, -27.6125], [-55.3532, -27.6506], [-55.4783, -27.6631], [-55.5, -27.7708], [-55.7966, -27.8131], [-55.8717, -27.7507], [-55.9333, -27.7417], [-55.9167, -27.6583], [-55.9625, -27.65], [-55.9667, -27.5625], [-56.0785, -27.52], [-56.0962, -27.4844], [-56.1399, -27.4996], [-56.2, -27.4708], [-56.3093, -27.5951], [-56.3833, -27.6292], [-56.3958, -27.7417], [-56.3672, -27.7939], [-56.4062, -27.8375], [-56.4797, -27.8387], [-56.4344, -27.9496], [-56.5993, -28.055], [-56.6167, -28.1071], [-56.579, -28.1613], [-56.6334, -28.2193], [-56.5833, -28.2625], [-56.6044, -28.3116], [-56.5787, -28.3398], [-56.6199, -28.3711], [-56.6342, -28.3382], [-56.6887, -28.329], [-56.7403, -28.4215], [-56.7875, -28.3625], [-56.8583, -28.4625], [-56.842, -28.5066], [-56.9882, -28.6949], [-57.0146, -28.7037], [-57.1061, -28.6131], [-57.1562, -28.637], [-57.2333, -28.5958], [-57.2341, -28.6211], [-57.2865, -28.6091], [-57.3167, -28.6542], [-57.423, -28.6631], [-57.4339, -28.72], [-57.5184, -28.7621], [-57.5843, -28.7536], [-57.6083, -28.7875], [-57.6905, -28.7539], [-57.7655, -28.7828], [-57.7771, -28.8292], [-57.8333, -28.8], [-57.9833, -28.8625], [-58.0161, -28.9189], [-57.9453, -29.0845], [-57.9583, -29.1875], [-57.9881, -29.2095], [-57.9833, -29.2583], [-58.0991, -29.2673], [-58.2125, -29.3875], [-58.1542, -29.6458], [-58.2533, -29.7259], [-58.3162, -29.8354], [-58.3, -29.9], [-58.3292, -29.9375], [-58.2631, -30.052], [-58.2464, -30.2271], [-58.3083, -30.3375], [-58.4083, -30.4125], [-58.3958, -30.4542], [-58.4659, -30.5549], [-58.4125, -30.6208], [-58.2625, -30.6375], [-58.2366, -30.7036], [-58.1717, -30.7467], [-58.1839, -30.8116], [-58.2788, -30.8809], [-58.2414, -30.9428], [-58.2333, -31.0125], [-58.2714, -31.0466], [-58.2505, -31.0729], [-58.3452, -31.0926], [-58.3583, -31.2042], [-58.4833, -31.2625], [-58.4167, -31.3542], [-58.4667, -31.3875], [-58.45, -31.4333], [-58.4983, -31.4379], [-58.5292, -31.5], [-58.5417, -31.5958], [-58.4884, -31.6783], [-58.5792, -31.6958], [-58.6583, -31.8417], [-58.7868, -31.9216], [-58.7884, -31.9741], [-58.8324, -32.0215], [-58.8167, -32.0708], [-58.8542, -32.1917], [-58.9125, -32.2375], [-58.8625, -32.3125], [-58.8911, -32.3926], [-58.8792, -32.5], [-58.9292, -32.5292], [-58.9161, -32.6355], [-58.8831, -32.6637], [-58.9875, -32.9083], [-59.0042, -33.0292], [-59.1116, -33.0632], [-59.1217, -33.1368], [-59.2417, -33.1417], [-59.2923, -33.2118], [-59.2795, -33.2906], [-59.2333, -33.3333], [-59.3035, -33.5146], [-59.1876, -33.5845], [-59.1416, -33.647], [-59.1532, -33.7121], [-59.0684, -33.7545], [-59.0292, -33.7167], [-58.9458, -33.7375], [-58.8591, -33.7928], [-58.8458, -33.85], [-58.7854, -33.8661], [-58.5395, -33.8006], [-58.5051, -33.8329], [-58.5618, -33.8948], [-58.5134, -33.9631], [-58.6083, -33.9458], [-58.6375, -34.0083], [-58.698, -33.9965], [-58.7917, -34.0875], [-58.8552, -34.0494], [-58.9202, -34.0759], [-58.925, -34.1208], [-59.0257, -34.0135], [-59.0869, -34.0176], [-59.1051, -34.1379], [-59.1917, -34.1708], [-59.2525, -34.2795], [-59.3157, -34.2921], [-59.3881, -34.3921], [-59.3633, -34.4201], [-59.4635, -34.5002], [-59.5938, -34.4173], [-59.6841, -34.4701], [-59.7409, -34.4551], [-59.7726, -34.508], [-59.8792, -34.5083], [-59.8841, -34.5409], [-59.9458, -34.5625], [-59.9458, -34.6125], [-60.0424, -34.6036], [-60.0833, -34.6417], [-60.2509, -34.484], [-60.3358, -34.542], [-60.4667, -34.575], [-60.4884, -34.4956], [-60.6345, -34.5878], [-60.6796, -34.5699], [-60.6758, -34.5425], [-60.8426, -34.5172], [-60.926, -34.4494], [-61.0491, -34.4702], [-61.1551, -34.3216], [-61.1823, -34.3256], [-61.1333, -34.1896], [-61.2244, -34.1158], [-61.1883, -34.0658], [-61.2042, -34.0375], [-61.2528, -34.0631], [-61.3125, -33.9917], [-61.4292, -34.0542], [-61.4646, -34.0], [-61.5865, -33.9631], [-61.575, -33.8625], [-61.6184, -33.8795], [-61.6708, -33.8125], [-61.7917, -33.8083], [-61.8576, -33.7492], [-61.855, -33.6092], [-61.9216, -33.5506]], [[-57.0704, -28.628], [-57.0738, -28.6244], [-57.075, -28.6292], [-57.0704, -28.628]], [[-55.7958, -21.9458], [-55.8, -21.9458], [-55.7958, -21.9417], [-55.7958, -21.9458]], [[-62.1583, -26.0333], [-62.1576, -26.0365], [-62.1583, -26.0333], [-62.1583, -26.0333]], [[-65.7917, -25.9333], [-65.7917, -25.9333], [-65.7875, -25.9333], [-65.7917, -25.9333]], [[-51.9708, -25.1375], [-51.9708, -25.1375], [-51.9717, -25.1408], [-51.9708, -25.1375]], [[-51.8708, -18.1167], [-51.8708, -18.1167], [-51.8645, -18.1173], [-51.8708, -18.1167]], [[-45.8863, -22.8004], [-45.8875, -22.7958], [-45.8875, -22.7958], [-45.8863, -22.8004]]]}}, {"type": "Feature", "properties": {"id": "yangtze", "name": "Yangtze", "country": "China"}, "geometry": {"type": "Polygon", "coordinates": [[[109.0564, 26.1131], [109.0095, 26.0996], [109.0208, 26.1667], [108.9909, 26.1881], [108.8708, 26.1375], [108.8625, 26.1625], [108.8243, 26.1453], [108.7333, 26.1833], [108.6994, 26.2426], [108.8036, 26.3897], [108.7568, 26.4667], [108.7083, 26.425], [108.65, 26.4875], [108.5529, 26.275], [108.4667, 26.3125], [108.2635, 26.2507], [108.2283, 26.3285], [108.0792, 26.2875], [107.9625, 26.3583], [107.8742, 26.2132], [107.7804, 26.1786], [107.7417, 26.2042], [107.7292, 26.125], [107.5875, 26.0583], [107.5189, 26.1244], [107.4677, 26.1082], [107.4355, 26.1577], [107.3184, 26.1337], [107.2799, 26.1676], [107.3089, 26.2091], [107.2708, 26.25], [107.3583, 26.2625], [107.3079, 26.3548], [107.1968, 26.3242], [107.0441, 26.1837], [107.0024, 26.2496], [106.875, 26.2083], [106.866, 26.2616], [106.8244, 26.2618], [106.8547, 26.2807], [106.8244, 26.3713], [106.8538, 26.4149], [106.7868, 26.4381], [106.7032, 26.3924], [106.5917, 26.4125], [106.5742, 26.2925], [106.5241, 26.3006], [106.4425, 26.2451], [106.4333, 26.1833], [106.3406, 26.1536], [106.3125, 26.1625], [106.3333, 26.2125], [106.2405, 26.2422], [106.2049, 26.1911], [106.0583, 26.1625], [106.0367, 26.2669], [106.0063, 26.2506], [105.9792, 26.3042], [105.8417, 26.25], [105.8292, 26.1958], [105.7532, 26.159], [105.6534, 26.2381], [105.5875, 26.1958], [105.4488, 26.2626], [105.3868, 26.2036], [105.326, 26.2379], [105.3, 26.3], [105.2632, 26.2884], [105.0775, 26.5996], [105.0575, 26.5007], [104.9704, 26.5423], [104.9371, 26.5077], [104.7782, 26.5661], [104.6408, 26.6991], [104.5157, 26.7702], [104.4284, 26.7744], [104.35, 26.825], [104.3417, 26.7583], [104.2579, 26.7965], [104.225, 26.7667], [104.1108, 26.8004], [104.0869, 26.7718], [104.1253, 26.7178], [104.0885, 26.6869], [104.0259, 26.7116], [104.0076, 26.6385], [103.9667, 26.6625], [103.966, 26.6217], [103.9163, 26.5934], [103.9157, 26.5174], [103.8417, 26.4208], [103.9542, 26.4042], [103.9967, 26.3425], [104.0746, 26.3184], [104.0208, 26.2458], [103.9384, 26.2327], [103.9375, 26.1958], [103.8272, 26.1506], [103.7917, 26.175], [103.8091, 25.9675], [103.8494, 25.9741], [103.8465, 25.8795], [103.7745, 25.7928], [103.7542, 25.7], [103.6885, 25.6826], [103.6355, 25.609], [103.55, 25.5833], [103.5896, 25.5296], [103.675, 25.5458], [103.6417, 25.5], [103.6708, 25.4708], [103.6411, 25.4047], [103.724, 25.3367], [103.7202, 25.2728], [103.6479, 25.2256], [103.6358, 25.3038], [103.4729, 25.3708], [103.4074, 25.2926], [103.2708, 25.3417], [103.2575, 25.3009], [103.1924, 25.2824], [103.096, 25.1947], [102.9583, 24.9792], [102.9667, 24.9292], [102.9384, 24.9244], [102.9, 24.7917], [102.9333, 24.7667], [102.8589, 24.7397], [102.7921, 24.5938], [102.8158, 24.5092], [102.6875, 24.475], [102.6424, 24.5092], [102.6375, 24.5583], [102.6061, 24.5619], [102.3583, 24.475], [102.345, 24.5241], [102.2837, 24.5351], [102.3089, 24.5968], [102.2837, 24.6899], [102.3536, 24.9188], [102.3125, 24.95], [102.1978, 24.9089], [102.1784, 24.9576], [102.1333, 24.9667], [102.2038, 25.06], [102.2083, 25.1208], [102.3244, 25.1843], [102.3578, 25.2478], [102.3631, 25.3799], [102.2875, 25.5125], [102.1845, 25.4538], [102.1792, 25.3667], [102.125, 25.3708], [102.125, 25.4375], [101.9966, 25.4549], [101.9708, 25.4875], [101.9667, 25.4208], [101.8879, 25.3524], [101.8833, 25.2583], [101.8134, 25.2534], [101.799, 25.1466], [101.6958, 25.0208], [101.65, 25.0152], [101.6119, 24.8728], [101.5049, 24.8216], [101.4, 25.0292], [101.3741, 25.0119], [101.3104, 25.0667], [101.2708, 25.0542], [101.1493, 25.2006], [100.9964, 25.1634], [100.9325, 25.2825], [100.8673, 25.3176], [100.8458, 25.3917], [100.6657, 25.3589], [100.6355, 25.3047], [100.5833, 25.3167], [100.6125, 25.375], [100.55, 25.4458], [100.5375, 25.5958], [100.4483, 25.583], [100.4083, 25.6583], [100.2887, 25.7543], [100.2798, 25.8241], [100.3042, 25.8333], [100.2785, 25.8704], [100.3215, 25.9506], [100.1866, 25.9411], [100.1213, 26.0646], [100.1006, 26.4174], [100.0414, 26.4345], [100.025, 26.4792], [100.075, 26.5208], [100.1208, 26.7208], [100.0559, 26.733], [100.0342, 26.7092], [100.0251, 26.7696], [99.9802, 26.7798], [99.845, 26.6637], [99.7292, 26.625], [99.6008, 26.7049], [99.575, 26.8708], [99.5387, 26.8661], [99.4701, 27.0242], [99.3958, 27.0625], [99.4536, 27.1439], [99.4083, 27.2083], [99.3809, 27.1879], [99.3458, 27.2333], [99.2747, 27.3428], [99.275, 27.4167], [99.225, 27.439], [99.2371, 27.4649], [99.1958, 27.4625], [99.1879, 27.653], [99.1203, 27.6784], [99.133, 27.8816], [99.0125, 28.0042], [99.0542, 28.1375], [99.0132, 28.1466], [98.975, 28.2083], [98.9583, 28.3542], [99.0417, 28.4167], [98.975, 28.4937], [98.9797, 28.7405], [98.9496, 28.8157], [98.8298, 28.8218], [98.8119, 28.9564], [98.7167, 29.0917], [98.7379, 29.1267], [98.7, 29.2083], [98.7128, 29.253], [98.5837, 29.3767], [98.57, 29.4783], [98.4875, 29.5542], [98.4667, 29.6625], [98.5083, 29.7], [98.4667, 29.7875], [98.4744, 29.9021], [98.4042, 29.9875], [98.4197, 30.0254], [98.4961, 30.0053], [98.4588, 30.1188], [98.4754, 30.2025], [98.5211, 30.2239], [98.4828, 30.3216], [98.5083, 30.425], [98.4395, 30.4547], [98.3788, 30.5615], [98.2083, 30.6875], [98.2042, 30.8125], [98.0804, 30.7953], [98.0355, 30.8411], [97.9549, 30.8507], [97.9087, 30.9434], [97.9244, 30.998], [97.8634, 31.0673], [97.8792, 31.1333], [97.7006, 31.2717], [97.7254, 31.3303], [97.6917, 31.3958], [97.725, 31.4292], [97.7, 31.5083], [97.85, 31.4917], [97.8542, 31.5792], [97.9125, 31.6083], [97.8295, 31.8017], [97.8673, 31.8505], [97.8202, 31.9198], [97.8619, 31.9562], [97.8468, 32.0574], [97.9542, 32.0917], [97.9669, 32.1489], [97.8783, 32.22], [97.7657, 32.2453], [97.7137, 32.2917], [97.6811, 32.2797], [97.5657, 32.3742], [97.4853, 32.3714], [97.3493, 32.4328], [97.3833, 32.5], [97.2578, 32.5741], [97.1079, 32.6048], [97.0555, 32.5869], [96.9, 32.675], [96.8911, 32.7366], [96.7092, 32.8592], [96.6566, 32.9913], [96.4729, 32.963], [96.3774, 33.0496], [96.3292, 33.025], [96.2583, 33.0542], [96.0733, 33.233], [95.9792, 33.2292], [95.9313, 33.1756], [95.8134, 33.2299], [95.7907, 33.2827], [95.7424, 33.2842], [95.6907, 33.3381], [95.6608, 33.3045], [95.6292, 33.325], [95.563, 33.2994], [95.5284, 33.3449], [95.4843, 33.3424], [95.3522, 33.4244], [95.2157, 33.4369], [95.1316, 33.583], [95.025, 33.5292], [94.9865, 33.5743], [94.8125, 33.5625], [94.825, 33.6708], [94.7466, 33.6926], [94.6608, 33.7955], [94.5833, 33.8208], [94.4382, 33.77], [94.3917, 33.6292], [94.2792, 33.6375], [94.2547, 33.6105], [94.2292, 33.5625], [94.2792, 33.4], [94.2425, 33.3952], [94.2283, 33.3176], [94.0983, 33.3545], [94.0125, 33.2917], [93.9392, 33.358], [93.9167, 33.35], [93.9283, 33.2924], [93.8581, 33.2655], [93.8841, 33.1885], [93.9369, 33.173], [93.9801, 33.0548], [94.0708, 33.025], [94.1022, 33.0578], [94.1895, 33.0047], [94.3218, 33.0128], [94.3958, 32.975], [94.3505, 32.8937], [94.3798, 32.7987], [94.3592, 32.7548], [94.4375, 32.7208], [94.5576, 32.7506], [94.609, 32.7319], [94.5744, 32.7111], [94.5909, 32.634], [94.5375, 32.6042], [94.4642, 32.6121], [94.437, 32.566], [94.3917, 32.6042], [94.3833, 32.5417], [94.3145, 32.5327], [94.2908, 32.4956], [94.1924, 32.5159], [94.1827, 32.4592], [94.1387, 32.433], [94.0733, 32.4705], [94.0125, 32.45], [93.9615, 32.4869], [93.8583, 32.4792], [93.825, 32.5458], [93.7405, 32.5786], [93.6521, 32.5786], [93.6042, 32.5167], [93.5125, 32.475], [93.4608, 32.5621], [93.375, 32.5292], [93.2396, 32.6667], [93.0592, 32.6298], [93.0191, 32.7413], [92.875, 32.7], [92.6875, 32.7708], [92.6345, 32.7203], [92.3583, 32.7667], [92.25, 32.725], [92.2, 32.7583], [92.1953, 32.8051], [92.2285, 32.8259], [92.212, 32.8689], [92.1445, 32.8916], [91.9561, 32.8256], [91.9, 32.9083], [91.85, 32.9083], [91.8408, 32.9491], [91.777, 32.9464], [91.4757, 33.1176], [91.4285, 33.2074], [91.3661, 33.2512], [91.3991, 33.316], [91.2333, 33.3333], [91.1875, 33.3083], [91.1208, 33.4042], [91.0187, 33.4167], [90.9417, 33.3833], [90.8667, 33.4042], [90.8958, 33.525], [90.8226, 33.517], [90.8006, 33.5736], [90.6958, 33.6542], [90.7625, 33.7458], [90.6996, 33.84], [90.7244, 33.873], [90.6866, 33.92], [90.6384, 33.9215], [90.6371, 33.9907], [90.55, 34.025], [90.5456, 34.1405], [90.5875, 34.2042], [90.5458, 34.2708], [90.6006, 34.3674], [90.5792, 34.4375], [90.6208, 34.4792], [90.5917, 34.5292], [90.8608, 34.7087], [90.9608, 34.7087], [91.0181, 34.7673], [91.0587, 34.7643], [91.0592, 34.8003], [91.1313, 34.784], [91.1583, 34.8208], [91.1333, 34.9792], [91.1658, 35.0241], [91.0743, 35.1033], [90.9917, 35.125], [90.9881, 35.2113], [90.8228, 35.2381], [90.8172, 35.2814], [90.8988, 35.3119], [90.9083, 35.3667], [91.0042, 35.3458], [91.0087, 35.4059], [90.9379, 35.4517], [90.9476, 35.4746], [91.0525, 35.4205], [91.2441, 35.4379], [91.4191, 35.5129], [91.4741, 35.5009], [91.5419, 35.5553], [91.5, 35.6125], [91.5419, 35.6907], [91.5117, 35.766], [91.4353, 35.7839], [91.3673, 35.8509], [91.4042, 35.8958], [91.4993, 35.8703], [91.5824, 35.8994], [91.675, 35.8458], [91.8782, 35.863], [91.9083, 35.825], [91.9917, 35.8375], [92.0365, 35.7911], [92.1233, 35.8163], [92.2333, 35.7417], [92.2226, 35.6962], [92.2784, 35.6786], [92.45, 35.7625], [92.5522, 35.763], [92.5333, 35.8875], [92.6917, 35.8875], [92.9729, 35.8333], [93.0366, 35.8494], [93.0811, 35.8047], [93.25, 35.7792], [93.7355, 35.766], [94.0542, 35.6375], [94.2354, 35.662], [94.2687, 35.634], [94.5816, 35.5996], [94.5712, 35.5309], [94.6413, 35.4983], [94.6292, 35.4708], [94.7507, 35.4411], [94.8284, 35.47], [94.8478, 35.4298], [94.8761, 35.4503], [95.123, 35.3911], [95.2625, 35.325], [95.3066, 35.3663], [95.3089, 35.3009], [95.4226, 35.2212], [95.4743, 35.2422], [95.5958, 35.1958], [95.5962, 35.16], [95.6708, 35.1042], [95.9375, 34.9958], [95.9089, 34.8967], [95.9917, 34.85], [96.0458, 34.7458], [96.05, 34.6667], [96.1167, 34.5875], [96.2167, 34.5792], [96.234, 34.5301], [96.3128, 34.5325], [96.3384, 34.4912], [96.3698, 34.5077], [96.4042, 34.4292], [96.4535, 34.4489], [96.4923, 34.3717], [96.5451, 34.3784], [96.5417, 34.3375], [96.6125, 34.3], [96.8408, 34.316], [96.9131, 34.1926], [96.9051, 34.1549], [97.0561, 34.0631], [97.1159, 34.0618], [97.2186, 33.9464], [97.3158, 33.9717], [97.35, 34.0333], [97.4491, 34.0256], [97.475, 34.125], [97.5491, 34.1384], [97.6108, 34.2121], [97.7257, 33.9926], [97.7833, 33.9792], [97.7454, 33.899], [97.7686, 33.8631], [97.85, 33.8625], [97.95, 33.9417], [98.0066, 33.9504], [98.2542, 33.9167], [98.27, 33.8494], [98.4083, 33.8708], [98.4617, 33.849], [98.4931, 33.766], [98.5284, 33.7742], [98.5342, 33.7414], [98.6167, 33.7125], [98.6465, 33.5509], [98.7407, 33.4782], [98.7342, 33.4132], [98.7836, 33.347], [98.7646, 33.275], [98.8396, 33.2792], [98.8976, 33.333], [99.0233, 33.3455], [99.2333, 33.2333], [99.2292, 33.1792], [99.3869, 33.1199], [99.4228, 33.0547], [99.49, 33.0879], [99.5449, 33.0703], [99.5625, 33.1], [99.6292, 33.0625], [99.7042, 33.1083], [99.7708, 33.0833], [99.8657, 33.1383], [99.8667, 33.2542], [99.9625, 33.1792], [99.9716, 33.2118], [100.1983, 33.3045], [100.2184, 33.3746], [100.2804, 33.4006], [100.3617, 33.3674], [100.3333, 33.5042], [100.375, 33.65], [100.4459, 33.6237], [100.5426, 33.5173], [100.7366, 33.5118], [100.7292, 33.4521], [100.7667, 33.3917], [100.8699, 33.3493], [100.8591, 33.2924], [100.9562, 33.2506], [101.0196, 33.2453], [101.0904, 33.2958], [101.1542, 33.2458], [101.1804, 33.2714], [101.2897, 33.2661], [101.3875, 33.1542], [101.3978, 33.2244], [101.4907, 33.2285], [101.6645, 33.0756], [101.7399, 33.0705], [101.7823, 33.0036], [101.9162, 32.9327], [102.0417, 32.9333], [102.0292, 32.8875], [102.0663, 32.8782], [102.1208, 32.7542], [102.2083, 32.6708], [102.2047, 32.5159], [102.1333, 32.3042], [102.2441, 32.3163], [102.2583, 32.2417], [102.3583, 32.2292], [102.3729, 32.1583], [102.4493, 32.2676], [102.4375, 32.3313], [102.4917, 32.3833], [102.4958, 32.4458], [102.5387, 32.4244], [102.7875, 32.475], [102.7744, 32.5132], [102.8327, 32.5802], [102.8298, 32.6615], [102.9661, 32.7353], [102.95, 32.8167], [102.975, 32.875], [103.0983, 32.908], [103.2083, 32.825], [103.3153, 32.9166], [103.3375, 32.9], [103.4078, 33.1311], [103.4027, 33.1583], [103.3563, 33.1338], [103.3, 33.1708], [103.3006, 33.2343], [103.2464, 33.3061], [103.2547, 33.3801], [103.1462, 33.5517], [103.1547, 33.6446], [103.0871, 33.7691], [103.1583, 33.8083], [103.0208, 33.9125], [103.05, 33.9667], [102.9375, 33.9833], [102.8858, 34.0413], [102.7866, 34.0464], [102.7174, 34.0036], [102.6083, 34.0208], [102.5825, 34.0868], [102.5292, 34.0875], [102.5759, 34.1575], [102.7083, 34.2375], [102.775, 34.2417], [102.7976, 34.2788], [102.8574, 34.2758], [102.8833, 34.3167], [103.1063, 34.2667], [103.2125, 34.3042], [103.3615, 34.266], [103.3934, 34.1962], [103.5066, 34.1663], [103.6564, 34.1881], [103.6592, 34.2451], [103.7282, 34.2922], [103.8741, 34.2797], [104.0292, 34.1292], [104.072, 34.1964], [104.1616, 34.2131], [104.1083, 34.3208], [104.2, 34.3792], [104.2675, 34.3536], [104.2895, 34.3828], [104.3577, 34.3699], [104.3658, 34.3369], [104.4203, 34.3314], [104.4517, 34.2254], [104.5646, 34.2], [104.6858, 34.2379], [104.6833, 34.35], [104.7895, 34.4203], [104.8188, 34.3713], [104.953, 34.379], [104.9841, 34.4282], [105.1076, 34.4633], [105.1436, 34.5286], [105.2368, 34.4994], [105.2909, 34.5256], [105.3833, 34.4625], [105.575, 34.4917], [105.567, 34.4225], [105.6472, 34.366], [105.7079, 34.384], [105.8034, 34.3465], [105.8042, 34.3708], [105.8762, 34.3881], [105.9467, 34.3299], [106.0191, 34.3254], [106.1048, 34.3723], [106.0959, 34.4029], [106.1437, 34.4369], [106.2583, 34.375], [106.3524, 34.433], [106.4333, 34.4167], [106.476, 34.3004], [106.5866, 34.2536], [106.6647, 34.2506], [106.7784, 34.3006], [106.8958, 34.2958], [107.0326, 34.1992], [107.0853, 34.1214], [107.1243, 34.1672], [107.4022, 34.1578], [107.4495, 34.1188], [107.392, 33.9642], [107.6233, 33.9121], [107.7033, 33.9327], [107.7295, 33.8309], [107.8125, 33.7604], [107.827, 33.7006], [107.8917, 33.75], [108.0542, 33.7083], [108.1816, 33.7129], [108.3417, 33.7958], [108.4083, 33.7667], [108.4897, 33.8036], [108.5792, 33.7667], [108.6434, 33.8413], [108.7555, 33.8327], [108.7833, 33.8583], [108.8375, 33.8167], [109.0409, 33.9256], [109.1333, 33.875], [109.5, 33.85], [109.5911, 33.9061], [109.5792, 33.9583], [109.6324, 34.0132], [109.6121, 34.0434], [109.6384, 34.1036], [109.7272, 34.1089], [109.8368, 34.1881], [110.0834, 34.0529], [110.0937, 33.9756], [110.2276, 33.9833], [110.3917, 33.9458], [110.4383, 33.88], [110.6605, 33.8536], [110.7958, 33.7708], [110.8458, 33.8208], [110.8333, 33.9], [111.0458, 33.8667], [111.1743, 33.9091], [111.1792, 33.9458], [111.2583, 33.9292], [111.4064, 33.9911], [111.4833, 33.9542], [111.4958, 33.8958], [111.3542, 33.8917], [111.3327, 33.8421], [111.3884, 33.7592], [111.6189, 33.7244], [111.8, 33.6583], [111.8583, 33.7208], [111.9741, 33.7342], [111.9712, 33.8233], [112.0333, 33.8542], [111.9922, 33.9272], [112.2717, 34.1285], [112.3196, 34.1328], [112.3542, 34.2167], [112.4667, 34.2292], [112.4875, 34.2958], [112.5395, 34.3161], [112.8201, 34.3716], [112.825, 34.4792], [112.9108, 34.4754], [112.977, 34.5578], [113.1083, 34.5625], [113.1625, 34.6042], [113.4167, 34.5875], [113.4333, 34.6792], [113.5083, 34.7125], [113.577, 34.8619], [113.8022, 34.8619], [113.8875, 34.7958], [113.9008, 34.8451], [113.9949, 34.8506], [114.0066, 34.8837], [114.3167, 34.8542], [114.3412, 34.8965], [114.6733, 34.8545], [114.8896, 34.9287], [114.9449, 34.9243], [114.9761, 34.8831], [115.0167, 34.9042], [115.1686, 34.8506], [115.2272, 34.8661], [115.4284, 34.7786], [115.5033, 34.7869], [115.5184, 34.7004], [115.6743, 34.7339], [115.7547, 34.6757], [115.7458, 34.6125], [115.8175, 34.5872], [115.9422, 34.6054], [115.9366, 34.6506], [116.0358, 34.6538], [116.0441, 34.6163], [116.1191, 34.6121], [116.1417, 34.5792], [116.4024, 34.5538], [116.5271, 34.488], [116.5618, 34.5256], [116.7438, 34.4868], [116.8428, 34.4089], [116.9355, 34.4119], [117.0052, 34.341], [117.1343, 34.2952], [117.22, 34.3242], [117.2187, 34.2756], [117.3576, 34.2701], [117.337, 34.2035], [117.428, 34.2251], [117.4509, 34.1831], [117.5782, 34.1993], [117.6215, 34.1615], [117.6095, 34.1369], [117.7805, 34.1923], [117.8074, 34.1452], [117.8865, 34.17], [118.0333, 33.9792], [118.034, 34.0283], [118.0667, 34.0375], [118.2458, 33.9792], [118.3042, 34.0458], [118.3048, 34.0174], [118.3917, 33.9833], [118.4465, 33.8759], [118.4995, 33.9089], [118.6728, 33.7798], [118.741, 33.8562], [118.7047, 33.9813], [118.7182, 34.0418], [118.7939, 34.0411], [118.8804, 33.8835], [118.9544, 33.8658], [119.0125, 33.7555], [118.9837, 33.6726], [119.0116, 33.6711], [119.0214, 33.5801], [119.1532, 33.5798], [119.2125, 33.6833], [119.2425, 33.6092], [119.3375, 33.6542], [119.3958, 33.5938], [119.4208, 33.525], [119.3351, 33.533], [119.1926, 33.4657], [119.1708, 33.4208], [119.4485, 32.9859], [119.4909, 32.9951], [119.4871, 32.9593], [119.5202, 32.9396], [119.5008, 32.8843], [119.5662, 32.8479], [119.5292, 32.7833], [119.4423, 32.7783], [119.4801, 32.6092], [119.5298, 32.5549], [119.5142, 32.4545], [119.55, 32.4583], [119.5762, 32.4208], [119.632, 32.4375], [119.6312, 32.4048], [119.6868, 32.4301], [119.65, 32.4583], [119.6826, 32.4844], [119.6785, 32.5574], [119.7664, 32.6575], [119.8417, 32.6583], [119.9408, 32.7548], [119.9292, 32.8375], [119.9958, 32.8583], [120.0136, 32.8327], [120.0956, 32.8507], [120.097, 32.8243], [120.1667, 32.8167], [120.2053, 32.7496], [120.2405, 32.7586], [120.2708, 32.6931], [120.358, 32.6274], [120.2828, 32.5469], [120.2792, 32.4458], [120.2048, 32.4283], [120.2, 32.3833], [120.1006, 32.3658], [120.1544, 32.328], [120.1375, 32.3], [120.225, 32.1625], [120.1716, 32.141], [120.155, 32.0841], [120.2589, 32.0132], [120.2375, 31.9375], [120.0676, 31.8784], [120.0908, 31.7717], [120.0583, 31.7292], [119.9993, 31.7182], [119.9792, 31.65], [119.9548, 31.6676], [119.962, 31.7562], [119.9091, 31.7593], [119.8784, 31.8865], [119.8417, 31.925], [119.804, 31.9158], [119.7992, 31.8748], [119.7476, 31.8879], [119.7339, 32.0051], [119.6167, 32.1333], [119.5527, 32.0875], [119.4333, 32.1375], [119.3717, 32.1382], [119.3354, 32.0798], [119.2327, 32.1171], [119.2342, 31.9634], [119.325, 31.8375], [119.2962, 31.7399], [119.3205, 31.6892], [119.2256, 31.623], [119.1246, 31.4225], [119.0792, 31.425], [119.0536, 31.3696], [119.0672, 31.2853], [119.1625, 31.2125], [119.2189, 31.2089], [119.2824, 31.2631], [119.3542, 31.2417], [119.3545, 31.1809], [119.4059, 31.1379], [119.49, 31.167], [119.6464, 31.1135], [119.5504, 30.9941], [119.533, 30.8059], [119.4799, 30.7784], [119.475, 30.6958], [119.4061, 30.7036], [119.2625, 30.6167], [119.234, 30.5574], [119.2625, 30.5125], [119.3241, 30.5378], [119.3174, 30.4344], [119.3491, 30.384], [119.2417, 30.3417], [119.2, 30.2917], [119.0145, 30.3131], [118.9476, 30.3621], [118.875, 30.3167], [118.8828, 30.252], [118.798, 30.1547], [118.736, 30.1917], [118.675, 30.1833], [118.6118, 30.2339], [118.5608, 30.1462], [118.4333, 30.1875], [118.3833, 30.1208], [118.2939, 30.0756], [118.1841, 30.059], [118.1353, 30.1119], [117.9417, 30.0458], [117.8292, 29.9667], [117.8589, 29.9342], [117.8506, 29.8885], [117.9202, 29.8783], [117.9244, 29.8385], [117.7708, 29.7917], [117.7708, 29.7333], [117.6417, 29.6208], [117.6895, 29.5506], [117.8063, 29.5792], [117.8868, 29.5453], [118.0191, 29.5788], [118.1288, 29.5115], [118.1259, 29.4674], [118.2083, 29.4833], [118.2243, 29.4301], [118.1875, 29.3958], [118.2083, 29.3563], [118.1417, 29.2917], [118.2006, 29.2468], [118.195, 29.1842], [118.1083, 29.1292], [118.1115, 29.0841], [118.066, 29.0481], [118.0958, 28.9625], [118.1399, 28.9746], [118.1917, 28.9083], [118.3074, 28.9285], [118.334, 28.8384], [118.4869, 28.7647], [118.4538, 28.6975], [118.4621, 28.5934], [118.3923, 28.4426], [118.4833, 28.3333], [118.591, 28.2823], [118.6, 28.225], [118.4958, 28.125], [118.4351, 28.108], [118.4042, 28.0417], [118.3313, 28.009], [118.2375, 28.0833], [118.1966, 28.0536], [118.1325, 28.0631], [118.0833, 27.9708], [117.9917, 27.9917], [117.8512, 27.9504], [117.7399, 27.8045], [117.602, 27.8672], [117.553, 27.9753], [117.5159, 27.9839], [117.3218, 27.8328], [117.2958, 27.8417], [117.2958, 27.7708], [117.2006, 27.7147], [117.1708, 27.6042], [117.125, 27.6], [117.1035, 27.4837], [117.1297, 27.4259], [117.0958, 27.3417], [117.1375, 27.3292], [117.1621, 27.2767], [117.0425, 27.1616], [117.0583, 27.1125], [116.9917, 27.0875], [116.9333, 27.0167], [116.6937, 26.991], [116.5465, 26.8449], [116.562, 26.7604], [116.5131, 26.6978], [116.5917, 26.6708], [116.5333, 26.5667], [116.6244, 26.452], [116.6, 26.3833], [116.5354, 26.4036], [116.3994, 26.2782], [116.4083, 26.1917], [116.4564, 26.1953], [116.5371, 26.1142], [116.4, 26.05], [116.3578, 26.001], [116.3667, 25.9682], [116.25, 25.9042], [116.2625, 25.8375], [116.0536, 25.6905], [116.0583, 25.5583], [116.0087, 25.5066], [116.0333, 25.4625], [115.9956, 25.4155], [116.0036, 25.3228], [115.9467, 25.295], [115.9339, 25.2522], [115.9491, 25.055], [115.8686, 25.0256], [115.687, 25.1614], [115.5506, 25.2033], [115.5375, 25.1167], [115.2145, 25.0411], [115.1743, 24.9634], [115.0875, 24.9], [115.1, 24.8458], [114.9292, 24.7958], [114.9333, 24.7625], [114.8833, 24.7167], [114.8375, 24.7208], [114.8, 24.6083], [114.725, 24.6125], [114.7035, 24.5301], [114.6615, 24.5825], [114.6202, 24.5798], [114.5867, 24.5465], [114.5228, 24.5619], [114.4184, 24.492], [114.3533, 24.5949], [114.302, 24.5756], [114.2829, 24.6282], [114.175, 24.6792], [114.3367, 24.7551], [114.3333, 24.8125], [114.3958, 24.9333], [114.3875, 25.0042], [114.475, 25.0167], [114.6333, 25.1333], [114.7, 25.1292], [114.675, 25.2208], [114.7205, 25.2983], [114.653, 25.3878], [114.6021, 25.3583], [114.5101, 25.3705], [114.3917, 25.3167], [114.3275, 25.3379], [114.3, 25.2917], [114.1267, 25.3163], [114.0262, 25.2536], [114.0464, 25.3509], [114.0036, 25.4007], [114.0256, 25.4446], [113.8792, 25.4417], [113.7868, 25.4922], [113.7542, 25.4875], [113.7324, 25.4257], [113.6216, 25.4115], [113.5792, 25.35], [113.478, 25.3837], [113.4399, 25.3621], [113.3167, 25.4542], [113.3042, 25.5167], [113.2515, 25.5036], [113.2244, 25.5507], [113.2588, 25.6158], [113.2083, 25.6917], [113.1566, 25.642], [113.1, 25.6667], [113.0917, 25.5875], [113.0342, 25.5908], [113.0298, 25.5552], [113.0074, 25.5827], [112.8763, 25.5839], [112.8408, 25.5217], [112.6801, 25.5202], [112.6159, 25.4467], [112.5145, 25.4369], [112.4677, 25.4034], [112.4708, 25.35], [112.375, 25.3], [112.4371, 25.1983], [112.4071, 25.1453], [112.3521, 25.1994], [112.2958, 25.1583], [112.2125, 25.2042], [112.184, 25.1865], [112.1131, 24.9688], [112.1708, 24.9292], [112.1375, 24.8083], [112.1578, 24.777], [112.1147, 24.7256], [111.9564, 24.7786], [111.8017, 24.7795], [111.7562, 24.841], [111.6758, 24.8118], [111.6363, 24.6911], [111.5882, 24.7033], [111.5708, 24.65], [111.5233, 24.6413], [111.4631, 24.8946], [111.4125, 24.95], [111.4575, 25.0049], [111.4583, 25.125], [111.4167, 25.0875], [111.3061, 25.1089], [111.2949, 25.1702], [111.2327, 25.1785], [111.2117, 25.2242], [111.1083, 25.2292], [111.1125, 25.2917], [110.9799, 25.2369], [110.8686, 25.2328], [110.7909, 25.1536], [110.7301, 25.1962], [110.7464, 25.2841], [110.7199, 25.3243], [110.6417, 25.3208], [110.6195, 25.266], [110.5583, 25.2875], [110.5741, 25.3577], [110.5167, 25.3875], [110.5005, 25.4396], [110.525, 25.5208], [110.623, 25.5131], [110.6756, 25.5466], [110.6536, 25.6522], [110.6208, 25.6667], [110.6625, 25.7292], [110.6333, 25.825], [110.5299, 25.8341], [110.4631, 25.9145], [110.5285, 25.9759], [110.5625, 26.075], [110.4958, 26.175], [110.3417, 26.0875], [110.277, 26.1047], [110.2292, 26.1833], [110.2042, 26.1583], [110.1125, 26.1833], [110.0417, 26.2792], [109.9089, 26.148], [109.8708, 26.0333], [109.8145, 26.0493], [109.7774, 25.992], [109.7042, 25.9875], [109.6475, 26.0248], [109.6483, 26.058], [109.565, 26.0045], [109.5137, 26.0036], [109.4864, 26.0378], [109.4125, 25.9667], [109.3333, 26.0208], [109.0504, 26.0135], [109.0564, 26.1131]], [[118.0913, 28.9613], [118.0946, 28.9578], [118.0958, 28.9625], [118.0913, 28.9613]], [[105.2792, 27.9292], [105.2792, 27.9292], [105.275, 27.9292], [105.2792, 27.9292]], [[103.1333, 30.1542], [103.133, 30.1566], [103.1342, 30.1507], [103.1333, 30.1542]], [[104.9542, 32.1375], [104.9509, 32.1384], [104.9583, 32.1375], [104.9542, 32.1375]], [[113.7491, 32.0756], [113.7375, 32.075], [113.7375, 32.075], [113.7491, 32.0756]], [[115.9458, 31.0417], [115.9458, 31.0417], [115.9464, 31.0522], [115.9458, 31.0417]], [[110.0583, 30.1375], [110.0583, 30.1375], [110.0542, 30.1375], [110.0583, 30.1375]], [[110.3667, 30.1292], [110.3667, 30.1292], [110.3663, 30.1316], [110.3667, 30.1292]], [[112.3958, 33.8292], [112.3958, 33.8292], [112.398, 33.8285], [112.3958, 33.8292]], [[114.7667, 28.0958], [114.7667, 28.0958], [114.7667, 28.1], [114.7667, 28.0958]]]}}, {"type": "Feature", "properties": {"id": "yellow-river", "name": "Yellow River", "country": "China"}, "geometry": {"type": "Polygon", "coordinates": [[[102.3729, 32.1583], [102.3441, 32.2371], [102.2583, 32.2417], [102.2354, 32.3208], [102.1333, 32.3042], [102.2047, 32.5159], [102.2083, 32.6708], [102.1208, 32.7542], [102.0663, 32.8782], [102.0292, 32.8875], [102.0417, 32.9333], [101.9162, 32.9327], [101.7823, 33.0036], [101.7399, 33.0705], [101.6645, 33.0756], [101.4907, 33.2285], [101.3978, 33.2244], [101.3875, 33.1542], [101.2897, 33.2661], [101.1804, 33.2714], [101.1542, 33.2458], [101.0904, 33.2958], [101.0196, 33.2453], [100.9562, 33.2506], [100.8591, 33.2924], [100.8699, 33.3493], [100.7667, 33.3917], [100.7292, 33.4521], [100.7366, 33.5118], [100.5426, 33.5173], [100.4459, 33.6237], [100.375, 33.65], [100.3333, 33.5042], [100.3617, 33.3674], [100.2804, 33.4006], [100.2184, 33.3746], [100.1983, 33.3045], [99.9716, 33.2118], [99.9625, 33.1792], [99.8667, 33.2542], [99.8493, 33.1092], [99.7708, 33.0833], [99.7042, 33.1083], [99.6292, 33.0625], [99.5625, 33.1], [99.5449, 33.0703], [99.49, 33.0879], [99.4228, 33.0547], [99.3869, 33.1199], [99.2804, 33.1425], [99.2867, 33.1742], [99.217, 33.1934], [99.2333, 33.2333], [99.05, 33.3375], [98.9595, 33.3464], [98.8396, 33.2792], [98.7583, 33.2792], [98.7836, 33.347], [98.7342, 33.4132], [98.7407, 33.4782], [98.6465, 33.5509], [98.6167, 33.7125], [98.5342, 33.7414], [98.5284, 33.7742], [98.4931, 33.766], [98.4617, 33.849], [98.4083, 33.8708], [98.27, 33.8494], [98.2542, 33.9167], [98.0066, 33.9504], [97.95, 33.9417], [97.85, 33.8625], [97.7686, 33.8631], [97.7454, 33.899], [97.7833, 33.9792], [97.7257, 33.9926], [97.6108, 34.2121], [97.5491, 34.1384], [97.475, 34.125], [97.4491, 34.0256], [97.35, 34.0333], [97.3158, 33.9717], [97.2186, 33.9464], [97.1159, 34.0618], [97.0561, 34.0631], [96.9051, 34.1549], [96.9131, 34.1926], [96.8408, 34.316], [96.6125, 34.3], [96.5417, 34.3375], [96.5451, 34.3784], [96.4923, 34.3717], [96.4535, 34.4489], [96.4042, 34.4292], [96.3698, 34.5077], [96.3384, 34.4912], [96.3128, 34.5325], [96.234, 34.5301], [96.2167, 34.5792], [96.1493, 34.5661], [96.05, 34.6667], [95.9964, 34.8424], [95.9089, 34.8967], [95.9798, 35.1448], [96.125, 35.1667], [96.1176, 35.2619], [96.1574, 35.2631], [96.2025, 35.3295], [96.4108, 35.333], [96.4812, 35.2713], [96.6333, 35.2167], [96.7083, 35.3292], [96.7667, 35.3333], [96.8351, 35.4121], [96.8649, 35.4045], [96.9566, 35.4754], [97.04, 35.4371], [97.0967, 35.3509], [97.2517, 35.3121], [97.3032, 35.3339], [97.3275, 35.2913], [97.6066, 35.2545], [97.6121, 35.36], [97.6625, 35.3875], [97.6868, 35.3369], [97.75, 35.3542], [97.95, 35.275], [98.0797, 35.2905], [98.0842, 35.2509], [98.1068, 35.2708], [98.2, 35.225], [98.1799, 35.1633], [98.4164, 35.0743], [98.4497, 35.1075], [98.5937, 35.0715], [98.6417, 35.0917], [98.7328, 35.0324], [98.7375, 34.9875], [98.8083, 34.975], [98.8042, 34.9333], [98.8792, 34.8958], [98.8801, 34.8049], [98.9701, 34.7825], [98.9799, 34.7341], [99.0408, 34.6925], [99.0344, 34.816], [99.0875, 34.8042], [99.1173, 34.8533], [99.025, 34.9417], [98.9754, 35.0434], [99.0337, 35.1608], [99.0917, 35.1708], [98.972, 35.2877], [98.991, 35.399], [99.0642, 35.408], [99.1117, 35.4507], [99.1542, 35.5208], [99.1254, 35.6108], [99.2663, 35.7233], [99.24, 35.7621], [99.1882, 35.7549], [99.1621, 35.7949], [99.1208, 35.7958], [99.125, 35.8854], [99.0667, 35.9708], [99.0837, 36.0059], [98.9385, 36.1426], [99.0503, 36.2343], [99.0663, 36.3191], [98.93, 36.4467], [98.825, 36.6667], [98.709, 36.7009], [98.7708, 36.7667], [98.7, 36.875], [98.7684, 36.9663], [98.8441, 36.9413], [98.8983, 36.9587], [99.0078, 37.0897], [98.9951, 37.1241], [98.9353, 37.1297], [98.7733, 37.233], [98.5875, 37.2792], [98.5375, 37.35], [98.3926, 37.4048], [98.3199, 37.4743], [98.0379, 37.5684], [98.0708, 37.6792], [98.0243, 37.6744], [97.9907, 37.7202], [97.934, 37.7301], [97.9375, 37.7792], [97.8758, 37.809], [97.8125, 37.9125], [97.8716, 38.0159], [98.0783, 38.03], [98.0667, 38.1667], [98.1243, 38.2383], [98.1116, 38.3172], [98.3532, 38.2619], [98.4174, 38.2879], [98.6896, 38.2171], [98.7679, 38.2672], [98.8708, 38.2417], [98.8892, 38.2871], [99.1111, 38.2577], [99.2409, 38.3297], [99.277, 38.2672], [99.5083, 38.25], [99.5368, 38.2036], [99.6189, 38.2036], [99.7934, 38.1212], [99.8483, 38.133], [100.0025, 38.0746], [100.1042, 38.0875], [100.15, 38.0417], [100.2858, 38.0163], [100.3592, 37.959], [100.6441, 37.8871], [100.7092, 37.7675], [100.8142, 37.7254], [100.916, 37.7841], [100.9309, 37.8538], [101.0438, 37.8327], [101.0825, 37.7966], [101.1575, 37.8675], [101.125, 37.9167], [101.1297, 37.9897], [101.1907, 38.0504], [101.1799, 38.0866], [101.2663, 38.2184], [101.3, 38.3625], [101.4733, 38.3837], [101.5042, 38.4667], [101.747, 38.3953], [101.8208, 38.4542], [101.7583, 38.4973], [101.7619, 38.5718], [101.8045, 38.6303], [101.7563, 38.6702], [101.6632, 38.6844], [101.6441, 38.7288], [101.5674, 38.7203], [101.2145, 38.8214], [100.9684, 38.917], [100.8167, 39.0125], [100.7007, 39.1676], [100.7121, 39.3566], [100.6667, 39.4792], [101.0, 39.4583], [101.2708, 39.4792], [101.4191, 39.4496], [101.4417, 39.3958], [101.5535, 39.3866], [101.5708, 39.3375], [101.6674, 39.2633], [101.7324, 39.266], [101.775, 39.2042], [101.9438, 39.2287], [101.9708, 39.1833], [102.0441, 39.1712], [102.1702, 39.2342], [102.1965, 39.3281], [102.2572, 39.3331], [102.3417, 39.45], [102.3843, 39.4453], [102.5228, 39.5244], [102.6667, 39.5417], [102.74, 39.6254], [102.8375, 39.6292], [102.9083, 39.7333], [102.9909, 39.7716], [102.9702, 39.8005], [103.0061, 39.8411], [103.0605, 39.8297], [103.1811, 39.9328], [103.3858, 39.9337], [103.5686, 40.0286], [103.6283, 40.0134], [103.6917, 40.0583], [103.6968, 40.141], [103.7603, 40.1911], [103.8375, 40.1875], [103.875, 40.2292], [103.8756, 40.2866], [103.95, 40.3542], [104.115, 40.392], [104.2115, 40.3827], [104.2292, 40.3208], [104.3754, 40.1975], [104.3301, 40.1171], [104.4672, 40.0946], [104.4792, 40.025], [104.7101, 39.9754], [104.8292, 39.9875], [105.0774, 39.9254], [105.1202, 39.9426], [105.15, 40.0125], [105.2958, 40.0292], [105.334, 40.2031], [105.4788, 40.2517], [105.5048, 40.3646], [105.5422, 40.3863], [105.5208, 40.4833], [105.5417, 40.5458], [105.6708, 40.5458], [105.7458, 40.5042], [105.8792, 40.5667], [106.1, 40.5792], [106.1455, 40.6309], [106.1381, 40.6782], [106.2325, 40.7634], [106.3417, 40.9542], [106.395, 40.9634], [106.4216, 41.0993], [106.5691, 41.0879], [106.7042, 41.2208], [106.6869, 41.2505], [106.7125, 41.2958], [106.8809, 41.4413], [107.1083, 41.4958], [107.1917, 41.4708], [107.2467, 41.5493], [107.3021, 41.5787], [107.3566, 41.567], [107.4267, 41.6496], [107.4896, 41.6088], [107.6074, 41.6174], [107.6708, 41.725], [107.7061, 41.7328], [107.7708, 41.7292], [107.7941, 41.6705], [107.8813, 41.7208], [108.1417, 41.7792], [108.5782, 41.7535], [108.6438, 41.8079], [108.6917, 41.7917], [108.8816, 41.8379], [109.0208, 41.7875], [109.1125, 41.8208], [109.3354, 41.7833], [109.4958, 41.7208], [109.5134, 41.6006], [109.5782, 41.5411], [109.6583, 41.5333], [109.7292, 41.45], [109.65, 41.4083], [109.8705, 41.3619], [110.0108, 41.3746], [110.0216, 41.3049], [110.0635, 41.2674], [110.1917, 41.275], [110.2809, 41.1962], [110.3493, 41.2159], [110.3458, 41.1583], [110.5833, 41.0917], [110.7274, 41.1246], [110.825, 41.05], [110.9451, 41.0964], [111.0208, 41.0625], [111.2525, 41.2462], [111.4875, 41.2], [111.7272, 41.266], [111.7687, 41.2256], [111.825, 41.2042], [111.8739, 41.2253], [111.9155, 41.1916], [111.9258, 41.2492], [111.9583, 41.2542], [111.9292, 41.3292], [111.997, 41.4045], [112.1125, 41.4333], [112.1511, 41.341], [112.2194, 41.3333], [112.2333, 41.2833], [112.3292, 41.275], [112.3812, 41.3125], [112.4604, 41.3163], [112.5631, 41.2528], [112.5343, 41.1883], [112.6535, 41.0782], [112.6343, 41.009], [112.7909, 40.9201], [112.8453, 40.8479], [112.8333, 40.8], [112.9458, 40.7875], [112.8965, 40.727], [112.9871, 40.6684], [112.9532, 40.6007], [112.8879, 40.6108], [112.8839, 40.451], [112.7962, 40.3274], [112.7996, 40.2642], [112.6417, 40.1708], [112.6333, 40.1167], [112.559, 40.0574], [112.6162, 39.9688], [112.6163, 39.876], [112.4533, 39.7841], [112.3909, 39.8047], [112.2603, 39.7578], [112.2125, 39.7125], [112.0333, 39.7875], [111.9833, 39.775], [112.0089, 39.7426], [111.975, 39.6854], [112.0125, 39.6542], [112.1125, 39.6792], [112.1492, 39.6576], [112.1339, 39.5936], [112.2417, 39.4125], [112.2451, 39.38], [112.1828, 39.3451], [112.2252, 39.2821], [112.188, 39.2438], [112.2173, 39.1963], [112.2091, 39.1091], [112.237, 39.1063], [112.2287, 39.0479], [112.1417, 38.8875], [112.1907, 38.8715], [112.3083, 38.9208], [112.2786, 38.8716], [112.3049, 38.73], [112.4333, 38.6833], [112.3125, 38.5667], [112.2875, 38.4792], [112.3283, 38.4491], [112.3325, 38.3883], [112.2292, 38.2583], [112.3284, 38.2203], [112.3647, 38.2453], [112.4125, 38.2125], [112.45, 38.25], [112.5051, 38.2328], [112.5208, 38.2667], [112.5728, 38.1797], [112.6491, 38.1923], [112.69, 38.2379], [112.8076, 38.2133], [112.8083, 38.2542], [112.95, 38.2167], [112.9125, 38.15], [112.8458, 38.125], [112.8676, 38.0465], [112.998, 38.0172], [113.027, 38.0578], [113.2205, 38.0906], [113.2868, 37.9949], [113.25, 37.9417], [113.2509, 37.7967], [113.3025, 37.7496], [113.4333, 37.7583], [113.5295, 37.66], [113.4545, 37.5525], [113.4618, 37.5176], [113.4125, 37.4583], [113.3667, 37.4542], [113.3702, 37.3926], [113.3417, 37.3667], [113.1326, 37.4297], [112.9392, 37.3413], [112.8875, 37.35], [112.8259, 37.3033], [112.7917, 37.2125], [112.6634, 37.216], [112.6783, 37.1509], [112.4673, 36.9563], [112.5369, 36.8897], [112.5167, 36.85], [112.5375, 36.8], [112.4833, 36.7333], [112.4795, 36.6767], [112.5292, 36.6458], [112.4708, 36.575], [112.4993, 36.5324], [112.4744, 36.472], [112.4964, 36.4201], [112.4417, 36.3375], [112.4636, 36.2631], [112.5574, 36.2577], [112.5509, 36.2173], [112.6452, 36.1824], [112.6125, 36.0625], [112.6784, 36.0036], [112.8741, 35.9743], [112.9042, 35.9208], [113.0042, 35.9375], [113.1409, 35.8703], [113.2533, 35.8911], [113.2875, 35.8708], [113.2833, 35.8125], [113.4246, 35.7774], [113.3708, 35.6833], [113.3167, 35.675], [113.3113, 35.6126], [113.2583, 35.55], [113.0917, 35.4375], [112.9994, 35.1909], [113.0006, 35.1228], [113.0436, 35.0756], [113.1816, 35.0538], [113.3284, 35.1297], [113.3917, 35.125], [113.4978, 35.0256], [113.6, 34.9917], [113.6833, 35.025], [113.7101, 35.0705], [113.845, 35.0881], [113.8703, 35.1696], [114.0479, 35.3244], [114.2358, 35.3879], [114.3208, 35.4583], [114.3662, 35.4369], [114.5035, 35.4803], [114.6472, 35.6923], [114.751, 35.6369], [114.8617, 35.6952], [114.9208, 35.6458], [114.9504, 35.7405], [115.0993, 35.7717], [115.1667, 35.825], [115.1542, 35.7375], [115.2284, 35.7298], [115.3824, 35.8212], [115.4591, 35.916], [115.5333, 35.9125], [115.6854, 36.0077], [115.7855, 36.0214], [115.8004, 36.0816], [115.9051, 36.1494], [116.0075, 36.13], [116.0911, 36.201], [116.1131, 36.2512], [116.0924, 36.3032], [116.1193, 36.3292], [116.1375, 36.3083], [116.1595, 36.3381], [116.2958, 36.3458], [116.3542, 36.3917], [116.4524, 36.3879], [116.5422, 36.4554], [116.6137, 36.6123], [116.6822, 36.6456], [116.734, 36.7241], [116.8455, 36.7881], [116.9657, 36.7661], [117.0491, 36.8216], [117.1698, 36.9627], [117.1841, 37.066], [117.3188, 37.1042], [117.3708, 37.1625], [117.3937, 37.1421], [117.4821, 37.1619], [117.5562, 37.241], [117.6691, 37.2962], [117.8704, 37.3077], [117.9103, 37.366], [118.1326, 37.3965], [118.2884, 37.6325], [118.3851, 37.6705], [118.4578, 37.6593], [118.525, 37.7958], [118.6542, 37.7375], [118.7083, 37.8042], [118.7708, 37.8125], [118.776, 37.8494], [118.8325, 37.8342], [118.9333, 37.8958], [119.0368, 37.7953], [119.0573, 37.8128], [119.1313, 37.763], [119.175, 37.7708], [119.1783, 37.7372], [119.0925, 37.7533], [119.0813, 37.716], [118.9667, 37.7458], [118.9444, 37.6619], [118.7392, 37.708], [118.6342, 37.6244], [118.6494, 37.5884], [118.5384, 37.5743], [118.5274, 37.542], [118.3423, 37.5492], [118.3241, 37.4717], [118.2672, 37.4189], [118.2604, 37.3208], [118.2125, 37.3292], [118.1674, 37.2786], [118.0895, 37.3119], [117.9022, 37.2048], [117.8194, 37.2208], [117.707, 37.1709], [117.6302, 37.184], [117.6102, 37.1073], [117.4801, 37.0701], [117.4382, 37.0244], [117.3842, 37.0284], [117.3576, 36.9634], [117.2875, 36.9583], [117.1632, 36.8157], [117.1547, 36.7436], [117.1881, 36.6882], [117.1288, 36.6142], [117.1508, 36.5507], [117.2333, 36.5708], [117.3167, 36.5333], [117.338, 36.5113], [117.3042, 36.4708], [117.3782, 36.4328], [117.6699, 36.591], [117.7788, 36.5024], [117.75, 36.4083], [117.7673, 36.376], [117.8235, 36.3833], [117.8333, 36.35], [117.8792, 36.35], [117.9009, 36.2712], [117.9657, 36.2702], [117.9577, 36.2052], [117.9089, 36.1939], [117.9083, 36.1208], [117.959, 36.0903], [117.95, 36.0208], [118.0089, 35.9968], [117.9923, 35.9093], [117.9542, 35.8708], [117.875, 35.8833], [117.7292, 35.7125], [117.601, 35.7551], [117.5292, 35.8375], [117.4438, 35.7715], [117.2896, 35.8042], [117.2271, 35.7708], [117.0564, 35.8244], [117.0092, 35.8048], [116.978, 35.8544], [116.8385, 35.8619], [116.8022, 35.891], [116.7458, 35.8708], [116.6667, 35.9083], [116.4458, 35.8667], [116.3074, 35.7507], [116.0267, 35.6996], [115.9463, 35.5967], [115.8375, 35.5583], [115.8125, 35.5917], [115.7671, 35.5535], [115.5557, 35.55], [115.512, 35.4994], [115.3789, 35.47], [115.2967, 35.3828], [115.2057, 35.3673], [115.1329, 35.2343], [115.022, 35.2381], [114.9574, 35.1506], [114.9167, 35.1458], [114.8958, 35.0125], [114.7966, 34.9368], [114.7816, 34.8754], [114.6483, 34.8538], [114.3412, 34.8965], [114.3, 34.8542], [114.0066, 34.8837], [113.9949, 34.8506], [113.9008, 34.8451], [113.8875, 34.7958], [113.8022, 34.8619], [113.5674, 34.8574], [113.5083, 34.7125], [113.4333, 34.6792], [113.4167, 34.5875], [113.1625, 34.6042], [113.1083, 34.5625], [112.977, 34.5578], [112.9108, 34.4754], [112.825, 34.4792], [112.8201, 34.3716], [112.5395, 34.3161], [112.4875, 34.2958], [112.4667, 34.2292], [112.3542, 34.2167], [112.3196, 34.1328], [112.2717, 34.1285], [111.9922, 33.9272], [112.0333, 33.8542], [111.9712, 33.8233], [111.9741, 33.7342], [111.8583, 33.7208], [111.8, 33.6583], [111.6189, 33.7244], [111.3884, 33.7592], [111.3327, 33.8421], [111.3542, 33.8917], [111.4958, 33.8958], [111.4833, 33.9542], [111.4064, 33.9911], [111.2583, 33.9292], [111.1792, 33.9458], [111.1743, 33.9091], [111.0458, 33.8667], [110.8333, 33.9], [110.8458, 33.8208], [110.7958, 33.7708], [110.6605, 33.8536], [110.4383, 33.88], [110.3917, 33.9458], [110.2276, 33.9833], [110.0937, 33.9756], [110.0834, 34.0529], [109.8368, 34.1881], [109.7272, 34.1089], [109.6384, 34.1036], [109.6121, 34.0434], [109.6324, 34.0132], [109.5792, 33.9583], [109.5911, 33.9061], [109.5, 33.85], [109.1333, 33.875], [109.0409, 33.9256], [108.8375, 33.8167], [108.7833, 33.8583], [108.7555, 33.8327], [108.6434, 33.8413], [108.5792, 33.7667], [108.4897, 33.8036], [108.4083, 33.7667], [108.3417, 33.7958], [108.1816, 33.7129], [108.0542, 33.7083], [107.8917, 33.75], [107.827, 33.7006], [107.8125, 33.7604], [107.7295, 33.8309], [107.7033, 33.9327], [107.6233, 33.9121], [107.392, 33.9642], [107.4495, 34.1188], [107.4022, 34.1578], [107.1243, 34.1672], [107.0853, 34.1214], [107.0326, 34.1992], [106.8958, 34.2958], [106.7784, 34.3006], [106.6647, 34.2506], [106.5866, 34.2536], [106.476, 34.3004], [106.4333, 34.4167], [106.3524, 34.433], [106.2583, 34.375], [106.1437, 34.4369], [106.0959, 34.4029], [106.1048, 34.3723], [106.0191, 34.3254], [105.9467, 34.3299], [105.8762, 34.3881], [105.8042, 34.3708], [105.8034, 34.3465], [105.7079, 34.384], [105.6472, 34.366], [105.567, 34.4225], [105.575, 34.4917], [105.3833, 34.4625], [105.2909, 34.5256], [105.2368, 34.4994], [105.1436, 34.5286], [105.1076, 34.4633], [104.9841, 34.4282], [104.953, 34.379], [104.8188, 34.3713], [104.7895, 34.4203], [104.6833, 34.35], [104.6858, 34.2379], [104.5646, 34.2], [104.4517, 34.2254], [104.4203, 34.3314], [104.3658, 34.3369], [104.3577, 34.3699], [104.2895, 34.3828], [104.2675, 34.3536], [104.2, 34.3792], [104.1083, 34.3208], [104.1616, 34.2131], [104.072, 34.1964], [104.0292, 34.1292], [103.8741, 34.2797], [103.7282, 34.2922], [103.6592, 34.2451], [103.6564, 34.1881], [103.5066, 34.1663], [103.3934, 34.1962], [103.3615, 34.266], [103.2125, 34.3042], [103.1063, 34.2667], [102.8833, 34.3167], [102.8574, 34.2758], [102.7976, 34.2788], [102.775, 34.2417], [102.7083, 34.2375], [102.5759, 34.1575], [102.5292, 34.0875], [102.5825, 34.0868], [102.6083, 34.0208], [102.7174, 34.0036], [102.7866, 34.0464], [102.8858, 34.0413], [102.9375, 33.9833], [103.05, 33.9667], [103.0208, 33.9125], [103.1583, 33.8083], [103.0871, 33.7691], [103.1547, 33.6446], [103.1462, 33.5517], [103.2547, 33.3801], [103.2464, 33.3061], [103.3006, 33.2343], [103.3, 33.1708], [103.3563, 33.1338], [103.4027, 33.1583], [103.4078, 33.1311], [103.3375, 32.9], [103.3153, 32.9166], [103.2083, 32.825], [103.0983, 32.908], [102.975, 32.875], [102.95, 32.8167], [102.9661, 32.7353], [102.8298, 32.6615], [102.8327, 32.5802], [102.7744, 32.5132], [102.7875, 32.475], [102.5387, 32.4244], [102.5074, 32.4547], [102.4788, 32.4225], [102.4917, 32.3833], [102.4375, 32.3313], [102.4493, 32.2676], [102.4073, 32.1837], [102.3729, 32.1583]], [[99.923, 37.8328], [99.9167, 37.8333], [99.9167, 37.8333], [99.923, 37.8328]], [[99.45, 37.8958], [99.4395, 37.8965], [99.4625, 37.8958], [99.45, 37.8958]]]}}, {"type": "Feature", "properties": {"id": "pearl", "name": "Pearl", "country": "China"}, "geometry": {"type": "Polygon", "coordinates": [[[103.3061, 23.2172], [103.2878, 23.2238], [103.2785, 23.2051], [103.2441, 23.1879], [103.2007, 23.201], [103.1993, 23.2242], [103.1841, 23.2258], [103.1827, 23.2408], [103.199, 23.2424], [103.2048, 23.267], [103.1917, 23.2958], [103.1333, 23.3167], [103.1244, 23.3741], [103.1116, 23.3869], [103.0958, 23.3875], [103.095, 23.3961], [103.0875, 23.3917], [103.0701, 23.4006], [103.0399, 23.3879], [103.0203, 23.3929], [103.0423, 23.4296], [103.0365, 23.4409], [103.0258, 23.4425], [103.0197, 23.4794], [102.9425, 23.4783], [102.9, 23.4292], [102.8592, 23.4158], [102.8397, 23.4006], [102.8292, 23.4], [102.8203, 23.4257], [102.8297, 23.4591], [102.8158, 23.4743], [102.8034, 23.4756], [102.773, 23.4547], [102.7387, 23.4536], [102.7326, 23.4631], [102.6884, 23.441], [102.6824, 23.4299], [102.6387, 23.4203], [102.6299, 23.4258], [102.6298, 23.448], [102.6423, 23.463], [102.6367, 23.4785], [102.6187, 23.4798], [102.5994, 23.507], [102.6327, 23.5395], [102.634, 23.5527], [102.6119, 23.5628], [102.6206, 23.5818], [102.6092, 23.5789], [102.599, 23.6036], [102.5542, 23.6], [102.5587, 23.6225], [102.55, 23.6417], [102.5145, 23.6464], [102.4708, 23.6708], [102.4375, 23.6667], [102.4147, 23.6911], [102.3804, 23.6869], [102.3661, 23.7049], [102.3658, 23.7285], [102.3417, 23.7375], [102.3411, 23.7533], [102.3287, 23.7602], [102.3493, 23.7717], [102.3542, 23.7958], [102.3708, 23.7958], [102.3759, 23.7842], [102.4313, 23.7505], [102.4407, 23.7589], [102.4604, 23.7505], [102.474, 23.7631], [102.4853, 23.7547], [102.5076, 23.7589], [102.5229, 23.7505], [102.5659, 23.7589], [102.6105, 23.7547], [102.6353, 23.7828], [102.675, 23.7792], [102.6833, 23.825], [102.6542, 23.8417], [102.6493, 23.8616], [102.6382, 23.8676], [102.6325, 23.9034], [102.6062, 23.9048], [102.5993, 23.9284], [102.577, 23.934], [102.5563, 23.9535], [102.5216, 23.9633], [102.5201, 23.9823], [102.5042, 24.0], [102.4759, 23.97], [102.475, 23.9542], [102.4438, 23.9458], [102.4108, 23.9504], [102.3983, 23.9379], [102.3833, 23.9375], [102.3828, 23.9522], [102.3672, 23.9686], [102.3618, 24.0116], [102.3395, 24.0172], [102.3217, 24.0342], [102.337, 24.0604], [102.3214, 24.077], [102.316, 24.1075], [102.2992, 24.1036], [102.2583, 24.1208], [102.2629, 24.1441], [102.2875, 24.1708], [102.2743, 24.1797], [102.2555, 24.1707], [102.2536, 24.1757], [102.2583, 24.1917], [102.2951, 24.2091], [102.3202, 24.2384], [102.3214, 24.2549], [102.3088, 24.2854], [102.3161, 24.2936], [102.3167, 24.3333], [102.3245, 24.3479], [102.3006, 24.3772], [102.324, 24.4047], [102.3402, 24.4], [102.3542, 24.4125], [102.3496, 24.4225], [102.3621, 24.4476], [102.3583, 24.475], [102.374, 24.4756], [102.3887, 24.5006], [102.4314, 24.4964], [102.4618, 24.5172], [102.5022, 24.5089], [102.5125, 24.5208], [102.5283, 24.5214], [102.5478, 24.5453], [102.5958, 24.55], [102.6061, 24.5619], [102.6208, 24.5625], [102.6412, 24.5521], [102.6424, 24.5092], [102.6491, 24.5036], [102.6618, 24.5089], [102.6869, 24.4949], [102.6875, 24.475], [102.7605, 24.4922], [102.786, 24.5208], [102.7926, 24.5089], [102.8158, 24.5092], [102.8083, 24.5375], [102.7925, 24.5425], [102.7869, 24.5534], [102.7964, 24.5826], [102.7921, 24.5938], [102.8077, 24.6134], [102.809, 24.6323], [102.8208, 24.6417], [102.8167, 24.6667], [102.825, 24.6833], [102.8449, 24.6921], [102.8579, 24.7104], [102.8505, 24.7229], [102.8589, 24.7397], [102.902, 24.7619], [102.9333, 24.7667], [102.9, 24.7917], [102.9119, 24.8051], [102.9125, 24.8417], [102.923, 24.8423], [102.9369, 24.8604], [102.9465, 24.9199], [102.9384, 24.9244], [102.9614, 24.9206], [102.9667, 24.9292], [102.9583, 24.9792], [102.9774, 24.9837], [102.9996, 25.0101], [103.0244, 25.0562], [103.0466, 25.1243], [103.0708, 25.1292], [103.0798, 25.1647], [103.095, 25.1716], [103.096, 25.1947], [103.1104, 25.2036], [103.1175, 25.1994], [103.1572, 25.2252], [103.1667, 25.2458], [103.1828, 25.2561], [103.1924, 25.2824], [103.227, 25.2994], [103.2575, 25.3009], [103.2708, 25.3417], [103.2866, 25.3411], [103.2936, 25.3297], [103.3158, 25.3285], [103.3261, 25.3122], [103.3647, 25.3203], [103.4042, 25.2917], [103.4216, 25.324], [103.4337, 25.3366], [103.4617, 25.3466], [103.4729, 25.3708], [103.5066, 25.3496], [103.5292, 25.3625], [103.5576, 25.3492], [103.559, 25.3353], [103.5726, 25.3212], [103.6413, 25.2983], [103.6504, 25.2809], [103.6496, 25.2559], [103.642, 25.2483], [103.6417, 25.2292], [103.6479, 25.2256], [103.6742, 25.2299], [103.6793, 25.2447], [103.7113, 25.2584], [103.7288, 25.2892], [103.7208, 25.3014], [103.7298, 25.3255], [103.7033, 25.3535], [103.6803, 25.3585], [103.6701, 25.3992], [103.6427, 25.3952], [103.6411, 25.4047], [103.6466, 25.4199], [103.6576, 25.4258], [103.6708, 25.4708], [103.6548, 25.476], [103.6536, 25.4897], [103.6417, 25.5], [103.6586, 25.5367], [103.6742, 25.5383], [103.675, 25.5458], [103.6559, 25.5455], [103.6358, 25.5295], [103.5896, 25.5296], [103.5741, 25.5535], [103.55, 25.5667], [103.55, 25.5833], [103.5897, 25.5881], [103.6012, 25.6042], [103.6088, 25.5994], [103.6243, 25.605], [103.625, 25.6167], [103.6355, 25.609], [103.6492, 25.6176], [103.6591, 25.6534], [103.6826, 25.6635], [103.6885, 25.6826], [103.7542, 25.7], [103.7542, 25.7333], [103.7647, 25.7339], [103.7839, 25.7551], [103.7745, 25.7928], [103.8083, 25.825], [103.8327, 25.8604], [103.8342, 25.8753], [103.8396, 25.8714], [103.8465, 25.8795], [103.8417, 25.9354], [103.85, 25.9417], [103.8494, 25.9741], [103.8091, 25.9675], [103.8036, 26.0007], [103.8131, 26.028], [103.808, 26.0684], [103.8167, 26.0813], [103.7921, 26.1063], [103.7921, 26.1188], [103.8037, 26.1312], [103.784, 26.1426], [103.7917, 26.175], [103.8054, 26.1494], [103.8272, 26.1506], [103.8407, 26.1549], [103.8533, 26.1797], [103.8814, 26.1756], [103.9375, 26.1958], [103.9384, 26.2327], [103.9909, 26.2506], [104.0012, 26.2411], [104.0208, 26.2458], [104.0215, 26.2533], [104.0452, 26.2676], [104.051, 26.2913], [104.0746, 26.3184], [104.0451, 26.3381], [104.0116, 26.3328], [103.9967, 26.3425], [103.9913, 26.3532], [103.975, 26.3583], [103.9838, 26.3783], [103.9633, 26.3799], [103.9542, 26.4042], [103.9449, 26.3965], [103.9118, 26.3953], [103.8842, 26.4006], [103.8693, 26.4208], [103.8417, 26.4208], [103.8744, 26.4562], [103.8756, 26.4897], [103.8841, 26.4993], [103.8992, 26.5007], [103.9045, 26.5158], [103.9157, 26.5174], [103.9212, 26.5725], [103.9163, 26.5934], [103.9316, 26.6004], [103.9479, 26.625], [103.966, 26.6217], [103.9667, 26.6625], [104.0076, 26.6385], [104.0119, 26.6563], [104.005, 26.6782], [104.0259, 26.7116], [104.037, 26.7173], [104.0563, 26.7119], [104.0867, 26.6992], [104.0885, 26.6869], [104.0926, 26.6949], [104.1125, 26.7], [104.1131, 26.7105], [104.1253, 26.7178], [104.1202, 26.7449], [104.0869, 26.7718], [104.0958, 26.7917], [104.1108, 26.8004], [104.1625, 26.7917], [104.1625, 26.775], [104.1941, 26.7788], [104.225, 26.7667], [104.241, 26.777], [104.2424, 26.7909], [104.2579, 26.7965], [104.2784, 26.7823], [104.2799, 26.7677], [104.3108, 26.7705], [104.3229, 26.7583], [104.3417, 26.7583], [104.3464, 26.7743], [104.3366, 26.795], [104.3286, 26.797], [104.35, 26.825], [104.3842, 26.7967], [104.4284, 26.7744], [104.4534, 26.7839], [104.4866, 26.7783], [104.5, 26.7667], [104.5157, 26.7702], [104.5311, 26.7506], [104.5667, 26.7375], [104.5825, 26.7409], [104.5978, 26.7214], [104.6408, 26.6991], [104.705, 26.6342], [104.7411, 26.6116], [104.7782, 26.5661], [104.7943, 26.5708], [104.8729, 26.5298], [104.9371, 26.5077], [104.9506, 26.5093], [104.9458, 26.5321], [104.9704, 26.5423], [105.02, 26.5283], [105.0292, 26.5042], [105.0575, 26.5007], [105.0536, 26.5483], [105.0757, 26.5411], [105.0834, 26.5473], [105.0631, 26.5895], [105.0634, 26.5994], [105.0775, 26.5996], [105.1163, 26.5441], [105.1299, 26.5009], [105.1494, 26.4855], [105.1587, 26.4559], [105.1705, 26.4441], [105.1841, 26.3925], [105.2167, 26.3875], [105.2506, 26.3177], [105.2672, 26.3052], [105.2632, 26.2884], [105.2782, 26.2745], [105.28, 26.287], [105.3, 26.3], [105.3203, 26.2689], [105.326, 26.2379], [105.3375, 26.2292], [105.395, 26.2049], [105.4242, 26.2258], [105.4258, 26.2532], [105.4488, 26.2626], [105.4657, 26.2495], [105.475, 26.2583], [105.4925, 26.2342], [105.5201, 26.2203], [105.5521, 26.2329], [105.5618, 26.2283], [105.5759, 26.2009], [105.5875, 26.1958], [105.6329, 26.2176], [105.6534, 26.2381], [105.6829, 26.2157], [105.6968, 26.1839], [105.7326, 26.1578], [105.7532, 26.159], [105.7728, 26.1828], [105.8292, 26.1958], [105.8417, 26.25], [105.8603, 26.2619], [105.8866, 26.2631], [105.9142, 26.283], [105.9792, 26.3042], [105.9834, 26.2763], [106.0063, 26.2506], [106.0367, 26.2669], [106.0381, 26.2478], [106.0504, 26.2303], [106.0462, 26.2017], [106.0583, 26.1625], [106.0743, 26.1672], [106.1033, 26.159], [106.1103, 26.1703], [106.1603, 26.1953], [106.2049, 26.1911], [106.2199, 26.2004], [106.23, 26.2325], [106.2405, 26.2422], [106.2507, 26.2286], [106.2991, 26.2366], [106.3103, 26.2214], [106.3333, 26.2125], [106.3125, 26.1625], [106.3314, 26.162], [106.3406, 26.1536], [106.3644, 26.1786], [106.4333, 26.1833], [106.4285, 26.1954], [106.4506, 26.2204], [106.4425, 26.2451], [106.4753, 26.2509], [106.4717, 26.2659], [106.4854, 26.2703], [106.5034, 26.2633], [106.5094, 26.2871], [106.5241, 26.3006], [106.545, 26.2911], [106.5742, 26.2925], [106.5875, 26.3271], [106.5747, 26.3511], [106.5881, 26.3757], [106.5828, 26.3905], [106.5911, 26.3926], [106.5917, 26.4125], [106.6147, 26.4119], [106.6312, 26.4006], [106.6782, 26.4048], [106.6805, 26.4131], [106.6927, 26.391], [106.7032, 26.3924], [106.7188, 26.4078], [106.75, 26.4], [106.7621, 26.4142], [106.7625, 26.4292], [106.7739, 26.4247], [106.7868, 26.4381], [106.8191, 26.4121], [106.8441, 26.4212], [106.8538, 26.4149], [106.8535, 26.401], [106.8244, 26.3713], [106.825, 26.3472], [106.8409, 26.3409], [106.85, 26.3167], [106.8333, 26.3068], [106.8547, 26.2807], [106.8395, 26.2828], [106.8257, 26.2741], [106.8244, 26.2618], [106.8333, 26.2458], [106.866, 26.2616], [106.8583, 26.2167], [106.875, 26.2083], [106.9022, 26.2089], [106.9284, 26.2301], [106.9299, 26.2409], [106.9741, 26.2339], [106.9917, 26.25], [107.0024, 26.2496], [107.0125, 26.2458], [107.017, 26.2059], [107.0441, 26.1837], [107.0684, 26.2205], [107.0899, 26.2254], [107.1066, 26.242], [107.1271, 26.2375], [107.1417, 26.25], [107.1549, 26.2825], [107.1661, 26.2842], [107.1803, 26.3124], [107.1968, 26.3242], [107.22, 26.3381], [107.2647, 26.334], [107.2938, 26.3536], [107.3079, 26.3548], [107.325, 26.3458], [107.3174, 26.3175], [107.345, 26.3033], [107.3583, 26.2667], [107.3524, 26.2587], [107.3108, 26.2629], [107.2708, 26.25], [107.2708, 26.2417], [107.3089, 26.2091], [107.2786, 26.1759], [107.2895, 26.1589], [107.3077, 26.1533], [107.3083, 26.1375], [107.3617, 26.1382], [107.3696, 26.1542], [107.3913, 26.1494], [107.4355, 26.1577], [107.4542, 26.1446], [107.4592, 26.1299], [107.4754, 26.1283], [107.4677, 26.1082], [107.4896, 26.1131], [107.4965, 26.1241], [107.5189, 26.1244], [107.5467, 26.1007], [107.5667, 26.0958], [107.5667, 26.0833], [107.5825, 26.0783], [107.5875, 26.0583], [107.5939, 26.0589], [107.6312, 26.087], [107.6646, 26.0796], [107.6746, 26.0843], [107.6842, 26.1077], [107.7292, 26.125], [107.7288, 26.1559], [107.7417, 26.2042], [107.7667, 26.2042], [107.7804, 26.1786], [107.7884, 26.1869], [107.8116, 26.1884], [107.8135, 26.1951], [107.8742, 26.2132], [107.88, 26.2288], [107.895, 26.2341], [107.9083, 26.2625], [107.9129, 26.3024], [107.9625, 26.3583], [107.9909, 26.3492], [107.9928, 26.3372], [108.0208, 26.3417], [108.0343, 26.3212], [108.0532, 26.316], [108.059, 26.3009], [108.0792, 26.2875], [108.1017, 26.3121], [108.1191, 26.317], [108.1524, 26.3163], [108.1667, 26.3042], [108.1811, 26.3161], [108.2283, 26.3285], [108.2381, 26.3174], [108.234, 26.2883], [108.2452, 26.2867], [108.2619, 26.2688], [108.2635, 26.2507], [108.2792, 26.25], [108.3034, 26.2756], [108.3814, 26.2672], [108.4061, 26.2911], [108.4667, 26.3125], [108.4785, 26.3063], [108.48, 26.2914], [108.5112, 26.3083], [108.5175, 26.2925], [108.5529, 26.275], [108.583, 26.3017], [108.5755, 26.3563], [108.5879, 26.374], [108.6076, 26.3842], [108.5963, 26.4146], [108.6327, 26.4509], [108.6375, 26.4833], [108.6458, 26.4875], [108.67, 26.4783], [108.6709, 26.464], [108.6907, 26.4535], [108.6965, 26.4343], [108.7083, 26.425], [108.7175, 26.4366], [108.7413, 26.4426], [108.7568, 26.4667], [108.7708, 26.4542], [108.7672, 26.4228], [108.8036, 26.3897], [108.7551, 26.3412], [108.7631, 26.2995], [108.7083, 26.2667], [108.6994, 26.2426], [108.7134, 26.2215], [108.7283, 26.2202], [108.7417, 26.2042], [108.7333, 26.1833], [108.7576, 26.1742], [108.7583, 26.1667], [108.775, 26.175], [108.8022, 26.1703], [108.8243, 26.1453], [108.8625, 26.1625], [108.8708, 26.1375], [108.9103, 26.1578], [108.948, 26.1631], [108.9939, 26.1869], [109.0208, 26.1667], [109.0083, 26.1438], [109.0095, 26.0996], [109.0625, 26.1167], [109.0705, 26.0851], [109.0455, 26.0517], [109.0456, 26.0197], [109.0542, 26.0125], [109.0826, 26.0172], [109.1199, 26.0091], [109.1259, 26.0202], [109.1491, 26.0297], [109.1772, 26.0286], [109.1866, 26.0203], [109.2066, 26.0246], [109.2267, 26.0129], [109.2483, 26.0205], [109.2792, 26.0042], [109.3333, 26.0208], [109.3672, 26.0009], [109.3619, 25.9882], [109.3717, 25.9756], [109.4125, 25.9667], [109.4746, 26.0184], [109.475, 26.0333], [109.499, 26.0327], [109.5137, 26.0036], [109.565, 26.0045], [109.5809, 26.0246], [109.6316, 26.0587], [109.6542, 26.0542], [109.6475, 26.0248], [109.6562, 26.0172], [109.6782, 26.0253], [109.68, 26.013], [109.7042, 25.9875], [109.7212, 25.9941], [109.7167, 26.0021], [109.7233, 26.0087], [109.7691, 25.9879], [109.783, 25.9975], [109.7879, 26.0191], [109.8145, 26.0493], [109.8534, 26.0503], [109.8551, 26.0339], [109.8708, 26.0333], [109.8871, 26.0601], [109.8879, 26.0858], [109.8991, 26.1009], [109.8958, 26.1125], [109.9089, 26.148], [109.9575, 26.1925], [109.9797, 26.2314], [110.0134, 26.2658], [110.0417, 26.2792], [110.0536, 26.273], [110.0674, 26.2217], [110.0908, 26.2116], [110.0958, 26.1958], [110.1125, 26.1833], [110.1316, 26.1913], [110.1417, 26.1667], [110.2042, 26.1583], [110.2292, 26.1833], [110.2292, 26.1708], [110.2619, 26.1397], [110.2637, 26.1171], [110.277, 26.1047], [110.3243, 26.0953], [110.3358, 26.0996], [110.3417, 26.0875], [110.3608, 26.0879], [110.4059, 26.1246], [110.4167, 26.125], [110.425, 26.15], [110.4781, 26.1839], [110.5163, 26.1574], [110.5214, 26.1507], [110.5164, 26.1261], [110.5517, 26.0879], [110.5625, 26.0875], [110.5625, 26.075], [110.5453, 26.0436], [110.525, 26.025], [110.5285, 25.9759], [110.5132, 25.9658], [110.499, 25.9381], [110.4875, 25.9375], [110.4816, 25.917], [110.4631, 25.9145], [110.4886, 25.8796], [110.5176, 25.8508], [110.5284, 25.8492], [110.5299, 25.8341], [110.5816, 25.8413], [110.5941, 25.8371], [110.6042, 25.8208], [110.6333, 25.825], [110.6417, 25.8], [110.6328, 25.7865], [110.6619, 25.7397], [110.6536, 25.702], [110.6259, 25.6825], [110.6208, 25.6667], [110.6491, 25.6619], [110.6536, 25.6522], [110.6714, 25.5924], [110.6619, 25.5801], [110.674, 25.5425], [110.623, 25.5131], [110.6157, 25.5203], [110.525, 25.5208], [110.5297, 25.5007], [110.5078, 25.4674], [110.512, 25.4604], [110.5005, 25.4396], [110.509, 25.4092], [110.5161, 25.4074], [110.5167, 25.3875], [110.5542, 25.3833], [110.5542, 25.3667], [110.5741, 25.3577], [110.5629, 25.3358], [110.5619, 25.3134], [110.5536, 25.3113], [110.5583, 25.2875], [110.5903, 25.2881], [110.6008, 25.2674], [110.6195, 25.266], [110.6465, 25.3046], [110.6417, 25.3208], [110.6649, 25.317], [110.6934, 25.3288], [110.7199, 25.3243], [110.7411, 25.3064], [110.7464, 25.2841], [110.7331, 25.2636], [110.741, 25.2616], [110.745, 25.2467], [110.7257, 25.2366], [110.7213, 25.2229], [110.7301, 25.1962], [110.7909, 25.1536], [110.8167, 25.1542], [110.8458, 25.2083], [110.8686, 25.2328], [110.9108, 25.242], [110.9799, 25.2369], [111.0147, 25.2464], [111.0217, 25.2577], [111.0716, 25.2714], [111.0771, 25.2671], [111.0879, 25.2824], [111.1125, 25.2917], [111.1042, 25.2792], [111.1129, 25.2392], [111.1083, 25.2292], [111.1649, 25.233], [111.1733, 25.2246], [111.1941, 25.2295], [111.2117, 25.2242], [111.2173, 25.1979], [111.2327, 25.1785], [111.2445, 25.1833], [111.251, 25.1716], [111.2688, 25.1673], [111.2949, 25.1702], [111.2875, 25.1208], [111.3061, 25.1089], [111.3326, 25.0994], [111.3701, 25.1047], [111.378, 25.0997], [111.3803, 25.1086], [111.4121, 25.099], [111.4167, 25.0875], [111.4434, 25.1205], [111.4583, 25.125], [111.4714, 25.1113], [111.4539, 25.097], [111.4667, 25.0917], [111.4663, 25.0851], [111.4462, 25.0649], [111.4417, 25.0479], [111.4583, 25.0375], [111.4575, 25.0049], [111.4425, 25.0034], [111.4409, 24.9925], [111.4215, 24.9813], [111.4125, 24.95], [111.4267, 24.9295], [111.445, 24.9285], [111.4467, 24.9009], [111.4631, 24.8946], [111.4619, 24.8759], [111.4536, 24.8737], [111.4672, 24.8423], [111.4631, 24.8228], [111.4743, 24.8078], [111.4868, 24.8158], [111.4961, 24.7845], [111.4869, 24.7821], [111.4924, 24.7551], [111.5162, 24.7313], [111.5214, 24.6674], [111.5125, 24.6542], [111.5233, 24.6413], [111.54, 24.6504], [111.5708, 24.65], [111.5714, 24.6689], [111.5882, 24.7033], [111.6363, 24.6911], [111.642, 24.71], [111.6375, 24.7292], [111.6494, 24.7395], [111.6548, 24.758], [111.6498, 24.7657], [111.6623, 24.7676], [111.6702, 24.7812], [111.6758, 24.8118], [111.7201, 24.8132], [111.7216, 24.8281], [111.7562, 24.841], [111.7756, 24.8321], [111.7756, 24.802], [111.7833, 24.7875], [111.8017, 24.7795], [111.8158, 24.7798], [111.825, 24.7917], [111.8667, 24.7833], [111.875, 24.7625], [111.8866, 24.7714], [111.9147, 24.7703], [111.9241, 24.7619], [111.9564, 24.7786], [111.9686, 24.7672], [112.0, 24.7667], [112.015, 24.7455], [112.0313, 24.75], [112.0491, 24.741], [112.0583, 24.725], [112.1147, 24.7256], [112.1578, 24.777], [112.1574, 24.7868], [112.1426, 24.7921], [112.1375, 24.8083], [112.1621, 24.8642], [112.1708, 24.9292], [112.1119, 24.9552], [112.1131, 24.9688], [112.1174, 24.9909], [112.1381, 25.0034], [112.1256, 25.0313], [112.1621, 25.0892], [112.184, 25.1865], [112.2125, 25.2042], [112.2217, 25.1925], [112.2458, 25.1875], [112.2509, 25.1715], [112.2907, 25.166], [112.2958, 25.1583], [112.3093, 25.1923], [112.3397, 25.1881], [112.3521, 25.1994], [112.3659, 25.195], [112.3674, 25.1802], [112.3877, 25.1638], [112.3833, 25.15], [112.4071, 25.1453], [112.4366, 25.1842], [112.4371, 25.1983], [112.4256, 25.2093], [112.4244, 25.2355], [112.4007, 25.2509], [112.375, 25.3], [112.4159, 25.3422], [112.4437, 25.3296], [112.4708, 25.35], [112.4661, 25.3759], [112.4755, 25.3907], [112.4677, 25.4034], [112.4951, 25.4091], [112.5145, 25.4369], [112.55, 25.4333], [112.5644, 25.4536], [112.5854, 25.4621], [112.6159, 25.4467], [112.6269, 25.4703], [112.65, 25.4667], [112.666, 25.4759], [112.6801, 25.5202], [112.7316, 25.5163], [112.74, 25.508], [112.7854, 25.5375], [112.8184, 25.5212], [112.8408, 25.5217], [112.8507, 25.5491], [112.8661, 25.5551], [112.8667, 25.575], [112.8763, 25.5839], [112.9036, 25.5661], [112.9203, 25.5756], [112.9367, 25.5661], [112.9784, 25.5839], [113.0074, 25.5827], [113.0132, 25.5592], [113.0298, 25.5552], [113.0244, 25.5745], [113.0342, 25.5908], [113.0453, 25.5964], [113.0917, 25.5875], [113.1, 25.6667], [113.1492, 25.6576], [113.1566, 25.642], [113.1663, 25.6517], [113.1667, 25.6667], [113.1858, 25.667], [113.2059, 25.6913], [113.225, 25.6917], [113.2243, 25.6723], [113.2367, 25.6664], [113.2423, 25.6414], [113.2368, 25.6175], [113.2588, 25.6158], [113.2492, 25.5967], [113.2298, 25.5864], [113.2244, 25.5507], [113.2257, 25.5425], [113.2494, 25.5314], [113.2515, 25.5036], [113.3042, 25.5167], [113.3167, 25.4542], [113.3574, 25.441], [113.3678, 25.4039], [113.3743, 25.4089], [113.4167, 25.4], [113.417, 25.385], [113.4399, 25.3621], [113.4708, 25.3708], [113.478, 25.3837], [113.5074, 25.3743], [113.5137, 25.3619], [113.5217, 25.3744], [113.5366, 25.3741], [113.5509, 25.355], [113.5792, 25.35], [113.6035, 25.3728], [113.6216, 25.4115], [113.6329, 25.4173], [113.6521, 25.4047], [113.7324, 25.4257], [113.7422, 25.4689], [113.7542, 25.4875], [113.8283, 25.4911], [113.8479, 25.45], [113.8649, 25.4538], [113.8792, 25.4417], [113.9366, 25.4424], [113.9583, 25.4583], [114.0256, 25.4446], [114.0036, 25.4007], [114.0464, 25.3509], [114.0453, 25.3311], [114.0125, 25.2833], [114.0262, 25.2536], [114.0824, 25.2798], [114.1267, 25.3163], [114.1608, 25.3205], [114.2066, 25.2871], [114.2483, 25.2879], [114.2608, 25.2962], [114.3, 25.2917], [114.3125, 25.3333], [114.3275, 25.3379], [114.3917, 25.3167], [114.4009, 25.3369], [114.4646, 25.3292], [114.475, 25.3487], [114.4993, 25.3549], [114.5, 25.3667], [114.5101, 25.3705], [114.5274, 25.3705], [114.5441, 25.358], [114.5833, 25.3667], [114.6021, 25.3583], [114.6354, 25.387], [114.653, 25.3878], [114.6746, 25.3657], [114.6924, 25.3301], [114.7125, 25.3208], [114.7205, 25.2983], [114.7208, 25.2875], [114.6884, 25.2533], [114.675, 25.2208], [114.6839, 25.1882], [114.6703, 25.1738], [114.6714, 25.1603], [114.6759, 25.1509], [114.7033, 25.145], [114.7, 25.1292], [114.6775, 25.1337], [114.6525, 25.1246], [114.6333, 25.1333], [114.6142, 25.1038], [114.5978, 25.1078], [114.5583, 25.0875], [114.55, 25.0583], [114.5, 25.0542], [114.5044, 25.0386], [114.475, 25.0167], [114.4426, 25.0119], [114.4366, 25.0007], [114.4076, 24.9911], [114.3875, 25.0042], [114.3913, 24.985], [114.3792, 24.975], [114.3962, 24.9475], [114.3958, 24.9333], [114.3797, 24.9189], [114.3661, 24.8882], [114.3745, 24.8646], [114.3699, 24.8546], [114.3333, 24.8125], [114.3464, 24.7843], [114.3367, 24.7551], [114.2969, 24.7328], [114.2831, 24.7362], [114.2869, 24.7136], [114.273, 24.7047], [114.2426, 24.6993], [114.236, 24.6875], [114.1991, 24.6922], [114.1875, 24.6792], [114.175, 24.6792], [114.1875, 24.6583], [114.223, 24.6578], [114.2592, 24.634], [114.2829, 24.6282], [114.2881, 24.6216], [114.2828, 24.6091], [114.302, 24.5756], [114.3491, 24.5964], [114.377, 24.5672], [114.3875, 24.5667], [114.3828, 24.5549], [114.3882, 24.5384], [114.4047, 24.5259], [114.4, 24.5], [114.425, 24.4917], [114.4122, 24.478], [114.4161, 24.4645], [114.3994, 24.4424], [114.4131, 24.4174], [114.4035, 24.3759], [114.3691, 24.3795], [114.3479, 24.3583], [114.3358, 24.3629], [114.3191, 24.3504], [114.2875, 24.35], [114.2767, 24.3413], [114.2583, 24.3063], [114.2621, 24.2892], [114.2462, 24.2733], [114.2325, 24.2302], [114.1951, 24.2339], [114.1816, 24.2129], [114.1625, 24.2125], [114.1619, 24.1802], [114.1509, 24.1741], [114.1417, 24.15], [114.1188, 24.1375], [114.0896, 24.1458], [114.0708, 24.125], [114.052, 24.1244], [114.0384, 24.1119], [114.0167, 24.0583], [114.0242, 24.0576], [114.0292, 24.025], [114.0104, 24.013], [113.9965, 24.0159], [113.9952, 23.9978], [113.9532, 23.9465], [113.9157, 23.9506], [113.8897, 23.9339], [113.8625, 23.9333], [113.8149, 23.9087], [113.7851, 23.908], [113.775, 23.9], [113.775, 23.8833], [113.7045, 23.8608], [113.695, 23.8175], [113.6841, 23.8119], [113.6507, 23.8214], [113.6375, 23.8167], [113.617, 23.7858], [113.6167, 23.7708], [113.6375, 23.7667], [113.6286, 23.7228], [113.6089, 23.698], [113.6083, 23.6792], [113.5892, 23.6712], [113.5792, 23.6833], [113.5634, 23.6839], [113.5532, 23.6993], [113.5259, 23.6908], [113.516, 23.6509], [113.4965, 23.6489], [113.4951, 23.6384], [113.4759, 23.6283], [113.4701, 23.5927], [113.4508, 23.5867], [113.4452, 23.5713], [113.4535, 23.5468], [113.4417, 23.5333], [113.3816, 23.5462], [113.3228, 23.5453], [113.2991, 23.5369], [113.2576, 23.5589], [113.2042, 23.5458], [113.1879, 23.5316], [113.1816, 23.5087], [113.1517, 23.4996], [113.1392, 23.5087], [113.1233, 23.5004], [113.0934, 23.5004], [113.0837, 23.5142], [113.0878, 23.5322], [113.0717, 23.5368], [113.0615, 23.5215], [113.0426, 23.5202], [113.0301, 23.5079], [113.02, 23.4843], [112.9824, 23.4922], [112.9708, 23.4833], [112.9994, 23.448], [113.0047, 23.4145], [113.0245, 23.3896], [113.0215, 23.3635], [113.0536, 23.3564], [113.0369, 23.3324], [113.0458, 23.3083], [113.0133, 23.3254], [113.0048, 23.3242], [113.0042, 23.3083], [112.9967, 23.309], [112.9534, 23.3506], [112.9333, 23.3042], [112.9422, 23.2882], [112.9282, 23.2671], [112.8771, 23.262], [112.8632, 23.2533], [112.8504, 23.2267], [112.8712, 23.1725], [112.9059, 23.1504], [112.925, 23.15], [112.9363, 23.1631], [112.9386, 23.1539], [112.9784, 23.1756], [112.9943, 23.175], [113.0009, 23.1634], [113.0333, 23.1542], [113.0655, 23.167], [113.0676, 23.159], [113.0907, 23.1577], [113.1125, 23.1167], [113.0953, 23.0928], [113.113, 23.0301], [113.1115, 22.9962], [113.0882, 22.9699], [113.0833, 22.9417], [113.0717, 22.9467], [113.0658, 22.9618], [113.0397, 22.9744], [113.02, 22.9703], [113.0076, 22.9922], [112.9843, 22.9829], [112.975, 22.9667], [112.9517, 22.9663], [112.9458, 22.9583], [112.9509, 22.9423], [112.9712, 22.9267], [112.9629, 22.9017], [112.9708, 22.8958], [112.9822, 22.9003], [112.9875, 22.8667], [113.0095, 22.8328], [113.0217, 22.8493], [113.0375, 22.8542], [113.0382, 22.8342], [113.0538, 22.8285], [113.0659, 22.8299], [113.0674, 22.8448], [113.0952, 22.8491], [113.0965, 22.826], [113.1125, 22.8125], [113.0994, 22.7837], [113.109, 22.7628], [113.1035, 22.7462], [113.1091, 22.7216], [113.1449, 22.7074], [113.175, 22.6667], [113.2049, 22.684], [113.2282, 22.6663], [113.2417, 22.6917], [113.2564, 22.6911], [113.3009, 22.6467], [113.3118, 22.6411], [113.3449, 22.6452], [113.3325, 22.6091], [113.3178, 22.6041], [113.316, 22.5717], [113.2952, 22.557], [113.3053, 22.5209], [113.3201, 22.5159], [113.3292, 22.4708], [113.2844, 22.4494], [113.2919, 22.4178], [113.2726, 22.4163], [113.2387, 22.3829], [113.2259, 22.3869], [113.2191, 22.3795], [113.2, 22.3792], [113.1905, 22.4044], [113.1345, 22.3953], [113.134, 22.4116], [113.1467, 22.4243], [113.1667, 22.4265], [113.1615, 22.4327], [113.1396, 22.4296], [113.1009, 22.4509], [113.1089, 22.4882], [113.0965, 22.4967], [113.0881, 22.527], [113.0917, 22.5792], [113.0718, 22.5879], [113.0616, 22.6116], [113.027, 22.6214], [113.011, 22.6417], [112.9853, 22.6422], [112.9772, 22.6494], [112.9292, 22.6417], [112.9292, 22.65], [112.9017, 22.6629], [112.8816, 22.683], [112.8566, 22.6913], [112.8483, 22.692], [112.8375, 22.6792], [112.727, 22.6797], [112.7047, 22.702], [112.7035, 22.7491], [112.6907, 22.7618], [112.6608, 22.7538], [112.6483, 22.7629], [112.6365, 22.7424], [112.6204, 22.7408], [112.6282, 22.7213], [112.5771, 22.6798], [112.549, 22.7035], [112.5353, 22.7048], [112.5209, 22.7181], [112.5242, 22.7326], [112.5167, 22.7333], [112.4426, 22.7076], [112.4283, 22.68], [112.401, 22.666], [112.4047, 22.6532], [112.3917, 22.6333], [112.345, 22.6381], [112.3199, 22.5799], [112.2994, 22.5738], [112.299, 22.5254], [112.25, 22.5042], [112.2583, 22.4833], [112.2504, 22.4775], [112.2458, 22.4542], [112.2186, 22.4453], [112.1984, 22.4167], [112.1883, 22.4199], [112.1734, 22.3917], [112.1615, 22.3964], [112.1549, 22.3907], [112.1292, 22.3417], [112.1175, 22.3425], [112.1167, 22.3583], [112.101, 22.3495], [112.0958, 22.3542], [112.1157, 22.4117], [112.0716, 22.4216], [112.0548, 22.452], [112.0631, 22.4903], [112.0466, 22.4968], [112.0501, 22.5155], [112.0428, 22.5175], [112.041, 22.5337], [112.0465, 22.542], [111.9926, 22.5674], [111.9965, 22.5878], [111.9716, 22.6091], [111.9701, 22.6284], [111.9625, 22.6292], [111.9767, 22.6496], [112.0, 22.6542], [112.0214, 22.6926], [111.9875, 22.7125], [111.9684, 22.7121], [111.9483, 22.7004], [111.902, 22.7077], [111.8882, 22.699], [111.8825, 22.6716], [111.8549, 22.6742], [111.8536, 22.6645], [111.8153, 22.6292], [111.7958, 22.6375], [111.7866, 22.6134], [111.7256, 22.5647], [111.7032, 22.5131], [111.675, 22.4917], [111.675, 22.4542], [111.6202, 22.4009], [111.6009, 22.3951], [111.5917, 22.375], [111.5583, 22.3792], [111.5479, 22.3667], [111.509, 22.3658], [111.4994, 22.3468], [111.459, 22.3282], [111.4542, 22.2792], [111.4134, 22.2786], [111.3948, 22.2548], [111.3757, 22.2592], [111.3625, 22.2917], [111.3434, 22.292], [111.3292, 22.3125], [111.3061, 22.3078], [111.2647, 22.2714], [111.255, 22.2717], [111.2375, 22.2917], [111.2184, 22.283], [111.2025, 22.2629], [111.1733, 22.267], [111.0979, 22.2458], [111.0884, 22.2509], [111.0786, 22.2814], [111.038, 22.3354], [111.0506, 22.3593], [111.0371, 22.3738], [111.0452, 22.3759], [111.0461, 22.403], [111.0125, 22.4167], [111.0116, 22.441], [110.9965, 22.4468], [110.9828, 22.4799], [110.9917, 22.5125], [111.016, 22.5134], [111.0157, 22.5284], [111.0008, 22.5299], [110.9992, 22.5407], [110.9875, 22.5458], [110.9714, 22.5244], [110.9508, 22.5283], [110.9492, 22.5175], [110.9104, 22.4839], [110.8964, 22.4923], [110.8672, 22.4702], [110.8512, 22.4751], [110.8455, 22.435], [110.8333, 22.4208], [110.7938, 22.4131], [110.7825, 22.4367], [110.7375, 22.4583], [110.7375, 22.4667], [110.7017, 22.4712], [110.6899, 22.483], [110.6583, 22.4792], [110.6577, 22.4521], [110.6366, 22.3956], [110.6295, 22.4006], [110.6125, 22.3917], [110.617, 22.3559], [110.6371, 22.3191], [110.6371, 22.3017], [110.6274, 22.2879], [110.59, 22.3087], [110.5792, 22.2917], [110.5716, 22.2924], [110.5541, 22.3238], [110.5355, 22.3327], [110.4917, 22.3208], [110.4783, 22.341], [110.4659, 22.3422], [110.4534, 22.3286], [110.4285, 22.3298], [110.4008, 22.3039], [110.3992, 22.2882], [110.3802, 22.2868], [110.3642, 22.2629], [110.3441, 22.2746], [110.325, 22.2708], [110.3208, 22.2792], [110.3339, 22.3118], [110.334, 22.3365], [110.3452, 22.3426], [110.3507, 22.3865], [110.3785, 22.3968], [110.3798, 22.4198], [110.3676, 22.4216], [110.3625, 22.4417], [110.3392, 22.4462], [110.333, 22.4608], [110.3208, 22.4667], [110.325, 22.4792], [110.3406, 22.4842], [110.3493, 22.4979], [110.3257, 22.5396], [110.3382, 22.5578], [110.3291, 22.5673], [110.3208, 22.5625], [110.3339, 22.5968], [110.3171, 22.6187], [110.3536, 22.6561], [110.3547, 22.6801], [110.3408, 22.7076], [110.3292, 22.7125], [110.3375, 22.75], [110.3175, 22.7634], [110.3169, 22.778], [110.2965, 22.7884], [110.2902, 22.8042], [110.2762, 22.7994], [110.2578, 22.8426], [110.2662, 22.8521], [110.2542, 22.875], [110.2059, 22.8663], [110.2, 22.8542], [110.1717, 22.8493], [110.1483, 22.817], [110.1167, 22.8083], [110.1022, 22.8203], [110.0853, 22.8214], [110.0625, 22.8583], [110.0427, 22.8534], [110.0407, 22.8465], [110.0037, 22.841], [109.993, 22.8465], [109.9742, 22.8173], [109.9583, 22.8167], [109.9577, 22.7801], [109.9397, 22.7714], [109.9104, 22.7912], [109.8842, 22.7827], [109.874, 22.7631], [109.8575, 22.7619], [109.8449, 22.7797], [109.8241, 22.7661], [109.8125, 22.775], [109.8034, 22.7591], [109.7699, 22.7382], [109.7458, 22.7333], [109.7424, 22.6924], [109.7622, 22.6909], [109.7723, 22.6702], [109.7844, 22.6785], [109.8118, 22.6783], [109.8167, 22.6625], [109.8017, 22.6621], [109.7871, 22.6483], [109.7955, 22.6399], [109.8004, 22.6101], [109.8411, 22.5855], [109.8542, 22.5583], [109.8619, 22.5092], [109.8548, 22.5074], [109.8542, 22.4917], [109.8257, 22.4701], [109.8243, 22.4508], [109.7667, 22.4625], [109.7792, 22.4083], [109.7375, 22.4083], [109.7246, 22.385], [109.7333, 22.3625], [109.7224, 22.3585], [109.7253, 22.3468], [109.7, 22.3542], [109.6917, 22.3479], [109.6962, 22.3275], [109.6875, 22.3042], [109.6524, 22.3205], [109.6292, 22.3208], [109.6286, 22.3647], [109.6204, 22.3824], [109.6083, 22.389], [109.6131, 22.4007], [109.6005, 22.4187], [109.6119, 22.4301], [109.6083, 22.4542], [109.5647, 22.4953], [109.5292, 22.5042], [109.4966, 22.4966], [109.4952, 22.5146], [109.4747, 22.5409], [109.4292, 22.5429], [109.4382, 22.5771], [109.45, 22.5875], [109.4287, 22.6006], [109.4199, 22.5884], [109.3995, 22.5824], [109.4131, 22.5579], [109.3965, 22.5313], [109.3952, 22.5145], [109.3699, 22.4968], [109.3517, 22.5004], [109.3408, 22.5243], [109.3304, 22.5256], [109.3283, 22.5173], [109.2892, 22.508], [109.2522, 22.4756], [109.2313, 22.4786], [109.2242, 22.4633], [109.197, 22.4499], [109.183, 22.4697], [109.1583, 22.4792], [109.1583, 22.5167], [109.1275, 22.517], [109.1066, 22.5038], [109.0816, 22.5288], [109.0601, 22.5288], [109.0091, 22.495], [108.9908, 22.4674], [108.9758, 22.4659], [108.9653, 22.4417], [108.9497, 22.4575], [108.9062, 22.4494], [108.8601, 22.4288], [108.8542, 22.4125], [108.8226, 22.3996], [108.8024, 22.3795], [108.7896, 22.3917], [108.7625, 22.3917], [108.7661, 22.4021], [108.7576, 22.4242], [108.733, 22.434], [108.7062, 22.4202], [108.709, 22.4574], [108.6955, 22.459], [108.6702, 22.441], [108.6413, 22.4548], [108.6283, 22.4423], [108.5811, 22.4453], [108.5507, 22.4241], [108.5375, 22.4], [108.5233, 22.4045], [108.4951, 22.3869], [108.4701, 22.4172], [108.44, 22.4038], [108.3987, 22.4207], [108.391, 22.4037], [108.4004, 22.3924], [108.3792, 22.3917], [108.3881, 22.3589], [108.3782, 22.3382], [108.355, 22.3368], [108.3537, 22.3282], [108.3703, 22.3063], [108.3674, 22.2843], [108.3866, 22.2699], [108.3816, 22.2587], [108.3184, 22.2455], [108.3045, 22.2358], [108.299, 22.2176], [108.28, 22.2081], [108.2784, 22.224], [108.2688, 22.2285], [108.2271, 22.2369], [108.2091, 22.2282], [108.2042, 22.2167], [108.2118, 22.1842], [108.1792, 22.1542], [108.1396, 22.159], [108.1325, 22.1836], [108.0875, 22.1583], [108.0927, 22.13], [108.1131, 22.1236], [108.1092, 22.101], [108.1539, 22.0907], [108.159, 22.0837], [108.141, 22.0378], [108.1631, 22.0283], [108.1618, 22.0091], [108.1451, 21.9759], [108.1176, 21.966], [108.0564, 21.9131], [108.0208, 21.9083], [107.9979, 21.8962], [107.9853, 21.8995], [107.9563, 21.8837], [107.9228, 21.8828], [107.8926, 21.8661], [107.8798, 21.8699], [107.8875, 21.8333], [107.8601, 21.833], [107.8188, 21.813], [107.8007, 21.8214], [107.7882, 21.8161], [107.7708, 21.8208], [107.7375, 21.8], [107.7144, 21.7995], [107.7036, 21.7781], [107.7116, 21.7632], [107.6524, 21.7462], [107.6226, 21.758], [107.6108, 21.7462], [107.5426, 21.7243], [107.4774, 21.667], [107.4601, 21.6663], [107.4256, 21.6491], [107.3907, 21.6048], [107.3468, 21.6034], [107.3409, 21.5924], [107.3287, 21.591], [107.2927, 21.5965], [107.2791, 21.5678], [107.2542, 21.5667], [107.2446, 21.5536], [107.2299, 21.5589], [107.2042, 21.5458], [107.1809, 21.5462], [107.175, 21.55], [107.1794, 21.5572], [107.1647, 21.5661], [107.1417, 21.5667], [107.1409, 21.5743], [107.1187, 21.5756], [107.1084, 21.5847], [107.1131, 21.6003], [107.1075, 21.6158], [107.0897, 21.6286], [107.0642, 21.6295], [107.0583, 21.6375], [107.0304, 21.6328], [107.0147, 21.6494], [106.9965, 21.6533], [107.0163, 21.5851], [106.9843, 21.5617], [106.9715, 21.5438], [106.9701, 21.5258], [106.9542, 21.525], [106.9395, 21.5297], [106.9241, 21.5494], [106.9051, 21.5506], [106.8837, 21.5767], [106.8925, 21.6118], [106.9243, 21.6175], [106.9256, 21.6445], [106.9125, 21.6514], [106.9173, 21.6653], [106.8782, 21.6949], [106.8676, 21.6952], [106.8533, 21.6468], [106.8229, 21.6704], [106.7958, 21.6708], [106.7908, 21.6548], [106.7542, 21.6458], [106.7292, 21.6771], [106.7337, 21.6934], [106.7208, 21.7083], [106.7369, 21.7218], [106.7422, 21.7551], [106.7323, 21.766], [106.7083, 21.7708], [106.6676, 21.7493], [106.6655, 21.7414], [106.6464, 21.7645], [106.6288, 21.824], [106.5976, 21.8205], [106.5875, 21.8063], [106.592, 21.7983], [106.5684, 21.7871], [106.5438, 21.7505], [106.527, 21.7536], [106.5188, 21.7463], [106.4875, 21.7667], [106.4782, 21.7372], [106.4519, 21.7423], [106.4542, 21.7125], [106.4372, 21.7032], [106.4375, 21.6792], [106.4188, 21.6952], [106.405, 21.6966], [106.391, 21.7463], [106.3951, 21.7618], [106.3833, 21.7625], [106.3913, 21.7726], [106.392, 21.7892], [106.3833, 21.7979], [106.4, 21.8312], [106.4, 21.8708], [106.3843, 21.8663], [106.3699, 21.8424], [106.3354, 21.8338], [106.3298, 21.8533], [106.3547, 21.8696], [106.3243, 21.8797], [106.3074, 21.8703], [106.2843, 21.8878], [106.2826, 21.876], [106.2542, 21.8667], [106.2343, 21.8453], [106.2174, 21.8589], [106.1853, 21.8578], [106.1671, 21.849], [106.1417, 21.8208], [106.1292, 21.8208], [106.113, 21.8479], [106.1255, 21.8634], [106.1162, 21.8865], [106.1328, 21.9061], [106.1328, 21.9231], [106.1147, 21.937], [106.0758, 21.9301], [106.0358, 21.9705], [106.0208, 21.9708], [106.0064, 21.9422], [105.9674, 21.9366], [105.949, 21.9087], [105.9333, 21.9042], [105.9326, 21.9117], [105.9218, 21.9133], [105.9159, 21.9325], [105.8923, 21.9478], [105.8883, 21.9657], [105.9038, 21.9725], [105.9009, 21.9866], [105.9161, 21.9926], [105.9625, 22.0375], [105.9661, 22.0521], [105.9577, 22.0674], [105.9673, 22.0921], [105.9507, 22.1008], [105.9458, 22.1196], [105.9701, 22.1343], [105.9794, 22.1697], [105.9703, 22.178], [105.9881, 22.1966], [105.9622, 22.2282], [105.9833, 22.2375], [105.9667, 22.2833], [105.9877, 22.3221], [105.9647, 22.341], [105.9521, 22.3381], [105.941, 22.3546], [105.9576, 22.3633], [105.9715, 22.399], [105.9506, 22.4052], [105.9542, 22.4583], [105.9212, 22.4767], [105.9125, 22.5], [105.8583, 22.5208], [105.8629, 22.5324], [105.8785, 22.5384], [105.8871, 22.5983], [105.8625, 22.6125], [105.8625, 22.625], [105.8375, 22.6542], [105.8425, 22.695], [105.8577, 22.7009], [105.8574, 22.7159], [105.8452, 22.7177], [105.859, 22.7412], [105.8535, 22.7537], [105.8583, 22.775], [105.845, 22.791], [105.8219, 22.796], [105.8161, 22.8089], [105.8293, 22.8262], [105.8242, 22.8408], [105.8104, 22.838], [105.8047, 22.848], [105.8366, 22.8674], [105.8371, 22.8858], [105.8087, 22.9184], [105.8, 22.9438], [105.808, 22.9517], [105.805, 22.9825], [105.8184, 22.9871], [105.8608, 22.9788], [105.8813, 22.9542], [105.89, 22.9629], [105.915, 22.9621], [105.9246, 22.951], [105.9369, 22.9634], [105.9507, 23.0115], [105.975, 23.025], [105.9536, 23.0593], [105.9702, 23.0717], [105.966, 23.1033], [105.9548, 23.1093], [105.9542, 23.1208], [105.959, 23.1366], [105.9702, 23.1427], [105.9714, 23.1676], [105.9631, 23.177], [105.9542, 23.2208], [105.9458, 23.225], [105.9328, 23.2647], [105.8958, 23.3042], [105.8813, 23.2963], [105.8592, 23.3048], [105.8033, 23.3575], [105.7833, 23.3458], [105.7631, 23.3551], [105.7578, 23.3884], [105.7672, 23.4051], [105.7589, 23.4145], [105.7577, 23.4366], [105.7312, 23.4292], [105.715, 23.4462], [105.6983, 23.4379], [105.65, 23.4375], [105.6535, 23.4563], [105.6424, 23.4636], [105.6409, 23.4826], [105.602, 23.484], [105.5786, 23.4965], [105.5625, 23.4875], [105.5542, 23.5167], [105.5397, 23.5047], [105.5096, 23.4998], [105.4949, 23.5243], [105.4576, 23.5339], [105.434, 23.5199], [105.4292, 23.5042], [105.42, 23.5159], [105.405, 23.5174], [105.4032, 23.5294], [105.3924, 23.53], [105.3663, 23.574], [105.3061, 23.5922], [105.2325, 23.6783], [105.2083, 23.6875], [105.2083, 23.7042], [105.2011, 23.7086], [105.1991, 23.7006], [105.1345, 23.7047], [105.1283, 23.6882], [105.1, 23.6708], [105.0842, 23.6759], [105.0807, 23.6974], [105.0698, 23.7076], [105.0508, 23.7091], [105.0493, 23.7281], [105.0299, 23.7386], [105.0202, 23.7619], [105.0409, 23.7716], [105.0417, 23.7875], [105.0271, 23.7958], [105.015, 23.7913], [104.9813, 23.8], [104.9604, 23.7917], [104.9333, 23.7958], [104.925, 23.7875], [104.8792, 23.8], [104.8792, 23.7875], [104.8476, 23.7913], [104.8358, 23.783], [104.8274, 23.7913], [104.8125, 23.7875], [104.8066, 23.7996], [104.7816, 23.8004], [104.7649, 23.7879], [104.7108, 23.792], [104.6958, 23.7833], [104.6875, 23.8125], [104.6636, 23.8081], [104.6533, 23.8243], [104.6436, 23.8244], [104.6341, 23.8199], [104.6326, 23.8092], [104.6059, 23.8121], [104.5896, 23.7917], [104.5733, 23.8004], [104.5604, 23.7875], [104.5525, 23.792], [104.5289, 23.7824], [104.5292, 23.7625], [104.5417, 23.7458], [104.5574, 23.7452], [104.5795, 23.7225], [104.5746, 23.7059], [104.5591, 23.699], [104.5577, 23.687], [104.5633, 23.6716], [104.599, 23.6576], [104.6035, 23.6342], [104.5917, 23.6208], [104.5802, 23.6215], [104.5747, 23.6324], [104.552, 23.6285], [104.5325, 23.5841], [104.5079, 23.5744], [104.5012, 23.5792], [104.4917, 23.5667], [104.4673, 23.5759], [104.4573, 23.6035], [104.4458, 23.6042], [104.4375, 23.5875], [104.4228, 23.5881], [104.4076, 23.6006], [104.4011, 23.5956], [104.3909, 23.6089], [104.3564, 23.5881], [104.2886, 23.5961], [104.2866, 23.5882], [104.2676, 23.591], [104.2625, 23.55], [104.2542, 23.55], [104.2333, 23.5583], [104.233, 23.5733], [104.2233, 23.583], [104.1979, 23.575], [104.1917, 23.5833], [104.1964, 23.6022], [104.2083, 23.6125], [104.1958, 23.6271], [104.2004, 23.6524], [104.2125, 23.6667], [104.2003, 23.6698], [104.2217, 23.6952], [104.2417, 23.6958], [104.258, 23.7524], [104.25, 23.7583], [104.2104, 23.738], [104.177, 23.7381], [104.1522, 23.7578], [104.1218, 23.7673], [104.1125, 23.7776], [104.1199, 23.7911], [104.1042, 23.7917], [104.0991, 23.8075], [104.0911, 23.8095], [104.125, 23.8167], [104.1201, 23.8324], [104.1007, 23.8426], [104.1, 23.85], [104.0813, 23.8417], [104.0316, 23.8545], [104.0066, 23.8413], [103.9708, 23.8458], [103.97, 23.8544], [103.9476, 23.8538], [103.94, 23.8379], [103.8941, 23.833], [103.8316, 23.8462], [103.8108, 23.8212], [103.7733, 23.8205], [103.7, 23.8458], [103.6958, 23.8396], [103.709, 23.802], [103.7257, 23.7836], [103.6991, 23.7299], [103.684, 23.7284], [103.6826, 23.6967], [103.6549, 23.6823], [103.6534, 23.6633], [103.6354, 23.6618], [103.6172, 23.6493], [103.5853, 23.6536], [103.5785, 23.6384], [103.5554, 23.6247], [103.5583, 23.6125], [103.55, 23.6042], [103.5587, 23.5809], [103.5816, 23.5705], [103.6009, 23.5425], [103.6608, 23.5163], [103.6729, 23.5042], [103.6854, 23.5125], [103.7167, 23.4917], [103.7078, 23.4801], [103.7208, 23.4625], [103.7049, 23.4532], [103.6799, 23.4158], [103.6866, 23.3884], [103.6708, 23.3833], [103.6366, 23.4244], [103.6186, 23.4256], [103.6074, 23.441], [103.5608, 23.4462], [103.5366, 23.4369], [103.5285, 23.4574], [103.4941, 23.4788], [103.4542, 23.4708], [103.4673, 23.4217], [103.4787, 23.4146], [103.4716, 23.3758], [103.4992, 23.3701], [103.5078, 23.3604], [103.5035, 23.3546], [103.5208, 23.3417], [103.5295, 23.3059], [103.5121, 23.2559], [103.5121, 23.2059], [103.4825, 23.1841], [103.4542, 23.1875], [103.4426, 23.1962], [103.4458, 23.2125], [103.4292, 23.2265], [103.4336, 23.2322], [103.423, 23.2369], [103.4062, 23.2369], [103.3906, 23.2216], [103.3729, 23.2202], [103.366, 23.2122], [103.3711, 23.205], [103.3538, 23.2035], [103.325, 23.225], [103.3061, 23.2172]], [[103.8375, 24.1583], [103.8375, 24.1542], [103.8375, 24.1542], [103.8375, 24.1583]], [[109.9428, 23.6914], [109.9417, 23.6958], [109.9417, 23.6958], [109.9428, 23.6914]]]}}, {"type": "Feature", "properties": {"id": "amur-songhua", "name": "Amur-Songhua", "country": "China"}, "geometry": {"type": "Polygon", "coordinates": [[[115.2951, 44.2991], [115.1458, 44.3208], [115.0911, 44.4533], [114.9167, 44.5458], [114.887, 44.6157], [114.9032, 44.6574], [114.8576, 44.6369], [114.7625, 44.6917], [114.6092, 44.6798], [114.5881, 44.811], [114.4796, 44.9729], [114.5033, 45.0285], [114.4375, 45.0458], [114.417, 45.0941], [114.455, 45.1741], [114.625, 45.2667], [114.7024, 45.2712], [114.7458, 45.3292], [114.6718, 45.3465], [114.6483, 45.4163], [114.525, 45.4417], [114.4256, 45.5677], [114.4458, 45.6083], [114.3882, 45.6466], [114.357, 45.7208], [114.2147, 45.7953], [114.1083, 45.7417], [114.1256, 45.8176], [114.0833, 45.8792], [114.1327, 45.9949], [113.9875, 46.2083], [113.8997, 46.2217], [113.8992, 46.2534], [113.8372, 46.2715], [113.6658, 46.205], [113.5958, 46.2083], [113.4958, 46.15], [113.5, 46.0917], [113.4458, 46.0458], [113.3576, 46.0756], [113.2792, 46.0625], [113.109, 46.2218], [113.0994, 46.3111], [113.1465, 46.382], [113.0788, 46.4816], [112.8956, 46.4845], [112.9092, 46.5243], [112.9671, 46.5345], [112.909, 46.6062], [112.9417, 46.6958], [112.9089, 46.7741], [113.0657, 46.8837], [113.0958, 46.975], [113.0382, 47.0134], [113.0, 47.0958], [112.8458, 47.1292], [112.7358, 47.2996], [112.6191, 47.2712], [112.4833, 47.2833], [112.3, 47.2167], [112.1333, 47.2958], [111.9924, 47.0785], [111.992, 47.022], [111.8875, 46.9708], [111.925, 46.8833], [111.8833, 46.8708], [111.8329, 46.8965], [111.7017, 46.8795], [111.6833, 46.9583], [111.6145, 46.9672], [111.5875, 47.0208], [111.3985, 46.7917], [111.3149, 46.8371], [111.2177, 46.8369], [111.1951, 46.7967], [111.1292, 46.7958], [110.9917, 46.725], [110.9708, 46.7583], [110.9049, 46.7161], [110.8667, 46.725], [110.8375, 46.6667], [110.7052, 46.6119], [110.6342, 46.6173], [110.525, 46.7208], [110.3826, 46.709], [110.282, 46.6625], [110.187, 46.7006], [110.1116, 46.6535], [110.0301, 46.6532], [109.9066, 46.5129], [109.7691, 46.4913], [109.6767, 46.5121], [109.5333, 46.4208], [109.3729, 46.4333], [109.2604, 46.3833], [109.1521, 46.4078], [109.0583, 46.3292], [108.9292, 46.3417], [108.9152, 46.3875], [108.8208, 46.45], [108.7866, 46.5743], [108.5842, 46.6714], [108.4926, 46.7632], [108.4288, 46.8949], [108.3507, 46.9175], [108.3457, 46.9738], [108.2728, 46.9798], [108.1093, 47.0837], [108.0733, 47.183], [107.9661, 47.116], [107.9116, 47.1464], [107.6917, 47.1458], [107.65, 47.1792], [107.6167, 47.4333], [107.5756, 47.4645], [107.5839, 47.5595], [107.5333, 47.6458], [107.6333, 47.6958], [107.6664, 47.803], [107.7699, 47.8423], [107.8125, 47.9542], [107.9063, 47.9921], [107.9125, 48.0208], [107.9951, 47.9828], [108.1408, 48.0634], [108.1504, 48.1149], [108.1996, 48.1392], [108.1795, 48.2108], [108.2453, 48.2895], [108.2125, 48.3333], [108.2203, 48.4159], [108.2587, 48.4983], [108.3083, 48.5125], [108.2869, 48.5422], [108.3216, 48.5992], [108.3617, 48.6201], [108.4021, 48.5505], [108.5701, 48.6047], [108.625, 48.5917], [108.6202, 48.6282], [108.6958, 48.6875], [108.65, 48.7875], [108.8121, 48.8684], [108.8125, 48.9542], [109.0, 49.0083], [109.0494, 49.0728], [109.025, 49.15], [109.2233, 49.2212], [109.3066, 49.2712], [109.3208, 49.3125], [109.4241, 49.3424], [109.4961, 49.4176], [109.5079, 49.4756], [109.5745, 49.484], [109.6407, 49.4244], [109.7, 49.45], [109.7129, 49.4762], [109.6625, 49.5292], [109.8083, 49.6458], [109.822, 49.5786], [109.8792, 49.5917], [109.8667, 49.5542], [109.9007, 49.5259], [110.1125, 49.4667], [110.2149, 49.4712], [110.2842, 49.5827], [110.3938, 49.6412], [110.4757, 49.6328], [110.5006, 49.6866], [110.6025, 49.7337], [110.7896, 49.7204], [110.8708, 49.6333], [110.9589, 49.6696], [110.9991, 49.7157], [110.9304, 49.7583], [110.9336, 49.8199], [110.9042, 49.8417], [110.933, 49.8559], [110.9292, 49.9], [111.0105, 49.8922], [111.0542, 49.9208], [110.9333, 50.0917], [110.9465, 50.1784], [110.9667, 50.2542], [111.1284, 50.2966], [111.1506, 50.3712], [111.0796, 50.4604], [111.1422, 50.6632], [111.1171, 50.7354], [111.1547, 50.8007], [111.1381, 50.8616], [111.275, 50.925], [111.2701, 50.9701], [111.2174, 50.9633], [111.1853, 51.1494], [111.2854, 51.1833], [111.4524, 51.1795], [111.6274, 51.2379], [111.7583, 51.3125], [111.7684, 51.3455], [111.9012, 51.3872], [111.9275, 51.4337], [111.9875, 51.4292], [112.1287, 51.509], [112.1708, 51.5], [112.3228, 51.5869], [112.5608, 51.6045], [112.5842, 51.6616], [112.7292, 51.7208], [112.7375, 51.7583], [112.6583, 51.7792], [112.6292, 51.825], [112.6548, 51.874], [112.7625, 51.9333], [112.8083, 51.9958], [112.8412, 51.9926], [112.8993, 52.0467], [112.9, 52.0875], [113.0658, 52.1175], [113.1284, 52.1631], [113.2125, 52.1625], [113.4073, 52.3132], [113.3744, 52.3655], [113.4833, 52.4792], [113.5438, 52.4917], [113.6083, 52.4542], [113.6517, 52.5371], [113.7384, 52.5825], [114.0783, 52.6631], [114.2534, 52.8175], [114.225, 52.8708], [114.2536, 52.9321], [114.3115, 52.9587], [114.3145, 53.0369], [114.4566, 53.0621], [114.5833, 53.0083], [114.5875, 52.975], [114.5333, 52.9542], [114.5496, 52.8767], [114.525, 52.8208], [114.6983, 52.8545], [114.727, 52.8297], [114.925, 52.8292], [115.009, 52.9198], [114.9384, 52.9674], [114.9384, 53.0161], [115.1042, 53.1042], [115.2417, 53.25], [115.525, 53.2125], [115.5708, 53.2958], [115.7042, 53.3042], [115.7091, 53.3284], [115.8125, 53.35], [115.7924, 53.3992], [115.8479, 53.4452], [116.0951, 53.4922], [116.1333, 53.475], [116.225, 53.55], [116.2125, 53.5833], [116.2542, 53.6292], [116.3292, 53.6375], [116.3381, 53.7324], [116.3958, 53.8042], [116.375, 53.8875], [116.5101, 53.9413], [116.6458, 53.9417], [116.6659, 54.0047], [116.7147, 53.9922], [116.8647, 54.0464], [116.8708, 54.1083], [117.0417, 54.1833], [117.0301, 54.2294], [117.15, 54.25], [117.1254, 54.3066], [117.1875, 54.4042], [117.3542, 54.4125], [117.5042, 54.475], [117.5792, 54.5792], [117.6489, 54.5924], [117.675, 54.7], [117.974, 54.6619], [118.0375, 54.5458], [117.855, 54.4866], [117.8469, 54.4587], [117.9205, 54.3684], [117.8542, 54.325], [117.7625, 54.3167], [117.7327, 54.1676], [117.6733, 54.067], [117.5792, 54.0625], [117.575, 53.9958], [117.4938, 53.95], [117.2958, 53.9042], [117.3295, 53.8559], [117.2996, 53.8267], [117.3267, 53.7295], [117.4833, 53.7875], [117.5358, 53.7871], [117.5309, 53.7504], [117.5941, 53.7295], [117.7051, 53.8368], [117.7858, 53.8254], [117.8437, 53.8786], [117.9159, 53.8716], [117.9333, 53.925], [118.0272, 53.9131], [118.1292, 53.9833], [118.2309, 53.8962], [118.3669, 53.897], [118.3746, 53.9738], [118.5366, 54.1172], [118.6167, 54.0792], [118.8283, 54.116], [118.9422, 54.0385], [118.9376, 53.9765], [118.976, 53.9254], [119.0316, 53.9087], [119.0853, 53.9953], [119.1441, 53.9996], [119.2167, 53.9542], [119.298, 53.9631], [119.4417, 54.0167], [119.45, 54.0625], [119.5351, 54.0913], [119.7108, 54.0212], [119.7625, 54.0292], [119.7917, 54.0958], [119.9142, 54.1413], [119.934, 54.0925], [119.9875, 54.075], [120.0451, 54.1256], [120.1108, 54.1129], [120.1208, 54.1375], [120.2608, 54.1587], [120.2939, 54.1297], [120.4201, 54.1922], [120.4917, 54.1833], [120.5125, 54.25], [120.5649, 54.2212], [120.6233, 54.2379], [120.6517, 54.2913], [120.8075, 54.3134], [120.7966, 54.3616], [120.8775, 54.417], [121.0354, 54.4208], [121.123, 54.4619], [121.249, 54.4285], [121.2958, 54.375], [121.4583, 54.3792], [121.5708, 54.3125], [121.5929, 54.3547], [121.6667, 54.3542], [121.6978, 54.4119], [121.8167, 54.4542], [121.9066, 54.3788], [122.1191, 54.4087], [122.1329, 54.4824], [122.4897, 54.5547], [122.5292, 54.5917], [122.5208, 54.6667], [122.7157, 54.7048], [122.752, 54.7369], [122.8678, 54.6953], [122.9167, 54.725], [123.2292, 54.7417], [123.2754, 54.81], [123.2333, 54.875], [123.3333, 54.9125], [123.3083, 54.9875], [123.3282, 55.0047], [123.475, 55.0167], [123.6451, 55.1256], [123.8274, 55.1379], [123.85, 55.2042], [124.0075, 55.2009], [124.0303, 55.2504], [124.0771, 55.2338], [124.2042, 55.3208], [124.3733, 55.3254], [124.3833, 55.3625], [124.3339, 55.3811], [124.3506, 55.4549], [124.3256, 55.5449], [124.3926, 55.5661], [124.4879, 55.6637], [124.4714, 55.6897], [124.5213, 55.7531], [124.4536, 55.8571], [124.4833, 55.8958], [124.5479, 55.8875], [124.6259, 55.9369], [124.7022, 55.9285], [124.7635, 55.8702], [124.8449, 55.8827], [124.9657, 55.837], [125.1298, 55.9074], [125.2521, 55.9119], [125.4407, 55.8618], [125.4548, 55.8092], [125.5642, 55.7413], [125.7034, 55.8047], [125.9958, 55.7708], [125.9875, 55.7208], [126.0691, 55.733], [126.0844, 55.6753], [126.1423, 55.6657], [126.141, 55.6385], [126.0675, 55.6408], [126.0976, 55.592], [126.2917, 55.6167], [126.4358, 55.5629], [126.5292, 55.5792], [126.5171, 55.6199], [126.6007, 55.6589], [126.6941, 55.6663], [126.7167, 55.6], [126.7826, 55.6297], [126.8625, 55.6125], [126.9292, 55.6292], [126.9077, 55.6755], [126.9676, 55.7035], [127.1868, 55.7172], [127.2618, 55.6828], [127.325, 55.6917], [127.351, 55.6132], [127.4691, 55.5795], [127.5949, 55.5965], [127.5594, 55.6702], [127.7313, 55.7329], [127.791, 55.7199], [127.84, 55.6621], [128.2958, 55.6958], [128.4922, 55.5946], [128.4958, 55.55], [128.6949, 55.5702], [128.6958, 55.5208], [128.7741, 55.4911], [128.825, 55.5208], [128.9729, 55.4963], [129.0822, 55.5206], [129.1042, 55.6229], [129.0458, 55.6958], [129.2063, 55.7005], [129.2625, 55.7333], [129.4583, 55.725], [129.4938, 55.7662], [129.5313, 55.738], [129.6583, 55.7875], [129.8741, 55.7464], [129.9118, 55.7797], [130.025, 55.7042], [130.0928, 55.7378], [130.148, 55.7131], [130.2326, 55.7547], [130.5042, 55.7292], [130.7241, 55.7631], [131.1458, 55.6417], [131.1667, 55.5974], [131.05, 55.5542], [131.0551, 55.4965], [131.1542, 55.5125], [131.1875, 55.4458], [131.315, 55.4788], [131.3728, 55.4047], [131.5123, 55.3738], [131.5208, 55.3292], [131.5958, 55.3083], [131.6167, 55.2083], [131.8922, 55.0988], [131.8708, 55.0583], [131.9542, 55.0542], [131.9591, 55.0132], [132.0708, 55.0042], [132.0074, 54.9299], [131.8674, 54.8744], [131.8176, 54.8909], [131.8113, 54.8585], [131.6691, 54.7754], [131.6208, 54.7958], [131.5583, 54.7708], [131.5542, 54.7417], [131.3938, 54.737], [131.2897, 54.6589], [131.1711, 54.6367], [131.2292, 54.5542], [131.1157, 54.3341], [131.0424, 54.291], [130.9438, 54.3417], [130.8174, 54.2828], [130.7436, 54.2994], [130.5087, 54.115], [130.4875, 53.9792], [130.3875, 53.9292], [130.4438, 53.8881], [130.6816, 53.9038], [130.7311, 53.8547], [130.8491, 53.8493], [130.8504, 53.8017], [130.8958, 53.7708], [131.0134, 53.8244], [131.1125, 53.8208], [131.4374, 53.7447], [131.4257, 53.6635], [131.4875, 53.6], [131.4589, 53.5814], [131.4796, 53.5657], [131.455, 53.5089], [131.5034, 53.4492], [131.4953, 53.3991], [131.5328, 53.3313], [131.4563, 53.2167], [131.8083, 53.2583], [131.85, 53.2333], [131.8333, 53.1542], [131.8991, 53.1328], [131.9532, 53.1589], [132.0167, 53.1375], [132.1042, 53.2417], [132.2314, 53.2256], [132.2772, 53.2578], [132.4304, 53.2119], [132.662, 53.2465], [132.85, 53.2292], [132.8991, 53.2507], [132.8892, 53.3038], [133.1333, 53.3], [133.1253, 53.3448], [133.1667, 53.3625], [133.1717, 53.416], [133.4233, 53.517], [133.4733, 53.5004], [133.6, 53.55], [133.7083, 53.4667], [133.7854, 53.4829], [133.9479, 53.4375], [134.0604, 53.4464], [134.0992, 53.4549], [134.1125, 53.4958], [134.1958, 53.4792], [134.27, 53.5465], [134.3105, 53.534], [134.4079, 53.5798], [134.4441, 53.5587], [134.4583, 53.6083], [134.5608, 53.6205], [134.72, 53.5327], [134.7311, 53.4922], [134.8147, 53.4869], [134.8094, 53.4631], [134.9119, 53.4105], [134.7827, 53.3903], [134.7926, 53.334], [134.8711, 53.3155], [134.8635, 53.2796], [134.9167, 53.2625], [134.8119, 53.1571], [134.862, 53.1021], [134.8458, 53.0708], [134.9292, 53.05], [135.0042, 52.9875], [135.0574, 53.0035], [135.1775, 52.9538], [135.2608, 52.983], [135.2875, 52.9292], [135.4313, 52.9583], [135.5191, 52.9413], [135.5792, 52.8583], [135.5048, 52.7825], [135.5, 52.7167], [135.6939, 52.6797], [135.9908, 52.8342], [136.1333, 52.9792], [136.2542, 53.0042], [136.2976, 53.0705], [136.5105, 53.0714], [136.673, 53.1131], [136.6917, 53.1417], [136.6632, 53.1699], [136.9583, 53.2042], [136.9958, 53.2333], [137.0886, 53.1581], [137.1645, 53.2203], [137.2782, 53.2369], [137.3061, 53.2006], [137.403, 53.1919], [137.4208, 53.1083], [137.5868, 53.0991], [137.6983, 53.008], [137.7483, 53.0212], [137.7625, 53.0583], [137.8792, 53.0417], [138.0093, 53.1285], [138.1366, 53.1674], [138.1382, 53.2074], [138.2241, 53.2381], [138.2467, 53.2783], [138.4177, 53.341], [138.5, 53.3333], [138.5217, 53.3869], [138.575, 53.3792], [138.6079, 53.4437], [138.5754, 53.5024], [138.6208, 53.5667], [138.7083, 53.5458], [138.7708, 53.5667], [138.7547, 53.6854], [138.8167, 53.75], [138.7467, 53.7548], [138.7411, 53.8034], [138.8769, 53.9661], [139.1083, 53.925], [139.1854, 53.8833], [139.3, 53.9], [139.3958, 53.95], [139.3633, 53.9966], [139.375, 54.0375], [139.4833, 54.0333], [139.5292, 54.1021], [139.5167, 54.1417], [139.575, 54.1625], [139.7358, 54.083], [139.875, 54.1167], [139.8853, 54.0756], [140.0423, 54.0283], [140.0285, 53.9551], [139.9125, 53.8792], [139.9714, 53.8424], [139.9458, 53.8], [140.0045, 53.7517], [139.9923, 53.676], [140.0948, 53.6411], [140.1292, 53.575], [140.3625, 53.5667], [140.3622, 53.53], [140.4367, 53.4883], [140.2875, 53.45], [140.2583, 53.3875], [140.3604, 53.3083], [140.5983, 53.2913], [140.5458, 53.2208], [140.6047, 53.1863], [140.6103, 53.1256], [140.7083, 53.1167], [140.6423, 53.0906], [140.5958, 52.9958], [140.75, 52.9125], [140.7709, 52.8682], [140.7373, 52.8529], [140.725, 52.7958], [140.5467, 52.7741], [140.475, 52.675], [140.6419, 52.6116], [140.6368, 52.5677], [140.5333, 52.5333], [140.534, 52.4966], [140.7661, 52.4074], [140.8119, 52.3522], [140.8214, 52.3076], [140.7871, 52.2908], [140.8125, 52.2458], [140.7667, 52.2208], [140.8756, 52.1342], [140.8254, 51.9476], [140.9917, 51.9375], [141.1159, 51.7592], [141.0631, 51.7324], [141.0617, 51.6997], [141.0042, 51.7125], [140.8421, 51.624], [140.8615, 51.5465], [140.5691, 51.517], [140.2792, 51.4083], [140.2715, 51.3592], [140.3375, 51.3333], [140.3667, 51.2792], [140.2333, 51.2458], [140.5083, 51.1292], [140.4839, 51.077], [140.5631, 50.9967], [140.2625, 50.8125], [140.1186, 50.8422], [140.0522, 50.9203], [139.9667, 50.9292], [139.8917, 51.0375], [139.6792, 50.9542], [139.6208, 51.0083], [139.5333, 50.9958], [139.3438, 51.062], [139.24, 51.0379], [139.1875, 50.9792], [139.0917, 51.0083], [138.7667, 50.925], [138.7326, 50.8215], [138.6834, 50.8071], [138.6833, 50.7375], [138.7458, 50.6583], [138.8525, 50.6121], [138.8634, 50.559], [138.975, 50.5458], [139.0083, 50.4917], [138.9458, 50.4458], [138.8759, 50.4507], [138.7926, 50.3631], [138.8708, 50.3], [138.9917, 50.3083], [139.0083, 50.2542], [139.1074, 50.2368], [139.1067, 50.1957], [139.0647, 50.1673], [138.9535, 50.1698], [138.9384, 50.1092], [139.0311, 50.0089], [139.1583, 49.9667], [139.2034, 49.9797], [139.2782, 49.9328], [139.425, 49.9792], [139.3963, 49.8938], [139.4244, 49.8228], [139.3417, 49.7917], [139.4121, 49.71], [139.3208, 49.6042], [139.2677, 49.6077], [139.2621, 49.6441], [139.1809, 49.6879], [139.12, 49.7701], [138.9792, 49.7417], [138.9274, 49.7788], [138.7708, 49.7625], [138.6458, 49.8458], [138.5374, 49.7905], [138.5323, 49.7549], [138.4708, 49.725], [138.5, 49.6917], [138.4673, 49.6551], [138.5286, 49.6314], [138.505, 49.5675], [138.6208, 49.5042], [138.8083, 49.5208], [138.775, 49.3875], [138.8042, 49.3292], [138.7173, 49.2782], [138.7241, 49.2175], [138.5686, 49.1828], [138.4879, 49.1104], [138.6, 48.95], [138.525, 48.9083], [138.5417, 48.8333], [138.5158, 48.7887], [138.1708, 48.6583], [138.1673, 48.5968], [138.3167, 48.4667], [138.1968, 48.4243], [138.1783, 48.3382], [138.0125, 48.3125], [137.9326, 48.2298], [137.7042, 48.2167], [137.6478, 48.2578], [137.5522, 48.2089], [137.4476, 48.1996], [137.3134, 48.1077], [137.3292, 48.0583], [137.415, 48.0246], [137.4267, 47.9879], [137.5024, 47.983], [137.5991, 47.9285], [137.6024, 47.8837], [137.5282, 47.8797], [137.4375, 47.825], [137.45, 47.7875], [137.6064, 47.8036], [137.7833, 47.7], [137.9066, 47.7496], [138.0458, 47.6875], [137.9757, 47.6093], [138.0667, 47.5875], [138.075, 47.5167], [137.998, 47.4631], [137.9167, 47.4583], [137.9111, 47.4001], [137.8778, 47.3786], [137.7491, 47.334], [137.7208, 47.3583], [137.6562, 47.3412], [137.5545, 47.2649], [137.65, 47.2], [137.6676, 47.0923], [137.7449, 47.0451], [137.7125, 47.0167], [137.7244, 46.9674], [137.7705, 46.9483], [137.7837, 46.8767], [137.825, 46.8458], [137.8256, 46.727], [137.8583, 46.6875], [137.8036, 46.6174], [137.8667, 46.5667], [137.7101, 46.5455], [137.6868, 46.4884], [137.6322, 46.4878], [137.5368, 46.411], [137.4833, 46.3083], [137.3531, 46.2536], [137.2551, 46.2535], [137.2583, 46.175], [137.0978, 46.1869], [137.0441, 46.1121], [136.8658, 46.1909], [136.7845, 46.1881], [136.6958, 46.1292], [136.6632, 46.0909], [136.6833, 46.0208], [136.6121, 45.9608], [136.6625, 45.8625], [136.5137, 45.8047], [136.5586, 45.7303], [136.4131, 45.6824], [136.391, 45.5339], [136.4409, 45.5117], [136.4447, 45.4793], [136.3437, 45.4536], [136.3284, 45.3883], [136.2342, 45.3616], [136.228, 45.3119], [136.1417, 45.325], [136.1208, 45.275], [136.025, 45.3083], [135.9316, 45.217], [135.8125, 45.1708], [135.8286, 45.0811], [135.7583, 44.9583], [135.8125, 44.825], [135.7743, 44.7508], [135.6676, 44.741], [135.5938, 44.6255], [135.477, 44.6256], [135.461, 44.675], [135.2333, 44.6583], [135.2539, 44.597], [135.3117, 44.5866], [135.3417, 44.5375], [135.1991, 44.5006], [135.1167, 44.425], [135.0566, 44.4462], [134.9792, 44.4167], [134.9875, 44.375], [134.8964, 44.2855], [135.0167, 44.2125], [134.9964, 44.127], [135.0708, 44.0375], [134.8917, 44.0375], [134.7884, 44.0676], [134.7417, 44.1208], [134.5717, 44.0741], [134.5619, 44.0217], [134.4887, 44.0172], [134.4875, 43.9667], [134.4214, 43.9314], [134.525, 43.8125], [134.4333, 43.7417], [134.4285, 43.6509], [134.355, 43.6326], [134.31, 43.5746], [134.1642, 43.558], [134.1333, 43.5125], [133.9917, 43.5167], [133.9333, 43.5833], [133.8733, 43.5621], [133.7009, 43.5925], [133.4515, 43.7083], [133.4125, 43.6708], [133.2524, 43.6712], [133.1917, 43.6417], [133.1625, 43.5667], [133.2215, 43.5408], [133.2167, 43.475], [133.1647, 43.4464], [133.0142, 43.4455], [132.9083, 43.3958], [132.8409, 43.4203], [132.7545, 43.5476], [132.775, 43.5833], [132.7052, 43.6132], [132.6784, 43.6826], [132.6074, 43.7243], [132.4907, 43.7161], [132.4667, 43.7708], [132.1967, 43.8134], [132.1701, 43.9201], [131.9917, 44.075], [131.7833, 44.0708], [131.7667, 44.1292], [131.6883, 44.1549], [131.5983, 44.2413], [131.5032, 44.2547], [131.3762, 44.1994], [131.3397, 44.2328], [131.2, 44.225], [131.1919, 44.3575], [131.1577, 44.3902], [131.2211, 44.4364], [131.177, 44.4411], [131.1708, 44.4875], [131.2785, 44.5408], [131.2367, 44.6076], [131.1167, 44.65], [131.0583, 44.7833], [131.0142, 44.7795], [130.959, 44.8241], [130.9506, 44.7595], [130.8625, 44.7167], [130.84, 44.6504], [130.7417, 44.5708], [130.6875, 44.5917], [130.6743, 44.5508], [130.5677, 44.5077], [130.5125, 44.4417], [130.5333, 44.3667], [130.5004, 44.3184], [130.5295, 44.285], [130.5288, 44.2017], [130.3858, 44.0504], [130.3091, 44.0367], [130.2534, 43.9466], [130.1625, 43.9292], [130.0603, 43.834], [130.0089, 43.8728], [129.9955, 43.9899], [129.9312, 44.0287], [129.7757, 43.9617], [129.7746, 43.8975], [129.7333, 43.875], [129.4875, 43.8792], [129.3605, 43.7964], [129.2476, 43.8163], [129.2087, 43.7858], [129.2243, 43.5883], [129.0879, 43.5483], [129.1491, 43.4868], [129.159, 43.4218], [129.2075, 43.4075], [129.1793, 43.3679], [128.9816, 43.4004], [128.7439, 43.2756], [128.6716, 43.2825], [128.6208, 43.1667], [128.6708, 43.1292], [128.5964, 43.0824], [128.5917, 43.0479], [128.6208, 42.9875], [128.8083, 42.925], [128.7881, 42.8938], [128.8167, 42.8292], [128.7702, 42.7713], [128.8375, 42.7125], [128.6828, 42.5801], [128.6912, 42.5104], [128.6384, 42.4576], [128.6911, 42.3856], [128.6542, 42.3458], [128.6909, 42.3049], [128.6103, 42.2994], [128.5272, 42.2215], [128.3917, 42.2083], [128.4542, 42.0458], [128.2574, 41.9869], [128.0811, 41.9911], [128.0787, 41.8646], [128.0491, 41.8215], [127.825, 41.7083], [127.8125, 41.7375], [127.5792, 41.8042], [127.542, 41.8392], [127.5583, 41.8875], [127.4699, 41.8869], [127.3574, 41.9506], [127.197, 41.9203], [127.1417, 41.9917], [126.9951, 42.0089], [126.9437, 41.9375], [126.7875, 42.0], [126.8283, 42.1201], [126.6967, 42.1259], [126.6911, 42.2116], [126.575, 42.225], [126.5125, 42.2833], [126.4042, 42.2708], [126.3397, 42.1839], [126.0083, 42.1292], [125.9897, 42.0881], [125.905, 42.07], [125.9658, 42.0535], [125.9525, 42.017], [125.8719, 41.9952], [125.8617, 41.9508], [125.8048, 41.945], [125.7608, 41.892], [125.6608, 41.9045], [125.6145, 41.8797], [125.525, 41.975], [125.3875, 41.9042], [125.2583, 42.0], [125.1625, 42.0], [125.0967, 42.066], [125.2242, 42.1216], [125.242, 42.1975], [125.1783, 42.2619], [125.1119, 42.2637], [125.1621, 42.2892], [125.1634, 42.3533], [125.1958, 42.3667], [125.1826, 42.4241], [125.0839, 42.4968], [125.0954, 42.6146], [125.0542, 42.6208], [125.0756, 42.6783], [125.1941, 42.6629], [125.3208, 42.7167], [125.3267, 42.7496], [125.4583, 42.75], [125.4967, 42.8283], [125.5324, 42.8339], [125.5125, 42.9318], [125.5833, 42.9625], [125.5756, 42.9988], [125.5024, 43.0288], [125.3542, 43.175], [125.284, 43.1801], [125.1965, 43.2549], [125.1739, 43.3202], [125.1333, 43.322], [125.1282, 43.3824], [125.025, 43.4458], [125.1042, 43.5333], [125.0087, 43.5892], [124.965, 43.6788], [124.9125, 43.6875], [124.9025, 43.7413], [124.842, 43.7517], [124.7618, 43.9201], [124.6333, 43.9875], [124.6333, 44.0583], [124.3177, 44.1423], [124.2458, 44.0667], [123.9167, 44.025], [123.8417, 44.0583], [123.841, 44.0908], [123.7676, 44.0964], [123.7208, 44.1542], [123.6113, 44.125], [123.5688, 44.1578], [123.5, 44.1292], [123.077, 44.2422], [123.0134, 44.2675], [123.0, 44.3083], [122.883, 44.316], [122.5853, 44.4298], [122.4453, 44.5339], [122.37, 44.5161], [122.2659, 44.5714], [122.2042, 44.525], [122.1281, 44.5658], [122.0908, 44.5496], [122.0256, 44.6259], [122.02, 44.6783], [121.9512, 44.6994], [121.8034, 44.8532], [121.5603, 44.9631], [121.399, 45.0911], [121.2726, 45.0754], [121.1483, 45.1663], [120.6642, 45.2205], [120.6035, 45.1342], [120.3676, 45.0368], [120.3524, 44.9879], [120.2583, 44.9708], [120.2049, 44.9801], [120.1396, 45.0667], [120.025, 45.1], [119.8343, 45.0453], [119.7228, 45.0547], [119.7, 45.0833], [119.7364, 45.1378], [119.5826, 45.1881], [119.5083, 45.1875], [119.4855, 45.1214], [119.3583, 45.075], [119.2167, 45.1417], [119.1125, 45.0167], [119.2208, 44.9333], [119.208, 44.8988], [119.2542, 44.85], [119.1382, 44.8367], [119.1409, 44.8091], [119.0875, 44.7833], [119.1172, 44.751], [119.1032, 44.7257], [118.9917, 44.65], [118.9566, 44.5462], [118.7774, 44.4545], [118.6491, 44.4411], [118.6076, 44.4672], [118.4718, 44.391], [118.4702, 44.3426], [118.4201, 44.3134], [118.2934, 44.308], [118.2583, 44.2792], [118.1625, 44.3], [118.1077, 44.1301], [118.0583, 44.1], [117.9858, 44.108], [117.9451, 44.1576], [117.8708, 44.1583], [117.8701, 44.101], [117.7875, 44.0292], [117.6342, 44.0283], [117.6074, 43.9757], [117.5395, 43.9619], [117.5, 43.9], [117.5137, 43.8536], [117.5625, 43.85], [117.5129, 43.7358], [117.5333, 43.675], [117.438, 43.5896], [117.4746, 43.5059], [117.4, 43.45], [117.3618, 43.3634], [117.1254, 43.265], [117.1501, 43.2404], [117.116, 43.1989], [117.1292, 43.15], [117.0875, 43.125], [117.025, 43.1625], [116.9715, 43.1147], [116.9881, 43.0784], [116.9566, 43.042], [116.8892, 43.0621], [116.8708, 43.0083], [116.7716, 43.0159], [116.6843, 42.9451], [116.6458, 42.8292], [116.5938, 42.8296], [116.4131, 42.9395], [116.4135, 43.0078], [116.4496, 43.0149], [116.3883, 43.042], [116.3835, 43.124], [116.3495, 43.1551], [116.3667, 43.2083], [116.3248, 43.2654], [116.3583, 43.3333], [116.3077, 43.3955], [116.3375, 43.4208], [116.1125, 43.4542], [116.0115, 43.6535], [115.9571, 43.6244], [115.85, 43.65], [115.7917, 43.6125], [115.7125, 43.6208], [115.6292, 43.6833], [115.6792, 43.7917], [115.6241, 43.9077], [115.3425, 43.9384], [115.3, 44.0042], [115.3366, 44.0132], [115.3417, 44.0833], [115.2884, 44.1006], [115.2705, 44.1517], [115.3133, 44.2284], [115.3583, 44.2458], [115.2951, 44.2991]], [[126.0072, 42.1337], [126.0036, 42.1304], [126.0083, 42.1292], [126.0072, 42.1337]], [[113.2, 49.9375], [113.1667, 49.9375], [113.2022, 49.9369], [113.2, 49.9375]], [[118.1741, 47.4217], [118.1708, 47.4208], [118.1708, 47.4208], [118.1741, 47.4217]], [[123.7958, 52.0208], [123.7962, 52.0233], [123.7958, 52.0208], [123.7958, 52.0208]], [[122.0708, 49.5167], [122.0715, 49.5283], [122.0434, 49.5163], [122.0708, 49.5167]], [[126.5417, 48.0], [126.5441, 47.9996], [126.5408, 48.0035], [126.5417, 48.0]], [[135.8167, 52.3708], [135.8167, 52.3667], [135.8167, 52.3667], [135.8167, 52.3708]]]}}, {"type": "Feature", "properties": {"id": "rhine", "name": "Rhine", "country": "Germany"}, "geometry": {"type": "Polygon", "coordinates": [[[8.7033, 46.5827], [8.6409, 46.5661], [8.6118, 46.5797], [8.5813, 46.563], [8.5679, 46.5672], [8.548, 46.5464], [8.5021, 46.5338], [8.4951, 46.5381], [8.475, 46.5292], [8.4647, 46.5369], [8.4395, 46.5381], [8.4257, 46.5467], [8.4078, 46.5866], [8.409, 46.6074], [8.4208, 46.6125], [8.4205, 46.6316], [8.4158, 46.6493], [8.4017, 46.6496], [8.3708, 46.6333], [8.3619, 46.5895], [8.3355, 46.5547], [8.3145, 46.5536], [8.2608, 46.5295], [8.2267, 46.5288], [8.1875, 46.5167], [8.173, 46.5286], [8.1353, 46.5297], [8.0816, 46.5538], [8.0559, 46.5504], [8.0025, 46.5587], [7.9703, 46.5405], [7.9756, 46.5257], [7.9699, 46.509], [7.9108, 46.4837], [7.8434, 46.4788], [7.7066, 46.4087], [7.6991, 46.4243], [7.6868, 46.4256], [7.6145, 46.3994], [7.5939, 46.3839], [7.5618, 46.3828], [7.5417, 46.3958], [7.5282, 46.3798], [7.5009, 46.3786], [7.4958, 46.3708], [7.4787, 46.384], [7.4472, 46.3702], [7.4403, 46.3833], [7.4145, 46.3785], [7.3625, 46.35], [7.3176, 46.3452], [7.3115, 46.3339], [7.2813, 46.3296], [7.2657, 46.3381], [7.2208, 46.3167], [7.2077, 46.3699], [7.1958, 46.3792], [7.1133, 46.3799], [7.1045, 46.4006], [7.077, 46.3994], [7.0604, 46.3881], [7.0312, 46.391], [7.0125, 46.3792], [6.9926, 46.3961], [7.0006, 46.4171], [6.9913, 46.4325], [6.9798, 46.4342], [6.9792, 46.4708], [6.9996, 46.5059], [6.9908, 46.5452], [6.952, 46.5494], [6.9201, 46.5369], [6.9033, 46.5506], [6.8828, 46.5134], [6.8522, 46.4922], [6.8282, 46.4911], [6.784, 46.5301], [6.7783, 46.5576], [6.7534, 46.5714], [6.725, 46.5542], [6.7083, 46.5667], [6.7167, 46.5875], [6.6941, 46.6121], [6.6738, 46.5994], [6.6145, 46.6047], [6.6007, 46.6131], [6.5792, 46.6083], [6.5875, 46.6229], [6.5691, 46.6621], [6.5316, 46.6538], [6.5191, 46.6621], [6.4767, 46.667], [6.4441, 46.6871], [6.4184, 46.683], [6.3858, 46.6587], [6.3458, 46.6458], [6.3208, 46.6167], [6.3205, 46.6017], [6.2851, 46.5788], [6.2691, 46.5587], [6.2542, 46.5542], [6.222, 46.5631], [6.22, 46.555], [6.1436, 46.5036], [6.1108, 46.467], [6.0854, 46.4588], [6.0626, 46.4765], [6.0672, 46.4841], [6.0578, 46.5071], [6.0743, 46.5134], [6.0754, 46.5407], [6.1434, 46.5996], [6.25, 46.6625], [6.2537, 46.6688], [6.2411, 46.6884], [6.2468, 46.6951], [6.3033, 46.709], [6.3228, 46.7244], [6.3493, 46.7301], [6.3547, 46.7522], [6.3869, 46.776], [6.3967, 46.8158], [6.4282, 46.8257], [6.4418, 46.839], [6.4255, 46.8563], [6.4337, 46.8656], [6.4676, 46.8868], [6.52, 46.8966], [6.5161, 46.9153], [6.5241, 46.9176], [6.5351, 46.9413], [6.5896, 46.9579], [6.6076, 46.9453], [6.6218, 46.9619], [6.6458, 46.9625], [6.6699, 46.9757], [6.6759, 46.9908], [6.7772, 47.0339], [6.8042, 47.0583], [6.8583, 47.0833], [6.8634, 47.1076], [6.9309, 47.1455], [6.9858, 47.1629], [6.9913, 47.1733], [6.9792, 47.2042], [6.9708, 47.2042], [6.9715, 47.2365], [6.9836, 47.2492], [6.9993, 47.2508], [7.0, 47.2667], [7.0853, 47.2994], [7.1189, 47.3047], [7.1814, 47.3381], [7.1967, 47.3616], [7.2167, 47.3723], [7.2125, 47.3833], [7.2292, 47.3875], [7.2244, 47.4009], [7.2422, 47.4363], [7.1816, 47.433], [7.1754, 47.4392], [7.1868, 47.4466], [7.1824, 47.4826], [7.1375, 47.5042], [7.1494, 47.5229], [7.1449, 47.5324], [7.0744, 47.6034], [7.0782, 47.6207], [7.0496, 47.6301], [7.0625, 47.6583], [7.0577, 47.6783], [7.0341, 47.6926], [7.0454, 47.7187], [7.0408, 47.7285], [7.0215, 47.7343], [7.0208, 47.7458], [6.99, 47.7545], [6.9733, 47.7496], [6.9149, 47.7788], [6.8684, 47.7837], [6.8417, 47.8208], [6.8208, 47.8125], [6.7872, 47.8303], [6.7922, 47.8385], [6.7823, 47.8494], [6.7551, 47.8506], [6.7533, 47.8575], [6.6917, 47.8792], [6.6909, 47.8868], [6.6687, 47.8881], [6.6341, 47.9093], [6.6289, 47.9241], [6.6115, 47.9368], [6.5958, 47.9375], [6.6047, 47.9632], [6.5923, 47.9717], [6.5917, 47.9833], [6.5375, 47.9833], [6.5367, 48.0003], [6.4958, 47.9958], [6.4952, 48.0158], [6.4625, 48.0333], [6.4672, 48.0488], [6.4506, 48.0593], [6.4494, 48.0783], [6.4381, 48.0844], [6.4367, 48.124], [6.4188, 48.1171], [6.3958, 48.1333], [6.3426, 48.134], [6.3125, 48.175], [6.2733, 48.1545], [6.2542, 48.1583], [6.2491, 48.1298], [6.2259, 48.1285], [6.2321, 48.1086], [6.1875, 48.0917], [6.1783, 48.1034], [6.1284, 48.1036], [6.1075, 48.1325], [6.076, 48.1421], [6.0657, 48.1618], [6.0301, 48.1535], [6.028, 48.1455], [6.0176, 48.1547], [6.0125, 48.1708], [6.0212, 48.185], [6.0075, 48.2116], [5.9964, 48.2177], [5.9958, 48.2375], [6.0089, 48.2424], [5.9994, 48.2718], [6.0079, 48.2812], [5.9965, 48.2967], [6.0006, 48.328], [5.9911, 48.3343], [6.0167, 48.3557], [6.0083, 48.3708], [5.9926, 48.3714], [5.9786, 48.3966], [5.9836, 48.403], [5.9673, 48.4135], [5.9711, 48.4364], [5.9425, 48.4467], [5.9339, 48.4603], [5.9589, 48.4905], [5.9506, 48.4926], [5.95, 48.5042], [5.9267, 48.5045], [5.9075, 48.5243], [5.8829, 48.5202], [5.8299, 48.5466], [5.8381, 48.5755], [5.816, 48.5963], [5.8208, 48.6208], [5.7925, 48.6259], [5.7866, 48.641], [5.7578, 48.6512], [5.776, 48.6913], [5.7958, 48.7], [5.7715, 48.7176], [5.7535, 48.7449], [5.7024, 48.7621], [5.6854, 48.7583], [5.674, 48.7866], [5.6577, 48.7827], [5.6438, 48.7952], [5.6257, 48.7966], [5.6243, 48.8271], [5.612, 48.8532], [5.6417, 48.9], [5.6628, 48.9241], [5.6742, 48.9258], [5.675, 48.9833], [5.6699, 48.991], [5.6375, 48.9958], [5.6275, 49.0121], [5.5892, 49.0254], [5.5629, 49.0559], [5.558, 49.0774], [5.5358, 49.0955], [5.5208, 49.0958], [5.5167, 49.1125], [5.5059, 49.1129], [5.4875, 49.1292], [5.4869, 49.1397], [5.4587, 49.1726], [5.4625, 49.1813], [5.4375, 49.1917], [5.425, 49.2063], [5.4371, 49.2184], [5.4333, 49.2583], [5.4537, 49.2673], [5.4662, 49.2619], [5.5105, 49.2673], [5.5368, 49.284], [5.5574, 49.2789], [5.5679, 49.3043], [5.5784, 49.2952], [5.612, 49.2952], [5.6417, 49.3083], [5.6958, 49.2542], [5.7358, 49.2496], [5.7476, 49.2337], [5.7875, 49.2333], [5.7879, 49.2566], [5.7962, 49.2691], [5.8285, 49.2926], [5.8297, 49.3071], [5.8167, 49.3125], [5.8174, 49.3326], [5.8328, 49.3341], [5.8511, 49.366], [5.8742, 49.3676], [5.8758, 49.3784], [5.9284, 49.3966], [5.9371, 49.4267], [5.9325, 49.4534], [5.9042, 49.45], [5.8913, 49.4767], [5.9173, 49.5116], [5.9493, 49.5301], [5.9578, 49.5603], [5.9536, 49.5855], [5.9208, 49.6083], [5.9049, 49.6034], [5.9033, 49.5882], [5.8728, 49.5881], [5.8658, 49.5993], [5.8509, 49.6007], [5.8413, 49.6155], [5.8493, 49.6176], [5.8537, 49.6354], [5.8173, 49.6551], [5.8214, 49.6882], [5.8117, 49.7118], [5.7787, 49.7173], [5.7537, 49.7077], [5.7008, 49.7174], [5.6924, 49.7409], [5.7215, 49.7514], [5.7174, 49.7825], [5.7369, 49.7967], [5.7375, 49.8083], [5.7125, 49.8167], [5.6429, 49.8119], [5.6408, 49.8201], [5.6272, 49.8244], [5.5929, 49.8203], [5.5688, 49.8458], [5.5233, 49.8413], [5.5083, 49.85], [5.5036, 49.8696], [5.5118, 49.8717], [5.5172, 49.8882], [5.5042, 49.9083], [5.5262, 49.9422], [5.5772, 49.9381], [5.6033, 49.9465], [5.6103, 49.9578], [5.6522, 49.9672], [5.6708, 49.9792], [5.6634, 49.995], [5.7105, 50.0047], [5.7259, 50.0243], [5.7458, 50.0333], [5.7649, 50.0337], [5.7934, 50.0496], [5.8199, 50.0506], [5.8436, 50.0703], [5.8656, 50.0715], [5.8953, 50.102], [5.9051, 50.1329], [5.9259, 50.1493], [6.0167, 50.1792], [6.0213, 50.1948], [6.0091, 50.2051], [6.0078, 50.2301], [6.0161, 50.2395], [6.0172, 50.2613], [6.0092, 50.2826], [6.0491, 50.2882], [6.0659, 50.3006], [6.0826, 50.2911], [6.1948, 50.3132], [6.2062, 50.3244], [6.2282, 50.3257], [6.2743, 50.3714], [6.2896, 50.3671], [6.3199, 50.3799], [6.322, 50.3881], [6.3458, 50.3833], [6.3771, 50.4167], [6.4441, 50.4129], [6.4604, 50.4208], [6.4941, 50.4121], [6.5116, 50.416], [6.5243, 50.4036], [6.5493, 50.4131], [6.575, 50.4083], [6.6101, 50.433], [6.6274, 50.4337], [6.6517, 50.458], [6.6684, 50.4538], [6.6955, 50.4684], [6.6867, 50.495], [6.6271, 50.5243], [6.5882, 50.5216], [6.5875, 50.5375], [6.5616, 50.566], [6.5, 50.5917], [6.5163, 50.6059], [6.5246, 50.6392], [6.5129, 50.6601], [6.5092, 50.6908], [6.5605, 50.7089], [6.5743, 50.7218], [6.587, 50.7771], [6.53, 50.8342], [6.5282, 50.8577], [6.4978, 50.8631], [6.4408, 50.9326], [6.4118, 50.9286], [6.377, 50.9381], [6.3578, 50.9531], [6.3853, 50.9703], [6.4106, 50.9714], [6.4228, 50.9828], [6.4542, 50.9917], [6.4455, 51.01], [6.45, 51.025], [6.4631, 51.0299], [6.4578, 51.053], [6.4881, 51.0696], [6.4799, 51.0717], [6.475, 51.0875], [6.5284, 51.1047], [6.5387, 51.0953], [6.5522, 51.0964], [6.58, 51.1241], [6.625, 51.1458], [6.6243, 51.1575], [6.6093, 51.1628], [6.6077, 51.1713], [6.6161, 51.1896], [6.6077, 51.2255], [6.6202, 51.2343], [6.6208, 51.2708], [6.5951, 51.2619], [6.578, 51.2794], [6.5625, 51.275], [6.5667, 51.2905], [6.5462, 51.3104], [6.563, 51.3238], [6.5595, 51.3336], [6.5646, 51.3296], [6.5782, 51.3422], [6.6113, 51.3328], [6.6245, 51.3604], [6.6083, 51.4], [6.584, 51.4134], [6.566, 51.4949], [6.5353, 51.5089], [6.5134, 51.53], [6.5046, 51.5437], [6.508, 51.5608], [6.4941, 51.5746], [6.4583, 51.5833], [6.4287, 51.5785], [6.3925, 51.5882], [6.3798, 51.6052], [6.3792, 51.6292], [6.35, 51.6417], [6.3414, 51.6532], [6.2875, 51.6721], [6.2993, 51.6854], [6.3007, 51.7159], [6.2104, 51.7215], [6.1896, 51.7369], [6.1576, 51.7285], [6.1287, 51.7465], [6.1079, 51.7369], [6.08, 51.7424], [6.0708, 51.7625], [6.0392, 51.7455], [6.0179, 51.7589], [6.0158, 51.7507], [5.9991, 51.7453], [5.9826, 51.7547], [5.9689, 51.7464], [5.9312, 51.7465], [5.9133, 51.7593], [5.9035, 51.7796], [5.9215, 51.813], [5.9167, 51.8208], [5.8855, 51.8286], [5.8409, 51.8203], [5.8262, 51.8256], [5.8199, 51.8132], [5.7833, 51.7958], [5.7676, 51.8007], [5.761, 51.8125], [5.7409, 51.8078], [5.6882, 51.8342], [5.6868, 51.8449], [5.6689, 51.8578], [5.5784, 51.8672], [5.5399, 51.8587], [5.4775, 51.8629], [5.4542, 51.8542], [5.4439, 51.8381], [5.402, 51.8286], [5.3591, 51.7953], [5.3335, 51.7988], [5.3134, 51.7786], [5.1601, 51.7788], [5.1316, 51.758], [5.1191, 51.7663], [5.0941, 51.767], [5.04, 51.758], [5.0333, 51.7625], [5.0422, 51.7716], [5.023, 51.7911], [4.9784, 51.7964], [4.9625, 51.7875], [4.9042, 51.7917], [4.8983, 51.8038], [4.8816, 51.8121], [4.8191, 51.8129], [4.7771, 51.8042], [4.7216, 51.8118], [4.7256, 51.7871], [4.7083, 51.7708], [4.6858, 51.7788], [4.6708, 51.775], [4.6289, 51.7923], [4.6199, 51.7801], [4.58, 51.7617], [4.5783, 51.7508], [4.551, 51.7407], [4.5408, 51.7221], [4.5187, 51.7257], [4.5077, 51.7336], [4.5132, 51.7448], [4.4414, 51.7633], [4.4458, 51.7708], [4.4216, 51.7674], [4.4298, 51.8049], [4.4161, 51.82], [4.3966, 51.826], [4.3913, 51.8381], [4.3454, 51.8327], [4.3083, 51.8458], [4.2574, 51.8411], [4.2395, 51.8506], [4.2, 51.8875], [4.2131, 51.9113], [4.15, 51.9437], [4.15, 51.9625], [4.1667, 51.9708], [4.1674, 51.9784], [4.1825, 51.9799], [4.1842, 51.9908], [4.224, 52.0008], [4.2338, 52.0158], [4.2462, 52.0177], [4.2339, 52.0312], [4.2423, 52.0462], [4.2369, 52.0548], [4.2463, 52.0659], [4.2605, 52.0673], [4.2875, 52.0917], [4.3121, 52.101], [4.327, 52.1203], [4.3686, 52.1411], [4.3826, 52.1286], [4.3949, 52.1298], [4.4061, 52.1453], [4.4284, 52.1506], [4.4618, 52.1411], [4.498, 52.1453], [4.5083, 52.1417], [4.5, 52.1167], [4.5146, 52.1131], [4.5271, 52.1202], [4.5868, 52.1118], [4.5875, 52.0958], [4.6104, 52.1119], [4.6222, 52.0994], [4.6313, 52.1006], [4.6409, 52.1051], [4.6427, 52.1173], [4.6583, 52.1042], [4.659, 52.0841], [4.6938, 52.0952], [4.7242, 52.0823], [4.7258, 52.0715], [4.7916, 52.0613], [4.8, 52.0417], [4.814, 52.0542], [4.8228, 52.0464], [4.8771, 52.0505], [4.9159, 52.0756], [4.9243, 52.0703], [4.9409, 52.0756], [5.0147, 52.0744], [5.0603, 52.0506], [5.0792, 52.05], [5.0792, 52.0417], [5.1063, 52.0375], [5.1458, 52.0458], [5.1368, 52.0627], [5.1425, 52.0877], [5.1534, 52.0823], [5.155, 52.0716], [5.1794, 52.0757], [5.2188, 52.0631], [5.2383, 52.0826], [5.2739, 52.084], [5.2809, 52.0913], [5.3, 52.0875], [5.3417, 52.1042], [5.3452, 52.0801], [5.3333, 52.075], [5.3339, 52.0592], [5.3686, 52.0422], [5.3949, 52.0368], [5.4184, 52.0212], [5.4783, 52.0158], [5.4978, 52.0006], [5.5272, 51.9994], [5.5478, 51.9839], [5.5759, 51.9922], [5.6174, 51.9744], [5.6452, 51.9968], [5.6467, 52.0077], [5.6899, 52.0087], [5.7042, 52.0208], [5.6872, 52.0616], [5.6758, 52.0633], [5.6742, 52.0742], [5.6542, 52.0875], [5.7, 52.0875], [5.7534, 52.0619], [5.8145, 52.0953], [5.8439, 52.0964], [5.8743, 52.1089], [5.8991, 52.0994], [5.9188, 52.1037], [5.9455, 52.0899], [5.9458, 52.0708], [5.9742, 52.0617], [5.9758, 52.0461], [5.9948, 52.0409], [5.9771, 52.0215], [5.9549, 52.0201], [5.9589, 51.977], [5.977, 51.9506], [5.9951, 51.9411], [6.0324, 51.9452], [6.0534, 51.9286], [6.1147, 51.9297], [6.1284, 51.9381], [6.1699, 51.9327], [6.1756, 51.9259], [6.1744, 51.9092], [6.1664, 51.9072], [6.1715, 51.8842], [6.1826, 51.8786], [6.1991, 51.884], [6.225, 51.9125], [6.2451, 51.891], [6.2855, 51.8994], [6.3524, 51.8788], [6.3708, 51.8708], [6.377, 51.8547], [6.4325, 51.8283], [6.4384, 51.8175], [6.4953, 51.7949], [6.5036, 51.7855], [6.5042, 51.7667], [6.5282, 51.7618], [6.5381, 51.7421], [6.5334, 51.7139], [6.5437, 51.7047], [6.5575, 51.7075], [6.5591, 51.6966], [6.5729, 51.6922], [6.599, 51.6952], [6.6375, 51.6667], [6.6449, 51.6714], [6.6698, 51.6578], [6.7363, 51.6589], [6.7505, 51.6739], [6.7421, 51.6896], [6.7465, 51.7032], [6.7574, 51.6995], [6.8032, 51.7214], [6.841, 51.7216], [6.8423, 51.7397], [6.8615, 51.7466], [6.8759, 51.7785], [6.8967, 51.791], [6.9439, 51.8006], [6.9728, 51.8203], [6.9917, 51.8208], [6.9924, 51.8409], [7.0417, 51.8375], [7.0452, 51.8521], [7.0368, 51.8836], [7.0419, 51.8909], [7.0617, 51.8924], [7.0667, 51.925], [7.0917, 51.9125], [7.0967, 51.9202], [7.1229, 51.9245], [7.1451, 51.9161], [7.1646, 51.9245], [7.1826, 51.9161], [7.2034, 51.9256], [7.2188, 51.9171], [7.2354, 51.9245], [7.2563, 51.9213], [7.2771, 51.9329], [7.2822, 51.9289], [7.302, 51.9453], [7.3208, 51.9458], [7.3292, 51.9708], [7.4064, 51.9536], [7.4354, 51.9296], [7.4436, 51.9369], [7.5064, 51.9411], [7.5579, 51.924], [7.5625, 51.9167], [7.5467, 51.9116], [7.5345, 51.8837], [7.5865, 51.8453], [7.6188, 51.8537], [7.6292, 51.8458], [7.6286, 51.8301], [7.6177, 51.8174], [7.6464, 51.8071], [7.6131, 51.7814], [7.6008, 51.7383], [7.6774, 51.733], [7.7025, 51.7288], [7.7083, 51.7208], [7.7354, 51.7369], [7.7663, 51.7423], [7.8105, 51.741], [7.833, 51.7327], [7.8646, 51.7411], [7.9108, 51.7246], [7.9775, 51.7246], [8.0059, 51.7371], [8.0741, 51.7424], [8.0983, 51.7754], [8.1941, 51.7663], [8.2025, 51.758], [8.2184, 51.7663], [8.2983, 51.7754], [8.3167, 51.775], [8.3275, 51.758], [8.3441, 51.767], [8.3563, 51.7625], [8.365, 51.7712], [8.4274, 51.7705], [8.4525, 51.7496], [8.4775, 51.7496], [8.6105, 51.7797], [8.625, 51.7958], [8.6647, 51.7964], [8.6826, 51.8047], [8.7314, 51.8006], [8.7728, 51.8244], [8.824, 51.8339], [8.8299, 51.8491], [8.8561, 51.8703], [8.8637, 51.8619], [8.8854, 51.8662], [8.916, 51.8533], [8.9297, 51.8385], [8.9175, 51.8259], [8.9353, 51.8131], [8.95, 51.8125], [8.9712, 51.7684], [8.9917, 51.7521], [8.9833, 51.7438], [9.0, 51.6958], [8.9712, 51.6816], [8.9839, 51.6507], [8.9703, 51.6363], [8.977, 51.6256], [8.9961, 51.6197], [8.9923, 51.6009], [9.0116, 51.5952], [9.0116, 51.5757], [8.9689, 51.5631], [8.9302, 51.5619], [8.9201, 51.534], [8.8885, 51.5326], [8.8524, 51.4962], [8.8309, 51.4913], [8.8208, 51.475], [8.8059, 51.4746], [8.7691, 51.4462], [8.702, 51.4328], [8.6884, 51.4241], [8.6824, 51.409], [8.6561, 51.4036], [8.6397, 51.3881], [8.5715, 51.3741], [8.5701, 51.3634], [8.5583, 51.3583], [8.5672, 51.3426], [8.566, 51.3259], [8.5536, 51.3174], [8.5672, 51.2882], [8.5591, 51.2634], [8.6042, 51.2458], [8.5983, 51.2254], [8.5601, 51.2163], [8.5066, 51.1879], [8.4988, 51.192], [8.4825, 51.1675], [8.4667, 51.1625], [8.4524, 51.1462], [8.3976, 51.1288], [8.3733, 51.1045], [8.3434, 51.0913], [8.2747, 51.1048], [8.2354, 51.1036], [8.2283, 51.0831], [8.2167, 51.0875], [8.2022, 51.0715], [8.1674, 51.0618], [8.1661, 51.0513], [8.1923, 51.0338], [8.191, 51.0177], [8.1759, 51.016], [8.1625, 51.0], [8.1583, 50.975], [8.1698, 50.9743], [8.1869, 50.9521], [8.1872, 50.9342], [8.2046, 50.9328], [8.2167, 50.9458], [8.2538, 50.9385], [8.2715, 50.9699], [8.2978, 50.9869], [8.3409, 50.9786], [8.3783, 50.9839], [8.3833, 50.9917], [8.4479, 50.9671], [8.4729, 50.975], [8.4892, 50.9629], [8.5896, 50.9506], [8.5999, 50.9554], [8.5967, 50.97], [8.6257, 50.9831], [8.6164, 51.0033], [8.6458, 51.0083], [8.6521, 51.0005], [8.6576, 51.0047], [8.6771, 50.9963], [8.7062, 51.012], [8.7189, 51.0089], [8.7534, 51.0214], [8.7741, 51.016], [8.7884, 50.9923], [8.8366, 50.9923], [8.8551, 51.016], [8.8699, 51.0173], [8.8716, 51.0366], [8.8811, 51.0453], [8.923, 51.0464], [8.9458, 51.075], [8.9816, 51.0621], [9.025, 51.0667], [9.0292, 51.0375], [9.0161, 51.0243], [9.0329, 50.9896], [9.0255, 50.9604], [9.0369, 50.9533], [9.0375, 50.9417], [9.05, 50.9375], [9.0589, 50.9132], [9.0547, 50.8895], [9.0631, 50.8757], [9.0619, 50.8603], [9.0468, 50.8383], [9.0616, 50.8161], [9.0939, 50.8172], [9.1032, 50.8256], [9.1375, 50.8167], [9.1506, 50.8071], [9.151, 50.7879], [9.1689, 50.7869], [9.192, 50.7697], [9.1625, 50.7042], [9.167, 50.6684], [9.1809, 50.6587], [9.2025, 50.658], [9.2215, 50.6259], [9.25, 50.6], [9.2256, 50.5689], [9.2292, 50.5292], [9.2375, 50.5292], [9.2375, 50.5167], [9.2703, 50.4991], [9.2892, 50.467], [9.3226, 50.4545], [9.4042, 50.4542], [9.4118, 50.4453], [9.4647, 50.4494], [9.4881, 50.4405], [9.4786, 50.4363], [9.487, 50.4104], [9.484, 50.3884], [9.4951, 50.3828], [9.5034, 50.3881], [9.5409, 50.3786], [9.6396, 50.3829], [9.7257, 50.3661], [9.7509, 50.3869], [9.8147, 50.3881], [9.8375, 50.4], [9.8816, 50.3962], [9.925, 50.4125], [9.9386, 50.4294], [9.9615, 50.4256], [9.9811, 50.4578], [10.0243, 50.4634], [10.0507, 50.5074], [10.0714, 50.52], [10.0494, 50.5429], [10.0551, 50.5577], [10.0774, 50.5629], [10.0875, 50.575], [10.15, 50.5583], [10.1507, 50.5466], [10.1829, 50.5631], [10.2036, 50.5575], [10.2135, 50.5369], [10.2488, 50.5376], [10.2507, 50.5216], [10.2656, 50.5201], [10.276, 50.501], [10.3272, 50.491], [10.3368, 50.4827], [10.3521, 50.4839], [10.3696, 50.5002], [10.3843, 50.4799], [10.4326, 50.4659], [10.4423, 50.4424], [10.4383, 50.4175], [10.4604, 50.4042], [10.4746, 50.4184], [10.4754, 50.4483], [10.4983, 50.458], [10.5316, 50.4371], [10.5729, 50.45], [10.5926, 50.4122], [10.672, 50.4214], [10.6895, 50.4089], [10.7241, 50.4035], [10.7409, 50.3869], [10.7493, 50.3922], [10.7855, 50.3869], [10.8995, 50.3577], [10.92, 50.359], [10.9213, 50.3677], [10.9083, 50.3818], [10.9187, 50.3911], [10.9583, 50.3958], [10.9453, 50.4321], [10.9895, 50.4494], [11.0091, 50.4453], [11.0407, 50.4629], [11.0426, 50.4744], [11.0875, 50.475], [11.128, 50.5086], [11.1657, 50.4911], [11.1866, 50.4952], [11.1887, 50.4869], [11.2491, 50.5005], [11.3228, 50.4631], [11.3397, 50.4619], [11.3701, 50.4411], [11.3812, 50.4495], [11.4076, 50.4506], [11.4439, 50.4422], [11.4583, 50.4542], [11.4667, 50.4333], [11.4813, 50.425], [11.4941, 50.4337], [11.5271, 50.4167], [11.5792, 50.4167], [11.5797, 50.3978], [11.6047, 50.3716], [11.6007, 50.3509], [11.6245, 50.3271], [11.6214, 50.3061], [11.63, 50.2884], [11.6533, 50.2785], [11.6672, 50.2551], [11.6458, 50.2458], [11.6462, 50.2392], [11.6658, 50.2241], [11.6833, 50.1958], [11.745, 50.1659], [11.7467, 50.1545], [11.7804, 50.1291], [11.787, 50.134], [11.8083, 50.125], [11.8208, 50.0833], [11.812, 50.0716], [11.8364, 50.0701], [11.8583, 50.0542], [11.8667, 50.0375], [11.8479, 50.0213], [11.8303, 50.0294], [11.8246, 50.0017], [11.8083, 49.9771], [11.8125, 49.9708], [11.8048, 49.9656], [11.8071, 49.9455], [11.7966, 49.9491], [11.7551, 49.9243], [11.751, 49.9046], [11.7657, 49.8993], [11.7756, 49.8841], [11.7701, 49.8592], [11.7455, 49.8428], [11.7542, 49.8375], [11.7271, 49.8215], [11.7079, 49.8256], [11.6913, 49.8077], [11.6716, 49.8214], [11.659, 49.8201], [11.6542, 49.7875], [11.6832, 49.778], [11.6867, 49.7591], [11.6756, 49.7478], [11.6841, 49.7299], [11.7033, 49.7285], [11.7083, 49.7208], [11.7042, 49.7042], [11.68, 49.6908], [11.6657, 49.6714], [11.6285, 49.6658], [11.6628, 49.6384], [11.6354, 49.6327], [11.6215, 49.6188], [11.6208, 49.6], [11.6299, 49.5926], [11.64, 49.5958], [11.65, 49.5792], [11.6917, 49.5708], [11.6909, 49.5633], [11.6728, 49.566], [11.6615, 49.5508], [11.6468, 49.5456], [11.6506, 49.5243], [11.641, 49.5052], [11.6566, 49.5003], [11.6591, 49.4675], [11.6699, 49.4659], [11.6621, 49.4475], [11.6667, 49.4354], [11.6566, 49.4254], [11.6229, 49.4245], [11.6105, 49.4131], [11.565, 49.4212], [11.525, 49.3958], [11.5381, 49.38], [11.5342, 49.359], [11.5615, 49.3577], [11.5667, 49.3417], [11.5379, 49.3191], [11.5292, 49.2979], [11.5333, 49.2833], [11.5052, 49.2784], [11.517, 49.2553], [11.5033, 49.2425], [11.4743, 49.2547], [11.4256, 49.2425], [11.4244, 49.2616], [11.4116, 49.2743], [11.3792, 49.2833], [11.3746, 49.3059], [11.3839, 49.3238], [11.3625, 49.3292], [11.3437, 49.3244], [11.3367, 49.309], [11.3125, 49.3083], [11.3076, 49.2926], [11.2708, 49.275], [11.2797, 49.2655], [11.2785, 49.2509], [11.2714, 49.2491], [11.2703, 49.2145], [11.2619, 49.2051], [11.2661, 49.1853], [11.2546, 49.1729], [11.2625, 49.1292], [11.2426, 49.1286], [11.2284, 49.1161], [11.1407, 49.1214], [11.1314, 49.1131], [11.1083, 49.1125], [11.1167, 49.0792], [11.0925, 49.07], [11.0866, 49.059], [11.0717, 49.0616], [11.0522, 49.0256], [10.98, 49.0034], [10.9866, 48.9882], [10.9333, 48.9792], [10.9201, 49.0117], [10.9049, 49.0133], [10.909, 49.0757], [10.8823, 49.0993], [10.827, 49.1172], [10.7953, 49.1429], [10.8078, 49.1605], [10.7833, 49.1917], [10.7549, 49.1966], [10.7534, 49.2118], [10.7354, 49.2131], [10.7105, 49.2285], [10.652, 49.2298], [10.6409, 49.2493], [10.5995, 49.2548], [10.5679, 49.2458], [10.5575, 49.2618], [10.5167, 49.275], [10.5027, 49.2917], [10.4907, 49.2869], [10.466, 49.3241], [10.448, 49.3369], [10.4333, 49.3375], [10.4327, 49.3522], [10.4125, 49.3681], [10.4215, 49.3903], [10.3925, 49.4008], [10.3909, 49.4115], [10.3646, 49.4245], [10.322, 49.4203], [10.3157, 49.4326], [10.3054, 49.4339], [10.3033, 49.4259], [10.2833, 49.425], [10.2826, 49.4175], [10.2716, 49.4159], [10.2701, 49.4051], [10.25, 49.3875], [10.2662, 49.3521], [10.2539, 49.3261], [10.2618, 49.3241], [10.2708, 49.2833], [10.2534, 49.2786], [10.2429, 49.2839], [10.2365, 49.2715], [10.2061, 49.2661], [10.1716, 49.245], [10.1756, 49.2262], [10.1417, 49.2015], [10.1703, 49.177], [10.1658, 49.1674], [10.1375, 49.1583], [10.1504, 49.135], [10.1458, 49.125], [10.1858, 49.1121], [10.1917, 49.0917], [10.2, 49.0917], [10.2129, 49.0725], [10.2004, 49.0524], [10.1958, 49.0208], [10.2449, 49.0119], [10.2595, 48.9869], [10.2701, 48.9922], [10.3, 48.9875], [10.2962, 48.9684], [10.3129, 48.9517], [10.3121, 48.9434], [10.2994, 48.9216], [10.3042, 48.9098], [10.2786, 48.8905], [10.2827, 48.8634], [10.2493, 48.8536], [10.2179, 48.8589], [10.2074, 48.8494], [10.198, 48.8578], [10.1549, 48.8615], [10.1494, 48.845], [10.1702, 48.823], [10.1715, 48.8079], [10.1549, 48.7992], [10.1535, 48.7812], [10.1284, 48.7494], [10.0686, 48.7589], [10.05, 48.775], [10.0245, 48.7798], [10.0162, 48.7744], [9.9867, 48.7798], [9.9729, 48.7672], [9.9595, 48.7751], [9.9533, 48.7632], [9.9174, 48.7575], [9.9048, 48.7353], [9.9094, 48.7252], [9.9242, 48.7201], [9.9172, 48.6853], [9.9366, 48.6509], [9.9078, 48.6363], [9.9083, 48.6125], [9.8831, 48.6033], [9.8881, 48.5955], [9.8789, 48.5801], [9.8479, 48.5744], [9.8298, 48.5614], [9.8292, 48.5333], [9.7684, 48.542], [9.7545, 48.5559], [9.7458, 48.5833], [9.7395, 48.5828], [9.7134, 48.5661], [9.72, 48.5507], [9.7074, 48.5423], [9.6854, 48.538], [9.6729, 48.5495], [9.6104, 48.5255], [9.6021, 48.5329], [9.5855, 48.5214], [9.5551, 48.5202], [9.5417, 48.5042], [9.5465, 48.4801], [9.5789, 48.4635], [9.5632, 48.4575], [9.5625, 48.45], [9.5479, 48.4542], [9.5358, 48.4379], [9.5007, 48.4492], [9.495, 48.4257], [9.462, 48.4244], [9.4245, 48.4381], [9.4176, 48.4331], [9.3992, 48.4659], [9.3383, 48.48], [9.3367, 48.4909], [9.3, 48.4875], [9.3076, 48.4341], [9.2883, 48.4364], [9.2743, 48.3968], [9.2226, 48.3879], [9.1934, 48.4121], [9.1469, 48.3956], [9.1285, 48.355], [9.0786, 48.3589], [9.058, 48.3488], [9.0952, 48.3324], [9.0958, 48.3208], [9.0789, 48.305], [9.0951, 48.3034], [9.1003, 48.2759], [9.0429, 48.2536], [9.0411, 48.2783], [9.0147, 48.2953], [8.9875, 48.3042], [8.9708, 48.2958], [8.9792, 48.2708], [8.991, 48.2657], [8.9965, 48.2296], [8.984, 48.2242], [8.9827, 48.1968], [8.9758, 48.1949], [8.9708, 48.175], [8.9146, 48.1954], [8.8993, 48.1911], [8.8833, 48.2083], [8.8688, 48.1881], [8.8508, 48.1868], [8.8458, 48.1708], [8.7708, 48.175], [8.7494, 48.1466], [8.7508, 48.1382], [8.7833, 48.1292], [8.7792, 48.1083], [8.7674, 48.1033], [8.7619, 48.0882], [8.7714, 48.0759], [8.7591, 48.0494], [8.7007, 48.0631], [8.65, 48.0542], [8.6292, 48.0625], [8.6174, 48.0533], [8.6113, 48.0328], [8.5802, 48.0339], [8.5738, 48.0464], [8.5468, 48.0452], [8.5408, 48.034], [8.4966, 48.0161], [8.4875, 48.0208], [8.4964, 48.0341], [8.4911, 48.0424], [8.4964, 48.0509], [8.488, 48.0604], [8.5035, 48.0718], [8.5032, 48.0867], [8.4466, 48.0925], [8.4369, 48.1213], [8.4411, 48.1271], [8.4328, 48.1367], [8.4162, 48.1423], [8.3929, 48.1333], [8.3688, 48.1535], [8.3417, 48.1542], [8.3316, 48.142], [8.3017, 48.1413], [8.2952, 48.1217], [8.275, 48.1], [8.2341, 48.0828], [8.1936, 48.0922], [8.1814, 48.1036], [8.1542, 48.1], [8.1756, 48.0549], [8.1703, 48.0466], [8.1757, 48.0301], [8.2047, 48.0134], [8.1962, 47.985], [8.2434, 47.9504], [8.2512, 47.9547], [8.2603, 47.9422], [8.3939, 47.9203], [8.4809, 47.8795], [8.4892, 47.8788], [8.5, 47.8917], [8.5159, 47.891], [8.5258, 47.8508], [8.5367, 47.8492], [8.5383, 47.8341], [8.5833, 47.8208], [8.603, 47.8256], [8.6091, 47.8161], [8.6353, 47.8369], [8.698, 47.8589], [8.7009, 47.8784], [8.7244, 47.8886], [8.7256, 47.9063], [8.7437, 47.9202], [8.7796, 47.916], [8.7883, 47.9325], [8.8021, 47.9369], [8.8146, 47.9297], [8.8366, 47.9369], [8.8466, 47.9244], [8.8869, 47.9342], [8.8881, 47.9616], [8.9, 47.975], [8.9244, 47.9533], [8.925, 47.9333], [8.9563, 47.9327], [8.9771, 47.9172], [8.9955, 47.9259], [9.0014, 47.9381], [9.045, 47.9326], [9.0593, 47.8869], [9.0771, 47.8911], [9.0995, 47.8744], [9.1366, 47.8801], [9.158, 47.9059], [9.1583, 47.9167], [9.2146, 47.9202], [9.2479, 47.8965], [9.2951, 47.8867], [9.2966, 47.8677], [9.3081, 47.8618], [9.3182, 47.8715], [9.3396, 47.866], [9.4, 47.8292], [9.4133, 47.8701], [9.4438, 47.8786], [9.4687, 47.8548], [9.4958, 47.85], [9.4994, 47.8561], [9.495, 47.8908], [9.4622, 47.9178], [9.4797, 47.9427], [9.4672, 47.9561], [9.4728, 47.9661], [9.5283, 47.9884], [9.5436, 48.0036], [9.575, 48.0083], [9.5892, 47.992], [9.6284, 47.9883], [9.6343, 48.0115], [9.6534, 48.0256], [9.7032, 48.0202], [9.709, 48.0088], [9.7007, 48.0032], [9.6952, 47.9713], [9.7145, 47.9506], [9.7326, 47.941], [9.7521, 47.9422], [9.7736, 47.9584], [9.78, 47.9425], [9.7919, 47.9407], [9.7827, 47.9088], [9.8049, 47.8466], [9.8417, 47.8375], [9.852, 47.8494], [9.8908, 47.8577], [9.909, 47.8338], [9.9077, 47.8093], [9.8999, 47.8071], [9.9104, 47.7922], [9.9201, 47.7946], [9.9218, 47.7831], [9.945, 47.7868], [9.9573, 47.7799], [9.9634, 47.8044], [9.9833, 47.8029], [9.9969, 47.7716], [10.0156, 47.7701], [10.0216, 47.7372], [10.0373, 47.7465], [10.0623, 47.7465], [10.0998, 47.7324], [10.1004, 47.7059], [10.11, 47.692], [10.1559, 47.6913], [10.1858, 47.6962], [10.1917, 47.7042], [10.2173, 47.699], [10.2119, 47.6713], [10.2244, 47.6605], [10.2246, 47.6434], [10.185, 47.6246], [10.1788, 47.6184], [10.1824, 47.6007], [10.1717, 47.5993], [10.1647, 47.5881], [10.0826, 47.5703], [10.0493, 47.5797], [10.03, 47.57], [10.0299, 47.5591], [10.0469, 47.5423], [10.073, 47.541], [10.0867, 47.5285], [10.1587, 47.544], [10.1673, 47.534], [10.1658, 47.5212], [10.1049, 47.5034], [10.1035, 47.4898], [10.149, 47.4701], [10.1792, 47.425], [10.1738, 47.4161], [10.1375, 47.4167], [10.1369, 47.3844], [10.1135, 47.3743], [10.1033, 47.3548], [10.0801, 47.3493], [10.0714, 47.3355], [10.0827, 47.3241], [10.0839, 47.2968], [10.092, 47.285], [10.1025, 47.2746], [10.125, 47.2792], [10.1299, 47.255], [10.1423, 47.2532], [10.1322, 47.2334], [10.0561, 47.2286], [10.0397, 47.2131], [10.0131, 47.2074], [10.0119, 47.1884], [9.9917, 47.1875], [10.0037, 47.1619], [10.0329, 47.1715], [10.0576, 47.1535], [10.0742, 47.1591], [10.0804, 47.1792], [10.1032, 47.1699], [10.1055, 47.1619], [10.1397, 47.166], [10.152, 47.159], [10.2208, 47.1542], [10.2203, 47.1395], [10.203, 47.1164], [10.1728, 47.1203], [10.1339, 47.0855], [10.134, 47.0675], [10.1493, 47.0617], [10.15, 47.05], [10.1496, 47.0392], [10.1333, 47.0292], [10.1339, 47.0134], [10.1583, 46.9958], [10.1382, 46.9909], [10.1423, 46.9597], [10.1008, 46.9284], [10.0994, 46.9159], [10.1218, 46.8801], [10.141, 46.8658], [10.1408, 46.8509], [10.0917, 46.85], [10.0616, 46.8132], [10.0468, 46.8118], [10.041, 46.7926], [10.0271, 46.7838], [10.0176, 46.7922], [9.9926, 46.791], [9.9824, 46.7674], [9.9543, 46.753], [9.9452, 46.7338], [9.9467, 46.7258], [9.9576, 46.7242], [9.9583, 46.6917], [9.9101, 46.6913], [9.8941, 46.6795], [9.8792, 46.6833], [9.8671, 46.6562], [9.8958, 46.6307], [9.8718, 46.6201], [9.8667, 46.6042], [9.8424, 46.595], [9.841, 46.5758], [9.6958, 46.5417], [9.7006, 46.5176], [9.7292, 46.5083], [9.7325, 46.4466], [9.702, 46.4411], [9.6649, 46.417], [9.6229, 46.4125], [9.6125, 46.4208], [9.6066, 46.4087], [9.5767, 46.4038], [9.5397, 46.3714], [9.4896, 46.3671], [9.4667, 46.3792], [9.425, 46.3708], [9.4202, 46.4074], [9.4134, 46.4092], [9.4006, 46.4436], [9.4037, 46.4604], [9.3756, 46.4884], [9.3688, 46.5077], [9.28, 46.4951], [9.2744, 46.4551], [9.2466, 46.4454], [9.2382, 46.4466], [9.2255, 46.4771], [9.2411, 46.4937], [9.2367, 46.5076], [9.1854, 46.4994], [9.1746, 46.491], [9.1496, 46.4965], [9.125, 46.4792], [9.0603, 46.4797], [9.0208, 46.5125], [9.0256, 46.5605], [9.0455, 46.5858], [9.0292, 46.6042], [9.0063, 46.6119], [8.9634, 46.6035], [8.9535, 46.6298], [8.9438, 46.6215], [8.9134, 46.6241], [8.9046, 46.6104], [8.9131, 46.5951], [8.9074, 46.584], [8.8522, 46.5672], [8.8229, 46.5745], [8.8105, 46.5631], [8.7895, 46.5619], [8.775, 46.5458], [8.7574, 46.5589], [8.7491, 46.5536], [8.7269, 46.5589], [8.7033, 46.5827]]]}}, {"type": "Feature", "properties": {"id": "danube", "name": "Danube", "country": "Germany"}, "geometry": {"type": "Polygon", "coordinates": [[[17.075, 44.0958], [17.0792, 44.0083], [17.0125, 44.0583], [16.9629, 44.0524], [17.0583, 43.9042], [16.9936, 43.8756], [16.9024, 43.9621], [16.8583, 43.95], [16.8208, 44.0], [16.7343, 44.0296], [16.7283, 44.0908], [16.6625, 44.1458], [16.5958, 44.1583], [16.5372, 44.22], [16.3191, 44.333], [16.2428, 44.2955], [16.177, 44.3286], [16.1061, 44.2756], [15.9964, 44.3603], [15.9994, 44.4855], [15.9167, 44.4958], [15.8788, 44.5774], [15.8375, 44.5917], [15.8369, 44.6486], [15.8708, 44.6833], [15.741, 44.8033], [15.55, 44.825], [15.5292, 44.8792], [15.4851, 44.867], [15.4375, 44.9083], [15.4042, 44.9875], [15.2425, 45.0675], [15.1316, 45.1746], [15.05, 45.2125], [14.8917, 45.2125], [14.7667, 45.3375], [14.6476, 45.367], [14.55, 45.4875], [14.475, 45.5167], [14.4625, 45.5833], [14.3676, 45.6089], [14.3744, 45.6772], [14.3215, 45.7009], [14.3241, 45.7494], [14.2507, 45.7801], [14.2208, 45.8417], [14.0125, 45.9125], [14.0292, 45.9458], [14.1163, 45.9726], [14.0462, 46.0184], [14.0535, 46.0699], [13.9994, 46.0968], [14.075, 46.1667], [13.98, 46.1759], [13.9991, 46.241], [13.8659, 46.2286], [13.7299, 46.2843], [13.7427, 46.3326], [13.8244, 46.3634], [13.7991, 46.4118], [13.6103, 46.4411], [13.4934, 46.3754], [13.4881, 46.4189], [13.5287, 46.4687], [13.5042, 46.5667], [13.2304, 46.5536], [13.0858, 46.6038], [12.8341, 46.6077], [12.773, 46.6494], [12.5708, 46.65], [12.4733, 46.6871], [12.4353, 46.6869], [12.3637, 46.6121], [12.2675, 46.6509], [12.2746, 46.6854], [12.2286, 46.7321], [12.3241, 46.7759], [12.2841, 46.784], [12.2958, 46.8625], [12.1542, 46.9167], [12.1256, 46.9978], [12.2083, 47.025], [12.2333, 47.0667], [12.198, 47.0911], [11.7483, 46.967], [11.6333, 47.0167], [11.5333, 46.9833], [11.4826, 47.0131], [11.423, 46.9673], [11.3583, 46.9917], [11.19, 46.9712], [11.1042, 46.9292], [11.078, 46.8252], [11.0208, 46.7708], [10.7292, 46.7917], [10.7575, 46.8325], [10.6733, 46.8746], [10.4634, 46.8369], [10.3838, 46.6812], [10.4006, 46.6387], [10.3125, 46.6667], [10.2839, 46.6313], [10.3506, 46.5821], [10.3434, 46.5455], [10.285, 46.5712], [10.2083, 46.5583], [10.2244, 46.5229], [10.1951, 46.4633], [10.1149, 46.4254], [10.0417, 46.4458], [10.0189, 46.3922], [9.7642, 46.342], [9.6842, 46.4217], [9.7339, 46.4547], [9.6958, 46.5417], [9.841, 46.5758], [9.8958, 46.6307], [9.8792, 46.6833], [9.9583, 46.6917], [9.9452, 46.7338], [9.9926, 46.791], [10.1408, 46.8509], [10.0994, 46.9159], [10.1583, 46.9958], [10.1339, 47.0855], [10.2208, 47.1542], [10.0804, 47.1792], [10.0576, 47.1535], [9.9917, 47.1875], [10.1322, 47.2334], [10.0714, 47.3355], [10.1375, 47.4167], [10.1792, 47.425], [10.1035, 47.4898], [10.1658, 47.5212], [10.1587, 47.544], [10.0867, 47.5285], [10.03, 47.57], [10.1647, 47.5881], [10.2246, 47.6434], [10.2173, 47.699], [10.11, 47.692], [10.0998, 47.7324], [10.0216, 47.7372], [9.9833, 47.8029], [9.9218, 47.7831], [9.8908, 47.8577], [9.8049, 47.8466], [9.7919, 47.9407], [9.7145, 47.9506], [9.7032, 48.0202], [9.6534, 48.0256], [9.6284, 47.9883], [9.5436, 48.0036], [9.4728, 47.9661], [9.4622, 47.9178], [9.4994, 47.8561], [9.4438, 47.8786], [9.4, 47.8292], [9.2146, 47.9202], [9.0995, 47.8744], [9.0593, 47.8869], [9.045, 47.9326], [8.9771, 47.9172], [8.9, 47.975], [8.8869, 47.9342], [8.7437, 47.9202], [8.698, 47.8589], [8.6091, 47.8161], [8.5383, 47.8341], [8.5159, 47.891], [8.2434, 47.9504], [8.1962, 47.985], [8.1542, 48.1], [8.2341, 48.0828], [8.3017, 48.1413], [8.3688, 48.1535], [8.4328, 48.1367], [8.4466, 48.0925], [8.5032, 48.0867], [8.4966, 48.0161], [8.5468, 48.0452], [8.6113, 48.0328], [8.6292, 48.0625], [8.7591, 48.0494], [8.7708, 48.175], [8.8458, 48.1708], [8.8833, 48.2083], [8.9708, 48.175], [8.9965, 48.2296], [8.9708, 48.2958], [9.0147, 48.2953], [9.0429, 48.2536], [9.1003, 48.2759], [9.0952, 48.3324], [9.058, 48.3488], [9.1285, 48.355], [9.1934, 48.4121], [9.2743, 48.3968], [9.3076, 48.4341], [9.3, 48.4875], [9.495, 48.4257], [9.5789, 48.4635], [9.5465, 48.4801], [9.5551, 48.5202], [9.7074, 48.5423], [9.7395, 48.5828], [9.7684, 48.542], [9.8292, 48.5333], [9.9366, 48.6509], [9.9174, 48.7575], [10.0245, 48.7798], [10.1284, 48.7494], [10.1715, 48.8079], [10.1549, 48.8615], [10.2827, 48.8634], [10.3, 48.9875], [10.1958, 49.0208], [10.2129, 49.0725], [10.1375, 49.1583], [10.1703, 49.177], [10.1417, 49.2015], [10.1716, 49.245], [10.2708, 49.2833], [10.25, 49.3875], [10.3054, 49.4339], [10.4215, 49.3903], [10.4333, 49.3375], [10.5679, 49.2458], [10.6409, 49.2493], [10.7833, 49.1917], [10.7953, 49.1429], [10.909, 49.0757], [10.9333, 48.9792], [11.0522, 49.0256], [11.1167, 49.0792], [11.1083, 49.1125], [11.2625, 49.1292], [11.2708, 49.275], [11.3437, 49.3244], [11.3839, 49.3238], [11.3792, 49.2833], [11.4256, 49.2425], [11.5033, 49.2425], [11.5667, 49.3417], [11.525, 49.3958], [11.6667, 49.4354], [11.6468, 49.5456], [11.6917, 49.5708], [11.6215, 49.6188], [11.6628, 49.6384], [11.6285, 49.6658], [11.7083, 49.7208], [11.659, 49.8201], [11.7542, 49.8375], [11.7756, 49.8841], [11.7551, 49.9243], [11.8071, 49.9455], [11.8303, 50.0294], [11.8667, 50.0375], [11.9913, 49.9824], [12.0395, 49.9089], [12.1451, 49.9506], [12.1868, 49.9286], [12.2534, 49.9464], [12.4583, 49.8542], [12.4746, 49.8142], [12.45, 49.7708], [12.5605, 49.7494], [12.6792, 49.6792], [12.6173, 49.5605], [12.6625, 49.4833], [12.749, 49.4615], [12.7881, 49.4236], [12.7833, 49.3833], [12.9566, 49.3871], [13.0964, 49.3446], [13.0258, 49.2826], [13.0542, 49.2333], [13.1625, 49.175], [13.274, 49.1744], [13.3375, 49.0542], [13.4042, 49.0583], [13.4212, 48.9809], [13.4934, 48.942], [13.5417, 48.9792], [13.65, 48.95], [13.6333, 48.8973], [13.6953, 48.8439], [13.6909, 48.8036], [13.8733, 48.7705], [13.9978, 48.6631], [14.1991, 48.6118], [14.3368, 48.5367], [14.3726, 48.4837], [14.4698, 48.6047], [14.5406, 48.5911], [14.5679, 48.5328], [14.6583, 48.5833], [14.8446, 48.5869], [14.9142, 48.658], [15.0375, 48.6667], [15.166, 48.8008], [15.1713, 48.9021], [15.2172, 48.9613], [15.1792, 49.0167], [15.2458, 49.0583], [15.255, 49.1284], [15.341, 49.2217], [15.3371, 49.2649], [15.275, 49.2583], [15.2667, 49.3042], [15.3375, 49.4042], [15.5108, 49.4879], [15.5533, 49.4827], [15.5758, 49.434], [15.7792, 49.4], [15.766, 49.4213], [15.8717, 49.5452], [16.0042, 49.55], [16.0323, 49.584], [16.0075, 49.6491], [15.9458, 49.6667], [16.0208, 49.7375], [16.0855, 49.7256], [16.1524, 49.7621], [16.3649, 49.7087], [16.4095, 49.7964], [16.4783, 49.7951], [16.5116, 49.7494], [16.5691, 49.742], [16.5663, 49.8233], [16.5172, 49.8561], [16.5, 49.9417], [16.7083, 50.0083], [16.6954, 50.0492], [16.8083, 50.0542], [16.7875, 50.1375], [16.8083, 50.1917], [16.9776, 50.2458], [17.225, 50.1], [17.2333, 50.0625], [17.1548, 49.9991], [17.2042, 49.9333], [17.3083, 49.9167], [17.3425, 49.8634], [17.424, 49.8369], [17.4919, 49.8742], [17.5042, 49.7958], [17.4672, 49.7689], [17.4703, 49.7116], [17.48, 49.6384], [17.5208, 49.6083], [17.6, 49.6167], [17.6007, 49.6575], [17.6458, 49.675], [17.725, 49.6542], [17.8012, 49.5536], [17.95, 49.5667], [18.0179, 49.5078], [18.1583, 49.5208], [18.1983, 49.4871], [18.3042, 49.4917], [18.3667, 49.4042], [18.4468, 49.3911], [18.5461, 49.4678], [18.5417, 49.5], [18.7615, 49.5131], [18.9188, 49.5579], [18.9542, 49.5458], [18.9717, 49.4092], [19.0076, 49.3953], [19.1907, 49.409], [19.2509, 49.5241], [19.35, 49.5208], [19.4478, 49.6119], [19.5399, 49.5712], [19.625, 49.6208], [19.677, 49.5714], [19.8105, 49.5577], [19.8292, 49.525], [19.8035, 49.5073], [19.7917, 49.3042], [19.825, 49.2848], [19.7625, 49.2042], [19.8505, 49.191], [19.9358, 49.2371], [20.0491, 49.1951], [20.0705, 49.0976], [20.0382, 49.0382], [20.1, 48.9958], [20.2708, 49.0167], [20.2741, 49.0381], [20.4708, 49.0375], [20.545, 49.0591], [20.555, 49.095], [20.6686, 49.1703], [21.0, 49.2333], [20.9875, 49.3292], [21.0995, 49.3729], [21.05, 49.425], [21.1314, 49.4369], [21.2083, 49.4042], [21.2258, 49.4419], [21.3292, 49.4667], [21.4347, 49.416], [21.6243, 49.4506], [21.7528, 49.3999], [21.775, 49.3583], [21.8441, 49.3913], [21.9658, 49.3493], [22.0324, 49.2868], [22.0375, 49.225], [22.19, 49.1788], [22.2292, 49.1958], [22.2292, 49.1542], [22.3625, 49.1583], [22.4226, 49.1004], [22.5897, 49.0994], [22.6811, 49.0381], [22.7708, 49.0625], [22.8466, 49.0039], [22.898, 49.0077], [22.9198, 48.9619], [22.8759, 48.9577], [22.8795, 48.9309], [22.9934, 48.8337], [23.1, 48.8667], [23.1979, 48.7631], [23.3614, 48.7714], [23.3979, 48.7338], [23.6324, 48.7077], [23.7066, 48.6371], [23.7816, 48.6455], [23.8051, 48.5841], [23.924, 48.5534], [23.927, 48.4631], [24.1327, 48.5408], [24.141, 48.4076], [24.2243, 48.3535], [24.2621, 48.351], [24.2884, 48.3965], [24.4625, 48.3875], [24.4833, 48.4125], [24.4798, 48.4716], [24.4424, 48.5008], [24.4592, 48.5451], [24.6741, 48.5924], [24.7162, 48.6381], [24.8007, 48.6203], [24.9708, 48.65], [24.9757, 48.7117], [25.02, 48.7049], [25.0316, 48.7504], [25.1867, 48.7118], [25.25, 48.6375], [25.3392, 48.6087], [25.3494, 48.6438], [25.3119, 48.678], [25.342, 48.6759], [25.3583, 48.7208], [25.5177, 48.6119], [25.5796, 48.6009], [25.5958, 48.6375], [25.7785, 48.5949], [25.8282, 48.5411], [25.9125, 48.525], [25.9635, 48.441], [26.0451, 48.4756], [26.1531, 48.4506], [26.15, 48.4792], [26.2917, 48.4333], [26.3302, 48.4673], [26.3858, 48.4288], [26.4897, 48.4453], [26.6375, 48.375], [26.7042, 48.4333], [26.8059, 48.3962], [26.8208, 48.4375], [26.9083, 48.4125], [26.8905, 48.5044], [27.1411, 48.4619], [27.2904, 48.5208], [27.3133, 48.4674], [27.3746, 48.4524], [27.3833, 48.4083], [27.5131, 48.3863], [27.4869, 48.3009], [27.5118, 48.2385], [27.4827, 48.2111], [27.5125, 48.15], [27.4938, 48.1213], [27.4417, 48.125], [27.5083, 48.0625], [27.4417, 48.0292], [27.5033, 47.995], [27.5049, 47.9259], [27.6578, 47.8147], [27.7, 47.7542], [27.7, 47.6875], [27.8868, 47.5742], [27.9042, 47.4875], [28.0086, 47.3739], [27.9958, 47.2917], [28.0583, 47.2208], [28.4413, 46.9782], [28.4917, 46.8708], [28.5661, 46.8189], [28.5833, 46.6958], [28.6632, 46.5717], [28.9395, 46.3089], [29.1941, 46.133], [29.2936, 45.9756], [29.375, 45.9667], [29.317, 45.8608], [29.3045, 45.6441], [29.2708, 45.625], [29.3176, 45.4758], [29.3647, 45.4548], [29.4684, 45.5038], [29.5292, 45.4958], [29.7173, 45.2907], [29.6757, 45.2383], [29.5101, 45.333], [29.4865, 45.2832], [29.4247, 45.2909], [29.4188, 45.2632], [29.3627, 45.2535], [29.3447, 45.2754], [29.2814, 45.2381], [28.9885, 45.263], [28.8833, 45.225], [28.7634, 45.2253], [28.7917, 45.125], [28.6011, 45.1794], [28.5927, 45.1453], [28.5365, 45.1796], [28.4728, 45.1589], [28.3667, 45.2333], [28.275, 45.1958], [28.3672, 45.1155], [28.3494, 45.0676], [28.3917, 45.025], [28.3786, 44.9534], [28.4217, 44.8592], [28.4625, 44.8375], [28.2172, 44.652], [28.3, 44.5708], [28.3208, 44.4792], [28.5408, 44.3452], [28.5203, 44.2757], [28.5951, 44.1551], [28.5173, 44.1241], [28.5142, 44.058], [28.4423, 44.0658], [28.4589, 43.9034], [28.4242, 43.8591], [28.2176, 43.8661], [28.1208, 43.7958], [28.1063, 43.6667], [27.9333, 43.6583], [27.9208, 43.6312], [28.0116, 43.5743], [28.0077, 43.5343], [27.9358, 43.4587], [27.8375, 43.4458], [27.8239, 43.3509], [27.7458, 43.2917], [27.6667, 43.2792], [27.6158, 43.3575], [27.523, 43.3994], [27.3691, 43.383], [27.308, 43.409], [27.2509, 43.3798], [27.1833, 43.4571], [27.2118, 43.4908], [27.1729, 43.5162], [26.825, 43.5042], [26.7917, 43.4542], [26.7988, 43.3835], [26.7007, 43.3536], [26.6512, 43.3494], [26.6494, 43.3939], [26.6147, 43.4078], [26.4301, 43.4076], [26.3879, 43.3267], [26.4792, 43.25], [26.4049, 43.2284], [26.3955, 43.1926], [26.4673, 43.1657], [26.4577, 43.0967], [26.3875, 43.0375], [26.2841, 43.0076], [26.35, 42.9], [26.3125, 42.8917], [26.2897, 42.8339], [25.8458, 42.775], [25.6854, 42.8079], [25.5086, 42.7467], [25.4375, 42.7625], [25.4218, 42.7328], [25.1792, 42.7833], [25.0667, 42.7292], [25.0167, 42.7625], [24.95, 42.7208], [24.7483, 42.708], [24.5618, 42.7922], [24.4917, 42.7958], [24.4466, 42.7453], [24.1292, 42.775], [24.0466, 42.7328], [23.8958, 42.7833], [23.9037, 42.7188], [23.8583, 42.6667], [23.8964, 42.5966], [23.8826, 42.5551], [23.7979, 42.5339], [23.7146, 42.5702], [23.6035, 42.5163], [23.6536, 42.4563], [23.6538, 42.3601], [23.5955, 42.1434], [23.5409, 42.0828], [23.5009, 42.0923], [23.5297, 42.1301], [23.4561, 42.1547], [23.45, 42.1875], [23.3167, 42.175], [23.363, 42.3283], [23.2458, 42.4125], [23.2328, 42.4591], [23.2958, 42.5375], [23.2833, 42.5625], [23.1884, 42.5967], [23.141, 42.67], [23.0805, 42.6619], [23.0625, 42.7125], [22.98, 42.7217], [22.8292, 42.8292], [22.7917, 42.8208], [22.8125, 42.7646], [22.7866, 42.7289], [22.6583, 42.7333], [22.6375, 42.6917], [22.5, 42.7375], [22.4699, 42.6923], [22.3853, 42.691], [22.3158, 42.6092], [22.2762, 42.6131], [22.2034, 42.4591], [22.1495, 42.441], [22.0542, 42.4792], [21.9333, 42.3625], [21.8576, 42.3369], [21.8059, 42.3705], [21.7658, 42.259], [21.6354, 42.2995], [21.5625, 42.2417], [21.4351, 42.2371], [21.4024, 42.1795], [21.2175, 42.3175], [21.2125, 42.3917], [20.9593, 42.3591], [20.9492, 42.4285], [20.8917, 42.425], [20.8491, 42.5452], [20.7967, 42.5715], [20.8375, 42.6042], [20.766, 42.6653], [20.8407, 42.7507], [20.8292, 42.7917], [20.7283, 42.8869], [20.6625, 42.9], [20.5561, 42.8953], [20.448, 42.8339], [20.2824, 42.8255], [20.2176, 42.7827], [20.2422, 42.7553], [20.2375, 42.75], [20.0733, 42.7788], [20.0093, 42.7618], [19.9708, 42.7083], [20.075, 42.6208], [20.0833, 42.5583], [20.0174, 42.5451], [20.0083, 42.5083], [19.9042, 42.5083], [19.8125, 42.4417], [19.7608, 42.4496], [19.7658, 42.4866], [19.6855, 42.5661], [19.5542, 42.5625], [19.5743, 42.5896], [19.5092, 42.6289], [19.4923, 42.7062], [19.5125, 42.7583], [19.3625, 42.8821], [19.2688, 42.912], [19.225, 42.8792], [19.2208, 42.8292], [18.9949, 42.9535], [18.7888, 43.0083], [18.7501, 43.0722], [18.7667, 43.0917], [18.6761, 43.1463], [18.6875, 43.1917], [18.5632, 43.2634], [18.5661, 43.3105], [18.48, 43.38], [18.4747, 43.4155], [18.5673, 43.4505], [18.5035, 43.5367], [18.3771, 43.55], [18.2907, 43.6952], [18.0603, 43.7048], [18.0618, 43.745], [17.9309, 43.8045], [17.8742, 43.8951], [17.7258, 43.8576], [17.7079, 43.8244], [17.4583, 43.8708], [17.3375, 43.9375], [17.3116, 44.0075], [17.1604, 44.1042], [17.075, 44.0958]], [[17.6208, 44.05], [17.6208, 44.05], [17.6134, 44.0507], [17.6208, 44.05]], [[20.4292, 44.0833], [20.4292, 44.0833], [20.4299, 44.091], [20.4292, 44.0833]]]}}, {"type": "Feature", "properties": {"id": "elbe", "name": "Elbe", "country": "Germany"}, "geometry": {"type": "Polygon", "coordinates": [[[15.9458, 49.6667], [15.9512, 49.6536], [15.9909, 49.6589], [16.0075, 49.6491], [16.0036, 49.6382], [16.02, 49.6241], [16.0323, 49.584], [16.0176, 49.5827], [16.0042, 49.55], [15.9637, 49.5589], [15.9574, 49.5465], [15.9439, 49.5422], [15.9157, 49.5411], [15.8949, 49.5547], [15.8717, 49.5452], [15.8548, 49.5283], [15.8407, 49.4965], [15.8301, 49.4951], [15.8167, 49.4792], [15.8199, 49.4633], [15.7924, 49.449], [15.7909, 49.4341], [15.766, 49.4213], [15.7792, 49.4], [15.7323, 49.3953], [15.7032, 49.4285], [15.6868, 49.4339], [15.6646, 49.413], [15.6564, 49.4203], [15.6186, 49.4214], [15.598, 49.4328], [15.5758, 49.434], [15.5533, 49.4827], [15.5108, 49.4879], [15.4467, 49.47], [15.4366, 49.4548], [15.4131, 49.4449], [15.4125, 49.4292], [15.4009, 49.4285], [15.3913, 49.4093], [15.3476, 49.408], [15.3212, 49.3865], [15.316, 49.3718], [15.2796, 49.3354], [15.2828, 49.3228], [15.2667, 49.3042], [15.2788, 49.2858], [15.275, 49.2583], [15.2899, 49.2545], [15.3275, 49.2712], [15.3371, 49.2649], [15.341, 49.2217], [15.2994, 49.1988], [15.3083, 49.1792], [15.291, 49.1426], [15.255, 49.1284], [15.2537, 49.122], [15.2631, 49.1196], [15.2507, 49.1116], [15.249, 49.0842], [15.2292, 49.0833], [15.2458, 49.0583], [15.2092, 49.0451], [15.1792, 49.0167], [15.1841, 48.9924], [15.2118, 48.9909], [15.2009, 48.9825], [15.2007, 48.9718], [15.2172, 48.9613], [15.1924, 48.9408], [15.1713, 48.9021], [15.1744, 48.8801], [15.1631, 48.8741], [15.166, 48.8008], [15.1419, 48.7907], [15.1216, 48.7615], [15.1201, 48.7424], [15.1047, 48.7409], [15.095, 48.717], [15.0753, 48.7077], [15.0596, 48.7125], [15.0375, 48.6667], [14.9917, 48.6792], [14.9858, 48.6629], [14.9559, 48.6621], [14.9392, 48.6496], [14.9142, 48.658], [14.892, 48.64], [14.8866, 48.6132], [14.8634, 48.6076], [14.8446, 48.5869], [14.7354, 48.5958], [14.7061, 48.5869], [14.6928, 48.5746], [14.6583, 48.5833], [14.6625, 48.5708], [14.6522, 48.5589], [14.6303, 48.5586], [14.6208, 48.5417], [14.598, 48.5339], [14.5679, 48.5328], [14.5406, 48.5911], [14.501, 48.6046], [14.4906, 48.5953], [14.4698, 48.6047], [14.4583, 48.5958], [14.4618, 48.576], [14.4383, 48.5659], [14.4272, 48.5423], [14.4092, 48.541], [14.384, 48.5105], [14.3833, 48.4833], [14.3726, 48.4837], [14.3423, 48.502], [14.3368, 48.5367], [14.3187, 48.5382], [14.2896, 48.5618], [14.2542, 48.5625], [14.1991, 48.6118], [14.1436, 48.6256], [14.1375, 48.6375], [14.1083, 48.6375], [14.103, 48.6459], [14.0854, 48.6381], [14.0772, 48.6452], [14.0312, 48.6465], [14.0242, 48.6618], [13.9978, 48.6631], [13.9698, 48.6993], [13.9507, 48.7051], [13.9417, 48.7292], [13.8733, 48.7705], [13.8566, 48.7663], [13.85, 48.775], [13.8125, 48.775], [13.8066, 48.783], [13.7813, 48.7833], [13.7608, 48.7955], [13.73, 48.7967], [13.7188, 48.8079], [13.6909, 48.8036], [13.6798, 48.8092], [13.6756, 48.823], [13.6953, 48.8439], [13.6333, 48.8973], [13.6422, 48.9174], [13.638, 48.9313], [13.65, 48.95], [13.6184, 48.9545], [13.5813, 48.9792], [13.5417, 48.9792], [13.5089, 48.9657], [13.5083, 48.9417], [13.4958, 48.9417], [13.4417, 48.975], [13.4267, 48.9754], [13.4208, 48.9833], [13.4256, 48.9882], [13.3911, 49.0341], [13.4042, 49.0583], [13.3816, 49.0504], [13.3375, 49.0542], [13.3285, 49.0949], [13.2881, 49.1353], [13.274, 49.1744], [13.2542, 49.1833], [13.2434, 49.1705], [13.1625, 49.175], [13.1132, 49.2008], [13.1039, 49.2239], [13.0542, 49.2333], [13.0488, 49.2541], [13.0244, 49.2704], [13.0258, 49.2826], [13.0581, 49.2967], [13.0676, 49.3199], [13.0855, 49.3256], [13.0964, 49.3446], [13.0354, 49.375], [13.0271, 49.3667], [12.9976, 49.3712], [12.9566, 49.3871], [12.8833, 49.375], [12.823, 49.3869], [12.7833, 49.3833], [12.7881, 49.4236], [12.749, 49.4615], [12.7132, 49.4758], [12.7125, 49.4875], [12.6809, 49.4913], [12.6625, 49.4833], [12.6506, 49.502], [12.6493, 49.5242], [12.6384, 49.5259], [12.633, 49.5399], [12.6167, 49.55], [12.63, 49.5867], [12.6491, 49.5926], [12.6631, 49.6117], [12.6589, 49.6229], [12.6673, 49.6412], [12.6581, 49.6616], [12.6792, 49.6667], [12.6792, 49.6792], [12.6645, 49.6797], [12.6125, 49.7208], [12.6009, 49.7215], [12.5954, 49.7324], [12.5605, 49.7494], [12.5226, 49.7379], [12.4958, 49.7458], [12.4699, 49.7743], [12.45, 49.7708], [12.4746, 49.8142], [12.4754, 49.8226], [12.4587, 49.8392], [12.4583, 49.8542], [12.4412, 49.8494], [12.4228, 49.8548], [12.4134, 49.8593], [12.3992, 49.891], [12.3478, 49.9006], [12.3365, 49.9118], [12.2958, 49.9167], [12.2728, 49.9256], [12.2534, 49.9464], [12.2189, 49.9297], [12.1868, 49.9286], [12.1451, 49.9506], [12.1208, 49.9417], [12.1042, 49.925], [12.0395, 49.9089], [12.0286, 49.9439], [11.9913, 49.9824], [11.9061, 50.0006], [11.8583, 50.0542], [11.8364, 50.0701], [11.812, 50.0716], [11.8208, 50.0833], [11.8083, 50.125], [11.787, 50.134], [11.7804, 50.1291], [11.7467, 50.1545], [11.745, 50.1659], [11.6833, 50.1958], [11.6658, 50.2241], [11.6462, 50.2392], [11.6458, 50.2458], [11.6672, 50.2551], [11.6533, 50.2785], [11.63, 50.2884], [11.6214, 50.3061], [11.6245, 50.3271], [11.6007, 50.3509], [11.6047, 50.3716], [11.5797, 50.3978], [11.5792, 50.4167], [11.5271, 50.4167], [11.4941, 50.4337], [11.4813, 50.425], [11.4667, 50.4333], [11.4583, 50.4542], [11.4439, 50.4422], [11.4076, 50.4506], [11.3812, 50.4495], [11.3701, 50.4411], [11.3397, 50.4619], [11.3228, 50.4631], [11.2491, 50.5005], [11.1887, 50.4869], [11.1866, 50.4952], [11.1657, 50.4911], [11.128, 50.5086], [11.0875, 50.475], [11.0417, 50.4708], [10.9883, 50.4799], [10.9787, 50.5034], [10.962, 50.52], [10.9466, 50.5216], [10.9327, 50.567], [10.9375, 50.5833], [10.9092, 50.5924], [10.8949, 50.6118], [10.8467, 50.6048], [10.8064, 50.6369], [10.7809, 50.6379], [10.7708, 50.6583], [10.7434, 50.6587], [10.7208, 50.7], [10.6551, 50.7131], [10.65, 50.725], [10.6188, 50.7417], [10.5812, 50.7382], [10.5676, 50.7504], [10.5622, 50.7826], [10.5329, 50.7841], [10.5458, 50.8083], [10.5814, 50.8089], [10.5991, 50.8174], [10.6092, 50.8327], [10.6564, 50.8381], [10.7061, 50.8661], [10.7208, 50.8667], [10.7078, 50.8841], [10.7184, 50.8955], [10.7316, 50.8962], [10.7504, 50.9184], [10.7254, 50.9434], [10.725, 50.9542], [10.7618, 50.9631], [10.8533, 50.9536], [10.8551, 50.9465], [10.8743, 50.9411], [10.9272, 50.9464], [10.9417, 50.95], [10.9545, 50.985], [10.9191, 51.0038], [10.8479, 51.0], [10.8375, 51.0208], [10.7934, 51.0379], [10.7816, 51.0496], [10.752, 51.0453], [10.7371, 51.0301], [10.7118, 51.0203], [10.6728, 51.0256], [10.6605, 51.0369], [10.6309, 51.0379], [10.5691, 51.0621], [10.5316, 51.067], [10.4892, 51.0587], [10.4062, 51.0881], [10.3966, 51.0926], [10.395, 51.1034], [10.3843, 51.1049], [10.3367, 51.1743], [10.3083, 51.1833], [10.3042, 51.1917], [10.316, 51.1967], [10.3167, 51.2083], [10.3012, 51.2127], [10.3037, 51.2229], [10.2797, 51.2478], [10.2743, 51.2783], [10.2292, 51.3125], [10.2801, 51.3494], [10.3042, 51.3542], [10.3087, 51.3774], [10.3455, 51.3975], [10.3458, 51.4125], [10.3538, 51.4184], [10.3496, 51.4392], [10.358, 51.4517], [10.3539, 51.4657], [10.3742, 51.4755], [10.4021, 51.512], [10.4491, 51.5132], [10.4633, 51.5576], [10.4864, 51.567], [10.4869, 51.5772], [10.475, 51.5875], [10.4914, 51.5969], [10.5008, 51.616], [10.5369, 51.6259], [10.5645, 51.6661], [10.5958, 51.6792], [10.5667, 51.7438], [10.575, 51.7875], [10.5941, 51.7879], [10.6083, 51.8], [10.6385, 51.787], [10.6467, 51.8033], [10.6583, 51.8042], [10.6747, 51.8215], [10.6938, 51.8131], [10.7368, 51.8299], [10.7382, 51.849], [10.7953, 51.8811], [10.7921, 51.9104], [10.8089, 51.9382], [10.8033, 51.9493], [10.7715, 51.955], [10.7703, 51.9689], [10.749, 51.9952], [10.723, 52.0119], [10.6799, 52.0216], [10.6667, 52.0667], [10.6826, 52.0674], [10.6881, 52.1199], [10.7774, 52.1212], [10.8108, 52.142], [10.8333, 52.1375], [10.852, 52.1619], [10.8792, 52.1625], [10.9128, 52.1494], [10.938, 52.1867], [10.9587, 52.1923], [10.9658, 52.1872], [10.9674, 52.2034], [10.9837, 52.2048], [11.001, 52.1882], [11.0188, 52.1869], [11.026, 52.1757], [11.0462, 52.1744], [11.0767, 52.2038], [11.0938, 52.2035], [11.1034, 52.199], [11.105, 52.1883], [11.1159, 52.1867], [11.1174, 52.1718], [11.1535, 52.1563], [11.1583, 52.1208], [11.1816, 52.1121], [11.1958, 52.0917], [11.2149, 52.0913], [11.225, 52.0792], [11.2492, 52.0798], [11.2589, 52.0992], [11.2699, 52.1008], [11.2799, 52.1282], [11.2991, 52.1384], [11.3125, 52.1667], [11.2591, 52.1961], [11.2576, 52.2243], [11.2271, 52.2257], [11.1875, 52.2458], [11.188, 52.2563], [11.2233, 52.2795], [11.2354, 52.275], [11.2564, 52.2881], [11.2633, 52.3115], [11.2843, 52.3078], [11.3044, 52.3261], [11.2911, 52.3491], [11.2715, 52.3592], [11.2566, 52.3788], [11.2316, 52.3871], [11.1434, 52.392], [11.134, 52.3968], [11.1291, 52.4363], [11.1188, 52.4411], [11.0968, 52.4327], [11.0952, 52.4448], [11.1156, 52.4545], [11.1215, 52.4695], [11.1134, 52.4718], [11.1119, 52.4946], [11.1327, 52.5051], [11.139, 52.5292], [11.1696, 52.5203], [11.1717, 52.5286], [11.198, 52.5297], [11.2116, 52.5423], [11.2214, 52.5591], [11.1991, 52.5951], [11.1708, 52.6], [11.1521, 52.588], [11.1343, 52.5923], [11.1167, 52.6125], [11.1061, 52.6119], [11.0868, 52.6036], [11.0637, 52.6089], [11.0397, 52.5881], [11.0125, 52.5833], [11.0125, 52.625], [11.0021, 52.6333], [10.9941, 52.6254], [10.965, 52.6246], [10.9587, 52.6309], [10.9629, 52.6475], [10.9525, 52.6621], [10.9233, 52.6621], [10.9045, 52.6767], [10.9083, 52.6958], [10.8801, 52.7007], [10.8785, 52.7158], [10.8623, 52.7321], [10.8521, 52.7296], [10.8365, 52.7452], [10.8007, 52.7549], [10.8042, 52.8], [10.7564, 52.7797], [10.7429, 52.7786], [10.7368, 52.7881], [10.6951, 52.7703], [10.6701, 52.7797], [10.5824, 52.7703], [10.573, 52.7786], [10.5451, 52.7797], [10.5375, 52.7708], [10.4833, 52.7875], [10.483, 52.8059], [10.4917, 52.8146], [10.4646, 52.8329], [10.3979, 52.8329], [10.3686, 52.8214], [10.3509, 52.8299], [10.3452, 52.8615], [10.3741, 52.8759], [10.3625, 52.8917], [10.3062, 52.9173], [10.2955, 52.9298], [10.2327, 52.9077], [10.2217, 52.9171], [10.2077, 52.9628], [10.2133, 52.9827], [10.2375, 52.9833], [10.2494, 53.0061], [10.25, 53.0292], [10.1976, 53.0379], [10.1899, 53.0455], [10.15, 53.0458], [10.1493, 53.0576], [10.127, 53.059], [10.1073, 53.0784], [10.075, 53.0833], [10.0708, 53.0708], [10.0458, 53.0583], [10.0208, 53.05], [10.0108, 53.0545], [10.0024, 53.0462], [9.9854, 53.05], [9.9691, 53.0371], [9.909, 53.0885], [9.9033, 53.1119], [9.8676, 53.1173], [9.884, 53.138], [9.8785, 53.1505], [9.8837, 53.1575], [9.9076, 53.1633], [9.9083, 53.1708], [9.8851, 53.1754], [9.8524, 53.1996], [9.8417, 53.2], [9.8208, 53.2821], [9.8325, 53.2878], [9.8423, 53.3088], [9.8367, 53.3243], [9.8174, 53.33], [9.816, 53.3463], [9.8256, 53.363], [9.8208, 53.375], [9.8384, 53.3952], [9.8667, 53.4], [9.8659, 53.4117], [9.8583, 53.4125], [9.8628, 53.42], [9.9088, 53.4256], [9.9157, 53.4206], [9.916, 53.4421], [9.941, 53.4593], [9.9423, 53.488], [9.9365, 53.4992], [9.9257, 53.5008], [9.925, 53.5167], [9.893, 53.5119], [9.8874, 53.5238], [9.8581, 53.5343], [9.8726, 53.5496], [9.9167, 53.5542], [9.9042, 53.5792], [9.8833, 53.5792], [9.8839, 53.6116], [9.9009, 53.6285], [9.9228, 53.6411], [9.9716, 53.6369], [10.0314, 53.6589], [10.0619, 53.7103], [10.048, 53.7244], [9.9958, 53.725], [10.0042, 53.7529], [9.9758, 53.7591], [9.984, 53.7921], [9.9792, 53.8042], [9.998, 53.8006], [10.0395, 53.8161], [10.0701, 53.8161], [10.1022, 53.8256], [10.1197, 53.8421], [10.1407, 53.8203], [10.1917, 53.8292], [10.1967, 53.809], [10.2241, 53.7991], [10.2417, 53.7625], [10.2575, 53.7618], [10.2673, 53.7508], [10.2667, 53.7345], [10.2577, 53.732], [10.259, 53.7135], [10.2805, 53.6869], [10.3287, 53.6965], [10.3454, 53.691], [10.387, 53.6965], [10.4042, 53.6875], [10.4326, 53.7172], [10.4522, 53.7161], [10.4676, 53.7006], [10.4792, 53.7], [10.4788, 53.6892], [10.4417, 53.6729], [10.4476, 53.6462], [10.47, 53.6424], [10.4826, 53.6631], [10.5037, 53.6577], [10.5238, 53.6626], [10.5343, 53.6424], [10.5465, 53.6407], [10.5375, 53.6083], [10.5608, 53.5996], [10.5726, 53.5754], [10.6205, 53.584], [10.6288, 53.5785], [10.6455, 53.5881], [10.6532, 53.5832], [10.6552, 53.5965], [10.7033, 53.5951], [10.7132, 53.5549], [10.7208, 53.5542], [10.7409, 53.5549], [10.7452, 53.5813], [10.7243, 53.6131], [10.7333, 53.625], [10.8083, 53.6333], [10.8161, 53.6479], [10.8119, 53.6657], [10.8532, 53.6801], [10.8551, 53.6868], [10.8823, 53.6827], [10.8841, 53.6949], [10.9034, 53.7008], [10.9042, 53.7083], [10.9533, 53.709], [10.9586, 53.7242], [10.9743, 53.7258], [10.9758, 53.7452], [11.023, 53.7452], [11.0409, 53.7367], [11.047, 53.7126], [11.0661, 53.6938], [11.0616, 53.6717], [11.0508, 53.6701], [11.0601, 53.6545], [11.0792, 53.6667], [11.0804, 53.6536], [11.0988, 53.6629], [11.1358, 53.6371], [11.2275, 53.6379], [11.2392, 53.658], [11.2871, 53.6593], [11.2965, 53.6824], [11.3157, 53.6925], [11.3005, 53.7187], [11.3047, 53.7259], [11.2833, 53.739], [11.3083, 53.7833], [11.3283, 53.7878], [11.3299, 53.7716], [11.4128, 53.7494], [11.4322, 53.7584], [11.4292, 53.7792], [11.4608, 53.7795], [11.4767, 53.7996], [11.525, 53.8125], [11.5304, 53.7994], [11.5438, 53.8037], [11.5797, 53.7884], [11.5689, 53.7756], [11.5161, 53.7571], [11.5173, 53.7426], [11.5328, 53.727], [11.5285, 53.7092], [11.5083, 53.7042], [11.5049, 53.6508], [11.5333, 53.6375], [11.5167, 53.6208], [11.5052, 53.5882], [11.5283, 53.5783], [11.5304, 53.5703], [11.5616, 53.5799], [11.5637, 53.5881], [11.5814, 53.5869], [11.6448, 53.5494], [11.6533, 53.5507], [11.6741, 53.5797], [11.7208, 53.575], [11.7378, 53.5614], [11.7342, 53.5507], [11.8033, 53.5452], [11.8214, 53.5257], [11.8177, 53.5132], [11.8283, 53.5118], [11.8333, 53.4958], [11.8409, 53.4951], [11.8424, 53.4716], [11.8788, 53.4798], [11.8948, 53.4784], [11.8969, 53.4716], [11.9236, 53.4751], [11.9335, 53.4863], [11.9244, 53.4889], [11.9257, 53.5034], [11.9541, 53.5178], [11.9591, 53.5326], [11.9826, 53.5423], [12.0, 53.5333], [12.0125, 53.5417], [12.0448, 53.5411], [12.0512, 53.5286], [12.0646, 53.5329], [12.1042, 53.525], [12.126, 53.559], [12.1345, 53.5499], [12.17, 53.5493], [12.1787, 53.5327], [12.2204, 53.5423], [12.2532, 53.541], [12.2583, 53.5333], [12.2908, 53.5549], [12.2875, 53.5708], [12.3366, 53.5922], [12.3814, 53.5869], [12.4667, 53.55], [12.4673, 53.5659], [12.4784, 53.5675], [12.4844, 53.6039], [12.4958, 53.6125], [12.5039, 53.6077], [12.5284, 53.6133], [12.53, 53.634], [12.5575, 53.6281], [12.5703, 53.6077], [12.5998, 53.6173], [12.615, 53.5996], [12.6399, 53.6038], [12.6699, 53.5952], [12.6661, 53.5743], [12.6784, 53.5619], [12.7034, 53.5714], [12.7241, 53.566], [12.726, 53.5382], [12.7867, 53.5201], [12.8, 53.4833], [12.8108, 53.4788], [12.8792, 53.4875], [12.8798, 53.4991], [12.9, 53.525], [12.9116, 53.5206], [12.9134, 53.533], [12.9333, 53.5375], [12.934, 53.5259], [12.9422, 53.5238], [12.938, 53.4938], [12.9465, 53.4676], [12.9577, 53.4616], [12.9642, 53.4295], [13.0042, 53.4167], [13.005, 53.405], [13.0228, 53.3922], [13.0689, 53.3911], [13.0993, 53.3744], [13.1498, 53.3863], [13.1811, 53.3422], [13.2075, 53.3385], [13.2188, 53.3579], [13.2542, 53.3333], [13.2717, 53.37], [13.3036, 53.3882], [13.3164, 53.3866], [13.3223, 53.3743], [13.3783, 53.3836], [13.38, 53.3628], [13.3948, 53.3575], [13.4038, 53.335], [13.3941, 53.3254], [13.3625, 53.3188], [13.3708, 53.3], [13.3381, 53.2688], [13.3718, 53.1994], [13.3912, 53.2048], [13.4104, 53.1964], [13.4451, 53.2006], [13.4625, 53.1917], [13.4775, 53.2004], [13.5358, 53.1913], [13.6323, 53.1993], [13.6411, 53.1854], [13.6345, 53.1716], [13.6688, 53.1702], [13.6834, 53.1613], [13.68, 53.1468], [13.6911, 53.1396], [13.6845, 53.1257], [13.699, 53.1243], [13.7049, 53.1008], [13.7173, 53.099], [13.7113, 53.0757], [13.7003, 53.0741], [13.6996, 53.06], [13.68, 53.0491], [13.6744, 53.0311], [13.6625, 53.025], [13.6631, 53.0051], [13.6745, 52.9896], [13.6661, 52.9674], [13.6794, 52.9572], [13.6743, 52.9342], [13.6449, 52.9339], [13.6299, 52.9241], [13.6241, 52.9048], [13.5787, 52.909], [13.5579, 52.891], [13.5468, 52.8965], [13.545, 52.884], [13.5216, 52.8826], [13.5199, 52.8706], [13.4843, 52.8756], [13.4708, 52.8458], [13.4961, 52.8451], [13.4908, 52.8251], [13.4618, 52.8143], [13.4634, 52.8049], [13.509, 52.7905], [13.5048, 52.7813], [13.5125, 52.7667], [13.4882, 52.7533], [13.4875, 52.7125], [13.5054, 52.7297], [13.6021, 52.7], [13.6104, 52.7083], [13.6375, 52.7042], [13.6547, 52.6761], [13.65, 52.6667], [13.6618, 52.6756], [13.6741, 52.672], [13.6868, 52.6881], [13.7117, 52.6782], [13.7135, 52.666], [13.7521, 52.6672], [13.7895, 52.6869], [13.8479, 52.6953], [13.8536, 52.6895], [13.8375, 52.6625], [13.8483, 52.6496], [13.9026, 52.6666], [13.9132, 52.6426], [13.9311, 52.6297], [13.9729, 52.617], [13.9823, 52.6255], [13.9922, 52.6176], [13.9875, 52.6042], [14.0159, 52.6034], [14.0306, 52.5494], [14.0437, 52.5577], [14.0673, 52.5378], [14.0577, 52.5256], [14.0715, 52.4878], [14.0542, 52.475], [14.0642, 52.4587], [14.1073, 52.4507], [14.1094, 52.4576], [14.1323, 52.4591], [14.1687, 52.4827], [14.2034, 52.484], [14.2042, 52.4958], [14.2146, 52.4952], [14.2451, 52.4825], [14.2466, 52.4674], [14.2998, 52.474], [14.3035, 52.4425], [14.2744, 52.4236], [14.2958, 52.3958], [14.3049, 52.4006], [14.3426, 52.3828], [14.3542, 52.3958], [14.3906, 52.3951], [14.3979, 52.384], [14.4243, 52.3826], [14.425, 52.3625], [14.4532, 52.3493], [14.459, 52.3301], [14.475, 52.3167], [14.4331, 52.3114], [14.4495, 52.2563], [14.4503, 52.2303], [14.4375, 52.2223], [14.4579, 52.2115], [14.503, 52.158], [14.5054, 52.1672], [14.5283, 52.166], [14.5547, 52.1299], [14.5383, 52.1201], [14.5409, 52.1009], [14.5129, 52.0816], [14.4917, 52.0458], [14.4962, 52.0142], [14.5118, 51.9884], [14.4762, 51.9786], [14.4659, 51.9881], [14.45, 51.9792], [14.4379, 51.9608], [14.434, 51.9177], [14.4408, 51.9119], [14.4699, 51.9201], [14.4826, 51.9078], [14.4979, 51.9245], [14.5199, 51.916], [14.5301, 51.9006], [14.549, 51.8994], [14.5551, 51.8882], [14.575, 51.8833], [14.5833, 51.8688], [14.5717, 51.8369], [14.5632, 51.8422], [14.526, 51.8243], [14.503, 51.7997], [14.4801, 51.8035], [14.4798, 51.7716], [14.5313, 51.7702], [14.5552, 51.7507], [14.5667, 51.75], [14.55, 51.7167], [14.5913, 51.6949], [14.5964, 51.6882], [14.5917, 51.664], [14.6792, 51.625], [14.6784, 51.6174], [14.642, 51.6119], [14.6212, 51.6199], [14.6115, 51.6049], [14.592, 51.5994], [14.5757, 51.6131], [14.5549, 51.6118], [14.542, 51.5809], [14.6059, 51.5379], [14.65, 51.5292], [14.6406, 51.4966], [14.616, 51.495], [14.6459, 51.4862], [14.6509, 51.4715], [14.7073, 51.4659], [14.7298, 51.4299], [14.7262, 51.4203], [14.7743, 51.4256], [14.8034, 51.4161], [14.9157, 51.4161], [14.9208, 51.4015], [14.909, 51.3949], [14.9036, 51.3799], [14.9131, 51.352], [14.9434, 51.3045], [14.9667, 51.3042], [14.9881, 51.2801], [14.9828, 51.2674], [14.9922, 51.2613], [14.9911, 51.2478], [14.9536, 51.1948], [14.9672, 51.1741], [14.9506, 51.1616], [14.9408, 51.1299], [14.9301, 51.1285], [14.9083, 51.0958], [14.822, 51.0786], [14.7833, 51.0833], [14.7575, 51.055], [14.6926, 51.041], [14.675, 51.0125], [14.6434, 51.008], [14.62, 50.9675], [14.5726, 50.967], [14.5233, 50.9837], [14.4941, 50.967], [14.4583, 50.9667], [14.4687, 50.9381], [14.5117, 50.9325], [14.5133, 50.9216], [14.5506, 50.9111], [14.5101, 50.8996], [14.5042, 50.8917], [14.509, 50.8717], [14.5283, 50.8743], [14.5387, 50.8536], [14.5647, 50.8578], [14.5875, 50.8375], [14.6116, 50.8425], [14.6186, 50.8536], [14.6549, 50.8453], [14.6667, 50.8542], [14.6853, 50.8381], [14.7157, 50.8369], [14.7208, 50.825], [14.7824, 50.8369], [14.8076, 50.8119], [14.8397, 50.8161], [14.8875, 50.7875], [14.9042, 50.7875], [14.9001, 50.7765], [14.9186, 50.7589], [14.9451, 50.7453], [14.9689, 50.7494], [14.9785, 50.7449], [14.9792, 50.7333], [15.0051, 50.7174], [15.0576, 50.6953], [15.0741, 50.6965], [15.0909, 50.7089], [15.2083, 50.7042], [15.2142, 50.7121], [15.2333, 50.7125], [15.2378, 50.7655], [15.2061, 50.7714], [15.1908, 50.7868], [15.1561, 50.7964], [15.1462, 50.8149], [15.1583, 50.8375], [15.1771, 50.8458], [15.2083, 50.8292], [15.2309, 50.8371], [15.2958, 50.8375], [15.2952, 50.8533], [15.284, 50.8593], [15.2797, 50.8728], [15.2792, 50.8917], [15.3647, 50.8744], [15.4064, 50.8578], [15.4167, 50.85], [15.4119, 50.8259], [15.4271, 50.8244], [15.4419, 50.8051], [15.4941, 50.7871], [15.5104, 50.7917], [15.5351, 50.7754], [15.598, 50.7786], [15.6493, 50.7578], [15.6833, 50.7542], [15.6926, 50.7381], [15.7229, 50.7454], [15.7324, 50.7369], [15.7522, 50.7381], [15.82, 50.7534], [15.8292, 50.7417], [15.83, 50.7217], [15.8536, 50.7022], [15.8625, 50.6708], [15.8909, 50.6578], [15.9158, 50.6675], [15.9243, 50.6797], [15.9533, 50.6743], [15.9554, 50.6661], [15.9951, 50.6756], [16.0103, 50.6506], [16.025, 50.6542], [16.0491, 50.6411], [16.0658, 50.6451], [16.0708, 50.6375], [16.099, 50.6465], [16.115, 50.6795], [16.1441, 50.6788], [16.15, 50.675], [16.1423, 50.6646], [16.1471, 50.6542], [16.1663, 50.6449], [16.1805, 50.6166], [16.2034, 50.6031], [16.205, 50.5827], [16.2331, 50.5882], [16.2533, 50.5825], [16.2913, 50.549], [16.3053, 50.5164], [16.311, 50.5208], [16.3325, 50.4991], [16.3375, 50.4833], [16.325, 50.4708], [16.3368, 50.4701], [16.3382, 50.4145], [16.367, 50.3642], [16.3625, 50.3458], [16.4, 50.3125], [16.4129, 50.3275], [16.4087, 50.3525], [16.4333, 50.3667], [16.4384, 50.3506], [16.4703, 50.3272], [16.4884, 50.2924], [16.5284, 50.2703], [16.5574, 50.2701], [16.5676, 50.2215], [16.5922, 50.2155], [16.5828, 50.2009], [16.5882, 50.1801], [16.6051, 50.159], [16.6287, 50.1479], [16.625, 50.1167], [16.7108, 50.1004], [16.7309, 50.1246], [16.7875, 50.1542], [16.7881, 50.0936], [16.7964, 50.0843], [16.7911, 50.0716], [16.8083, 50.0542], [16.7748, 50.0493], [16.7313, 50.0619], [16.7146, 50.0507], [16.6954, 50.0492], [16.7035, 50.0396], [16.7049, 50.0177], [16.7124, 50.0154], [16.7083, 50.0083], [16.655, 50.0035], [16.6499, 49.9887], [16.6147, 49.959], [16.5458, 49.9667], [16.5272, 49.9506], [16.5, 49.9417], [16.5204, 49.8979], [16.5119, 49.8757], [16.5172, 49.8561], [16.5384, 49.8299], [16.5663, 49.8233], [16.567, 49.7809], [16.5792, 49.7563], [16.5691, 49.742], [16.548, 49.7536], [16.5116, 49.7494], [16.4953, 49.7772], [16.4699, 49.7964], [16.4493, 49.7869], [16.4095, 49.7964], [16.4078, 49.777], [16.388, 49.7479], [16.3919, 49.7428], [16.3625, 49.7083], [16.2787, 49.7381], [16.2495, 49.7285], [16.2368, 49.734], [16.2243, 49.7244], [16.205, 49.7341], [16.1941, 49.7538], [16.1691, 49.7496], [16.1524, 49.7621], [16.1176, 49.7619], [16.1167, 49.7417], [16.0855, 49.7256], [16.0679, 49.7244], [16.048, 49.7411], [16.0208, 49.7375], [16.0242, 49.7258], [16.0064, 49.7131], [15.9581, 49.6989], [15.9659, 49.6759], [15.9458, 49.6667]]]}}, {"type": "Feature", "properties": {"id": "weser", "name": "Weser", "country": "Germany"}, "geometry": {"type": "Polygon", "coordinates": [[[10.2292, 51.3125], [10.2743, 51.2783], [10.2797, 51.2478], [10.3037, 51.2229], [10.3012, 51.2127], [10.3167, 51.2083], [10.316, 51.1967], [10.3042, 51.1917], [10.3083, 51.1833], [10.3367, 51.1743], [10.3843, 51.1049], [10.395, 51.1034], [10.3966, 51.0926], [10.4062, 51.0881], [10.4892, 51.0587], [10.5316, 51.067], [10.5691, 51.0621], [10.6309, 51.0379], [10.6605, 51.0369], [10.6728, 51.0256], [10.7118, 51.0203], [10.7371, 51.0301], [10.752, 51.0453], [10.7816, 51.0496], [10.7934, 51.0379], [10.8375, 51.0208], [10.8479, 51.0], [10.9191, 51.0038], [10.9545, 50.985], [10.9417, 50.95], [10.9272, 50.9464], [10.8743, 50.9411], [10.8551, 50.9465], [10.8533, 50.9536], [10.7618, 50.9631], [10.725, 50.9542], [10.7254, 50.9434], [10.7504, 50.9184], [10.7316, 50.8962], [10.7184, 50.8955], [10.7078, 50.8841], [10.7208, 50.8667], [10.7061, 50.8661], [10.6564, 50.8381], [10.6092, 50.8327], [10.5991, 50.8174], [10.5814, 50.8089], [10.5458, 50.8083], [10.5329, 50.7841], [10.5622, 50.7826], [10.5676, 50.7504], [10.5812, 50.7382], [10.6188, 50.7417], [10.65, 50.725], [10.6551, 50.7131], [10.7208, 50.7], [10.7434, 50.6587], [10.7708, 50.6583], [10.7809, 50.6379], [10.8064, 50.6369], [10.8467, 50.6048], [10.8949, 50.6118], [10.9092, 50.5924], [10.9375, 50.5833], [10.9327, 50.567], [10.9466, 50.5216], [10.962, 50.52], [10.9787, 50.5034], [10.9883, 50.4799], [11.0417, 50.4708], [11.0407, 50.4629], [11.0091, 50.4453], [10.9895, 50.4494], [10.9453, 50.4321], [10.9583, 50.3958], [10.9187, 50.3911], [10.9083, 50.3818], [10.9213, 50.3677], [10.92, 50.359], [10.8995, 50.3577], [10.7855, 50.3869], [10.7493, 50.3922], [10.7409, 50.3869], [10.7241, 50.4035], [10.6895, 50.4089], [10.672, 50.4214], [10.5926, 50.4122], [10.5729, 50.45], [10.5316, 50.4371], [10.4983, 50.458], [10.4754, 50.4483], [10.4746, 50.4184], [10.4604, 50.4042], [10.4383, 50.4175], [10.4423, 50.4424], [10.4326, 50.4659], [10.3843, 50.4799], [10.3696, 50.5002], [10.3521, 50.4839], [10.3368, 50.4827], [10.3272, 50.491], [10.276, 50.501], [10.2656, 50.5201], [10.2507, 50.5216], [10.2488, 50.5376], [10.2135, 50.5369], [10.2036, 50.5575], [10.1829, 50.5631], [10.1507, 50.5466], [10.15, 50.5583], [10.0875, 50.575], [10.0774, 50.5629], [10.0551, 50.5577], [10.0494, 50.5429], [10.0714, 50.52], [10.0507, 50.5074], [10.0243, 50.4634], [9.9811, 50.4578], [9.9615, 50.4256], [9.9386, 50.4294], [9.925, 50.4125], [9.8816, 50.3962], [9.8375, 50.4], [9.8147, 50.3881], [9.7509, 50.3869], [9.7257, 50.3661], [9.6396, 50.3829], [9.5409, 50.3786], [9.5034, 50.3881], [9.4951, 50.3828], [9.484, 50.3884], [9.487, 50.4104], [9.4786, 50.4363], [9.4881, 50.4405], [9.4647, 50.4494], [9.4118, 50.4453], [9.4042, 50.4542], [9.3226, 50.4545], [9.2892, 50.467], [9.2703, 50.4991], [9.2375, 50.5167], [9.2375, 50.5292], [9.2292, 50.5292], [9.2256, 50.5689], [9.25, 50.6], [9.2215, 50.6259], [9.2025, 50.658], [9.1809, 50.6587], [9.167, 50.6684], [9.1625, 50.7042], [9.192, 50.7697], [9.1689, 50.7869], [9.151, 50.7879], [9.1506, 50.8071], [9.1375, 50.8167], [9.1032, 50.8256], [9.0939, 50.8172], [9.0616, 50.8161], [9.0468, 50.8383], [9.0619, 50.8603], [9.0631, 50.8757], [9.0547, 50.8895], [9.0589, 50.9132], [9.05, 50.9375], [9.0375, 50.9417], [9.0369, 50.9533], [9.0255, 50.9604], [9.0329, 50.9896], [9.0161, 51.0243], [9.0292, 51.0375], [9.025, 51.0667], [8.9816, 51.0621], [8.9458, 51.075], [8.923, 51.0464], [8.8811, 51.0453], [8.8716, 51.0366], [8.8699, 51.0173], [8.8551, 51.016], [8.8366, 50.9923], [8.7884, 50.9923], [8.7741, 51.016], [8.7534, 51.0214], [8.7189, 51.0089], [8.7062, 51.012], [8.6771, 50.9963], [8.6576, 51.0047], [8.6521, 51.0005], [8.6458, 51.0083], [8.6164, 51.0033], [8.6257, 50.9831], [8.5967, 50.97], [8.5999, 50.9554], [8.5896, 50.9506], [8.4892, 50.9629], [8.4729, 50.975], [8.4479, 50.9671], [8.3833, 50.9917], [8.3783, 50.9839], [8.3409, 50.9786], [8.2978, 50.9869], [8.2715, 50.9699], [8.2538, 50.9385], [8.2167, 50.9458], [8.2046, 50.9328], [8.1872, 50.9342], [8.1869, 50.9521], [8.1698, 50.9743], [8.1583, 50.975], [8.1625, 51.0], [8.1759, 51.016], [8.191, 51.0177], [8.1923, 51.0338], [8.1661, 51.0513], [8.1674, 51.0618], [8.2022, 51.0715], [8.2167, 51.0875], [8.2283, 51.0831], [8.2354, 51.1036], [8.2747, 51.1048], [8.3434, 51.0913], [8.3733, 51.1045], [8.3976, 51.1288], [8.4524, 51.1462], [8.4667, 51.1625], [8.4825, 51.1675], [8.4988, 51.192], [8.5066, 51.1879], [8.5601, 51.2163], [8.5983, 51.2254], [8.6042, 51.2458], [8.5591, 51.2634], [8.5672, 51.2882], [8.5536, 51.3174], [8.566, 51.3259], [8.5672, 51.3426], [8.5583, 51.3583], [8.5701, 51.3634], [8.5715, 51.3741], [8.6397, 51.3881], [8.6561, 51.4036], [8.6824, 51.409], [8.6884, 51.4241], [8.702, 51.4328], [8.7691, 51.4462], [8.8059, 51.4746], [8.8208, 51.475], [8.8309, 51.4913], [8.8524, 51.4962], [8.8885, 51.5326], [8.9201, 51.534], [8.9302, 51.5619], [8.9689, 51.5631], [9.0116, 51.5757], [9.0125, 51.5917], [8.9923, 51.6009], [8.9961, 51.6197], [8.977, 51.6256], [8.9703, 51.6363], [8.9839, 51.6507], [8.9712, 51.6816], [9.0, 51.6958], [8.9833, 51.7438], [8.9917, 51.7521], [8.9712, 51.7684], [8.95, 51.8125], [8.9353, 51.8131], [8.9175, 51.8259], [8.9297, 51.8385], [8.916, 51.8533], [8.8854, 51.8662], [8.8637, 51.8619], [8.8534, 51.8908], [8.8216, 51.8924], [8.82, 51.9033], [8.7925, 51.9134], [8.7908, 51.9201], [8.6978, 51.9422], [8.6522, 51.9661], [8.55, 51.9833], [8.5145, 51.9964], [8.5027, 52.0208], [8.4701, 52.0161], [8.452, 52.0214], [8.4075, 52.0575], [8.3884, 52.0632], [8.3824, 52.0785], [8.3542, 52.0792], [8.3491, 52.091], [8.3326, 52.0964], [8.3179, 52.0828], [8.3009, 52.0881], [8.2824, 52.116], [8.2667, 52.1208], [8.2895, 52.1411], [8.3327, 52.1551], [8.3422, 52.1843], [8.3328, 52.1966], [8.3382, 52.2158], [8.3616, 52.2297], [8.3708, 52.2458], [8.3608, 52.2538], [8.3375, 52.2542], [8.3375, 52.2625], [8.352, 52.2744], [8.3701, 52.2757], [8.3715, 52.2906], [8.2889, 52.3173], [8.2865, 52.3091], [8.2705, 52.3077], [8.1997, 52.3215], [8.1917, 52.3167], [8.1917, 52.3333], [8.1784, 52.3535], [8.1145, 52.359], [8.0833, 52.3708], [8.0885, 52.3826], [8.1296, 52.3923], [8.1379, 52.3869], [8.1533, 52.3961], [8.1619, 52.4229], [8.1453, 52.4411], [8.1467, 52.4545], [8.1552, 52.4424], [8.1756, 52.4486], [8.1674, 52.451], [8.1715, 52.4861], [8.1426, 52.5051], [8.1375, 52.5208], [8.1593, 52.5369], [8.1866, 52.5384], [8.1884, 52.5452], [8.225, 52.5542], [8.2259, 52.5702], [8.2534, 52.5843], [8.2589, 52.6009], [8.2536, 52.6509], [8.2702, 52.6718], [8.2715, 52.6866], [8.2908, 52.6967], [8.3006, 52.723], [8.3128, 52.7303], [8.288, 52.7646], [8.2964, 52.7882], [8.2908, 52.7994], [8.2259, 52.8215], [8.1941, 52.8496], [8.1292, 52.8625], [8.145, 52.8717], [8.1452, 52.8938], [8.1203, 52.92], [8.1049, 52.9258], [8.1034, 52.9448], [8.0881, 52.9604], [8.0869, 53.0074], [8.1031, 53.0091], [8.1177, 53.0284], [8.1326, 53.0299], [8.134, 53.0448], [8.1202, 53.0506], [8.1381, 53.0712], [8.1092, 53.0878], [8.1076, 53.1033], [8.0674, 53.1133], [8.0708, 53.1488], [8.0583, 53.1583], [8.0634, 53.1826], [8.123, 53.2047], [8.1542, 53.2375], [8.2157, 53.2422], [8.2366, 53.2342], [8.2478, 53.2494], [8.2741, 53.2592], [8.2884, 53.3077], [8.3, 53.3083], [8.3045, 53.335], [8.2958, 53.35], [8.3233, 53.367], [8.3647, 53.3672], [8.3782, 53.3797], [8.4047, 53.3696], [8.3956, 53.3655], [8.402, 53.3422], [8.4689, 53.3453], [8.4894, 53.3297], [8.4958, 53.3375], [8.5083, 53.3333], [8.509, 53.3051], [8.5422, 53.2841], [8.5299, 53.2258], [8.5495, 53.2242], [8.5583, 53.2125], [8.5896, 53.225], [8.5975, 53.2205], [8.6208, 53.2417], [8.6478, 53.2494], [8.6716, 53.2453], [8.7199, 53.2631], [8.7259, 53.2549], [8.7542, 53.25], [8.7411, 53.2845], [8.7547, 53.3052], [8.7375, 53.3125], [8.7551, 53.3368], [8.7863, 53.3286], [8.801, 53.3536], [8.8314, 53.3547], [8.8811, 53.3786], [8.9314, 53.3797], [8.9592, 53.4035], [8.9779, 53.3998], [8.9917, 53.4083], [8.9924, 53.4008], [9.016, 53.391], [9.0396, 53.4036], [9.0912, 53.3783], [9.1, 53.3625], [9.0929, 53.3453], [9.123, 53.3494], [9.1408, 53.3286], [9.1479, 53.3329], [9.1782, 53.3201], [9.1826, 53.305], [9.1425, 53.2866], [9.1375, 53.275], [9.1427, 53.2577], [9.1577, 53.2673], [9.173, 53.266], [9.1826, 53.2615], [9.1842, 53.2452], [9.2251, 53.2446], [9.2167, 53.2167], [9.2326, 53.2036], [9.2426, 53.2161], [9.2993, 53.2214], [9.3561, 53.1839], [9.4064, 53.1911], [9.416, 53.1866], [9.4175, 53.1706], [9.4564, 53.1881], [9.4718, 53.2077], [9.4991, 53.2134], [9.525, 53.2542], [9.5451, 53.2589], [9.5574, 53.2577], [9.5595, 53.2494], [9.5814, 53.2506], [9.5938, 53.2579], [9.6333, 53.2292], [9.6437, 53.2369], [9.703, 53.2333], [9.7097, 53.2458], [9.7282, 53.241], [9.7333, 53.2625], [9.7534, 53.2618], [9.7549, 53.251], [9.7785, 53.2355], [9.7911, 53.2077], [9.8079, 53.2131], [9.8333, 53.2083], [9.8851, 53.1754], [9.9083, 53.1708], [9.9076, 53.1633], [9.8837, 53.1575], [9.8785, 53.1505], [9.884, 53.138], [9.8676, 53.1173], [9.9033, 53.1119], [9.909, 53.0885], [9.9691, 53.0371], [9.9854, 53.05], [10.0024, 53.0462], [10.0108, 53.0545], [10.0208, 53.05], [10.0458, 53.0583], [10.0708, 53.0708], [10.075, 53.0833], [10.1073, 53.0784], [10.127, 53.059], [10.1493, 53.0576], [10.15, 53.0458], [10.1899, 53.0455], [10.1976, 53.0379], [10.25, 53.0292], [10.2494, 53.0061], [10.2375, 52.9833], [10.2133, 52.9827], [10.2077, 52.9628], [10.2217, 52.9171], [10.2327, 52.9077], [10.2955, 52.9298], [10.3062, 52.9173], [10.3625, 52.8917], [10.3741, 52.8759], [10.3452, 52.8615], [10.3509, 52.8299], [10.3686, 52.8214], [10.3979, 52.8329], [10.4646, 52.8329], [10.4917, 52.8146], [10.483, 52.8059], [10.4833, 52.7875], [10.5375, 52.7708], [10.5451, 52.7797], [10.573, 52.7786], [10.5824, 52.7703], [10.6701, 52.7797], [10.6951, 52.7703], [10.7368, 52.7881], [10.7429, 52.7786], [10.7564, 52.7797], [10.8042, 52.8], [10.8007, 52.7549], [10.8365, 52.7452], [10.8521, 52.7296], [10.8623, 52.7321], [10.8785, 52.7158], [10.8801, 52.7007], [10.9083, 52.6958], [10.9045, 52.6767], [10.9233, 52.6621], [10.9525, 52.6621], [10.9629, 52.6475], [10.9587, 52.6309], [10.965, 52.6246], [10.9941, 52.6254], [11.0021, 52.6333], [11.0125, 52.625], [11.0125, 52.5833], [11.0397, 52.5881], [11.0637, 52.6089], [11.0868, 52.6036], [11.1061, 52.6119], [11.1167, 52.6125], [11.1343, 52.5923], [11.1521, 52.588], [11.1708, 52.6], [11.1991, 52.5951], [11.2214, 52.5591], [11.2116, 52.5423], [11.198, 52.5297], [11.1717, 52.5286], [11.1696, 52.5203], [11.139, 52.5292], [11.1327, 52.5051], [11.1119, 52.4946], [11.1134, 52.4718], [11.1215, 52.4695], [11.1156, 52.4545], [11.0952, 52.4448], [11.0968, 52.4327], [11.1188, 52.4411], [11.1291, 52.4363], [11.134, 52.3968], [11.1434, 52.392], [11.2483, 52.383], [11.2994, 52.3397], [11.3044, 52.3261], [11.2843, 52.3078], [11.2633, 52.3115], [11.2578, 52.3007], [11.2625, 52.2932], [11.2354, 52.275], [11.2233, 52.2795], [11.2, 52.2667], [11.1875, 52.2458], [11.2271, 52.2257], [11.2576, 52.2243], [11.2591, 52.1961], [11.3125, 52.1667], [11.2991, 52.1384], [11.2799, 52.1282], [11.2699, 52.1008], [11.2589, 52.0992], [11.2492, 52.0798], [11.225, 52.0792], [11.1583, 52.1208], [11.1535, 52.1563], [11.1174, 52.1718], [11.1159, 52.1867], [11.105, 52.1883], [11.1034, 52.199], [11.0767, 52.2038], [11.0462, 52.1744], [11.026, 52.1757], [11.0188, 52.1869], [11.001, 52.1882], [10.9837, 52.2048], [10.9674, 52.2034], [10.9658, 52.1872], [10.9587, 52.1923], [10.938, 52.1867], [10.9128, 52.1494], [10.8792, 52.1625], [10.852, 52.1619], [10.8333, 52.1375], [10.8108, 52.142], [10.7774, 52.1212], [10.6881, 52.1199], [10.6826, 52.0674], [10.6667, 52.0667], [10.6799, 52.0216], [10.723, 52.0119], [10.749, 51.9952], [10.7703, 51.9689], [10.7715, 51.955], [10.8033, 51.9493], [10.8089, 51.9382], [10.7921, 51.9104], [10.7953, 51.8811], [10.7382, 51.849], [10.7368, 51.8299], [10.6938, 51.8131], [10.6747, 51.8215], [10.6583, 51.8042], [10.6467, 51.8033], [10.6385, 51.787], [10.6083, 51.8], [10.5941, 51.7879], [10.575, 51.7875], [10.5667, 51.7438], [10.5958, 51.6792], [10.5645, 51.6661], [10.5369, 51.6259], [10.5008, 51.616], [10.4914, 51.5969], [10.475, 51.5875], [10.4869, 51.5772], [10.4864, 51.567], [10.4633, 51.5576], [10.4491, 51.5132], [10.4021, 51.512], [10.3742, 51.4755], [10.3539, 51.4657], [10.358, 51.4517], [10.3496, 51.4392], [10.3538, 51.4184], [10.3458, 51.4125], [10.3455, 51.3975], [10.3087, 51.3774], [10.3042, 51.3542], [10.2801, 51.3494], [10.2292, 51.3125]]]}}]}